CWD: C:\Mingo\01_San_pham\cong_cu_phat_trien\mingo_ui
Command: C:\Dev\flutter-3.32.8\bin\flutter.BAT test test/fixture_test.dart test/independent_test.dart test/presentation_test.dart --reporter json --no-pub
{"protocolVersion":"0.1.1","runnerVersion":null,"pid":23704,"type":"start","time":0}
{"suite":{"id":0,"platform":"vm","path":"C:/Mingo/01_San_pham/cong_cu_phat_trien/mingo_ui/test/fixture_test.dart"},"type":"suite","time":0}
{"test":{"id":1,"name":"loading C:/Mingo/01_San_pham/cong_cu_phat_trien/mingo_ui/test/fixture_test.dart","suiteID":0,"groupIDs":[],"metadata":{"skip":false,"skipReason":null},"line":null,"column":null,"url":null},"type":"testStart","time":1}
{"suite":{"id":2,"platform":"vm","path":"C:/Mingo/01_San_pham/cong_cu_phat_trien/mingo_ui/test/independent_test.dart"},"type":"suite","time":5}
{"test":{"id":3,"name":"loading C:/Mingo/01_San_pham/cong_cu_phat_trien/mingo_ui/test/independent_test.dart","suiteID":2,"groupIDs":[],"metadata":{"skip":false,"skipReason":null},"line":null,"column":null,"url":null},"type":"testStart","time":5}
{"suite":{"id":4,"platform":"vm","path":"C:/Mingo/01_San_pham/cong_cu_phat_trien/mingo_ui/test/presentation_test.dart"},"type":"suite","time":6}
{"test":{"id":5,"name":"loading C:/Mingo/01_San_pham/cong_cu_phat_trien/mingo_ui/test/presentation_test.dart","suiteID":4,"groupIDs":[],"metadata":{"skip":false,"skipReason":null},"line":null,"column":null,"url":null},"type":"testStart","time":7}
{"count":3,"time":7,"type":"allSuites"}
{"testID":1,"result":"success","skipped":false,"hidden":true,"type":"testDone","time":18821}
{"group":{"id":6,"suiteID":0,"parentID":null,"name":"","metadata":{"skip":false,"skipReason":null},"testCount":12,"line":null,"column":null,"url":null},"type":"group","time":18824}
{"test":{"id":7,"name":"sample audio request budget is bounded and does not imply listening","suiteID":0,"groupIDs":[6],"metadata":{"skip":false,"skipReason":null},"line":6,"column":3,"url":"file:///C:/Mingo/01_San_pham/cong_cu_phat_trien/mingo_ui/test/fixture_test.dart"},"type":"testStart","time":18824}
{"testID":7,"result":"success","skipped":false,"hidden":false,"type":"testDone","time":18862}
{"test":{"id":8,"name":"failed sample audio remains an error, never a successful assessment","suiteID":0,"groupIDs":[6],"metadata":{"skip":false,"skipReason":null},"line":25,"column":3,"url":"file:///C:/Mingo/01_San_pham/cong_cu_phat_trien/mingo_ui/test/fixture_test.dart"},"type":"testStart","time":18863}
{"testID":8,"result":"success","skipped":false,"hidden":false,"type":"testDone","time":18870}
{"test":{"id":9,"name":"grammar and listening sample answer keys match task-specific explanation","suiteID":0,"groupIDs":[6],"metadata":{"skip":false,"skipReason":null},"line":39,"column":3,"url":"file:///C:/Mingo/01_San_pham/cong_cu_phat_trien/mingo_ui/test/fixture_test.dart"},"type":"testStart","time":18871}
{"testID":9,"result":"success","skipped":false,"hidden":false,"type":"testDone","time":18878}
{"test":{"id":10,"name":"all catalogue routes resolve, including exact query and dynamic fixtures","suiteID":0,"groupIDs":[6],"metadata":{"skip":false,"skipReason":null},"line":57,"column":3,"url":"file:///C:/Mingo/01_San_pham/cong_cu_phat_trien/mingo_ui/test/fixture_test.dart"},"type":"testStart","time":18879}
{"testID":10,"result":"success","skipped":false,"hidden":false,"type":"testDone","time":18907}
{"test":{"id":11,"name":"first wrong answer survives a correct bounded practice retry","suiteID":0,"groupIDs":[6],"metadata":{"skip":false,"skipReason":null},"line":68,"column":3,"url":"file:///C:/Mingo/01_San_pham/cong_cu_phat_trien/mingo_ui/test/fixture_test.dart"},"type":"testStart","time":18907}
{"testID":11,"result":"success","skipped":false,"hidden":false,"type":"testDone","time":18915}
{"test":{"id":12,"name":"hint marks practice as assisted","suiteID":0,"groupIDs":[6],"metadata":{"skip":false,"skipReason":null},"line":81,"column":3,"url":"file:///C:/Mingo/01_San_pham/cong_cu_phat_trien/mingo_ui/test/fixture_test.dart"},"type":"testStart","time":18915}
{"testID":12,"result":"success","skipped":false,"hidden":false,"type":"testDone","time":18920}
{"test":{"id":13,"name":"Check has neither hints nor retries nor skip","suiteID":0,"groupIDs":[6],"metadata":{"skip":false,"skipReason":null},"line":88,"column":3,"url":"file:///C:/Mingo/01_San_pham/cong_cu_phat_trien/mingo_ui/test/fixture_test.dart"},"type":"testStart","time":18920}
{"testID":13,"result":"success","skipped":false,"hidden":false,"type":"testDone","time":18925}
{"test":{"id":14,"name":"missing selection and duplicate submission add no response","suiteID":0,"groupIDs":[6],"metadata":{"skip":false,"skipReason":null},"line":97,"column":3,"url":"file:///C:/Mingo/01_San_pham/cong_cu_phat_trien/mingo_ui/test/fixture_test.dart"},"type":"testStart","time":18925}
{"testID":14,"result":"success","skipped":false,"hidden":false,"type":"testDone","time":18929}
{"test":{"id":15,"name":"skip is not a response or completion","suiteID":0,"groupIDs":[6],"metadata":{"skip":false,"skipReason":null},"line":105,"column":3,"url":"file:///C:/Mingo/01_San_pham/cong_cu_phat_trien/mingo_ui/test/fixture_test.dart"},"type":"testStart","time":18930}
{"testID":15,"result":"success","skipped":false,"hidden":false,"type":"testDone","time":18934}
{"test":{"id":16,"name":"published fixture cannot be changed through editable draft","suiteID":0,"groupIDs":[6],"metadata":{"skip":false,"skipReason":null},"line":112,"column":3,"url":"file:///C:/Mingo/01_San_pham/cong_cu_phat_trien/mingo_ui/test/fixture_test.dart"},"type":"testStart","time":18934}
{"testID":16,"result":"success","skipped":false,"hidden":false,"type":"testDone","time":18939}
{"test":{"id":17,"name":"fallback remains explainable when recommendation is disabled","suiteID":0,"groupIDs":[6],"metadata":{"skip":false,"skipReason":null},"line":124,"column":3,"url":"file:///C:/Mingo/01_San_pham/cong_cu_phat_trien/mingo_ui/test/fixture_test.dart"},"type":"testStart","time":18940}
{"testID":17,"result":"success","skipped":false,"hidden":false,"type":"testDone","time":18944}
{"test":{"id":18,"name":"token foregrounds meet normal text contrast","suiteID":0,"groupIDs":[6],"metadata":{"skip":false,"skipReason":null},"line":134,"column":3,"url":"file:///C:/Mingo/01_San_pham/cong_cu_phat_trien/mingo_ui/test/fixture_test.dart"},"type":"testStart","time":18945}
{"testID":18,"result":"success","skipped":false,"hidden":false,"type":"testDone","time":18953}
{"testID":3,"result":"success","skipped":false,"hidden":true,"type":"testDone","time":18991}
{"group":{"id":19,"suiteID":2,"parentID":null,"name":"","metadata":{"skip":false,"skipReason":null},"testCount":5,"line":null,"column":null,"url":null},"type":"group","time":18991}
{"test":{"id":20,"name":"(setUpAll)","suiteID":2,"groupIDs":[19],"metadata":{"skip":false,"skipReason":null},"line":15,"column":3,"url":"file:///C:/Mingo/01_San_pham/cong_cu_phat_trien/mingo_ui/test/independent_test.dart"},"type":"testStart","time":18991}
{"testID":20,"result":"success","skipped":false,"hidden":true,"type":"testDone","time":19044}
{"test":{"id":21,"name":"IV-01 PRD-02 Check first response cannot be rewritten by a late answer tap","suiteID":2,"groupIDs":[19],"metadata":{"skip":false,"skipReason":null},"line":175,"column":5,"url":"package:flutter_test/src/widget_tester.dart","root_line":21,"root_column":3,"root_url":"file:///C:/Mingo/01_San_pham/cong_cu_phat_trien/mingo_ui/test/independent_test.dart"},"type":"testStart","time":19045}
{"testID":5,"result":"success","skipped":false,"hidden":true,"type":"testDone","time":19982}
{"group":{"id":22,"suiteID":4,"parentID":null,"name":"","metadata":{"skip":false,"skipReason":null},"testCount":215,"line":null,"column":null,"url":null},"type":"group","time":19983}
{"test":{"id":23,"name":"(setUpAll)","suiteID":4,"groupIDs":[22],"metadata":{"skip":false,"skipReason":null},"line":61,"column":3,"url":"file:///C:/Mingo/01_San_pham/cong_cu_phat_trien/mingo_ui/test/presentation_test.dart"},"type":"testStart","time":19983}
{"testID":23,"result":"success","skipped":false,"hidden":true,"type":"testDone","time":20024}
{"test":{"id":24,"name":"changing lesson family resets to the selected vocabulary task; search finds grammar","suiteID":4,"groupIDs":[22],"metadata":{"skip":false,"skipReason":null},"line":175,"column":5,"url":"package:flutter_test/src/widget_tester.dart","root_line":62,"root_column":3,"root_url":"file:///C:/Mingo/01_San_pham/cong_cu_phat_trien/mingo_ui/test/presentation_test.dart"},"type":"testStart","time":20025}
{"testID":21,"result":"success","skipped":false,"hidden":false,"type":"testDone","time":20276}
{"test":{"id":25,"name":"IV-02 PRD-04 skip then Android Back does not manufacture correct feedback","suiteID":2,"groupIDs":[19],"metadata":{"skip":false,"skipReason":null},"line":175,"column":5,"url":"package:flutter_test/src/widget_tester.dart","root_line":38,"root_column":3,"root_url":"file:///C:/Mingo/01_San_pham/cong_cu_phat_trien/mingo_ui/test/independent_test.dart"},"type":"testStart","time":20276}
{"testID":25,"result":"success","skipped":false,"hidden":false,"type":"testDone","time":20539}
{"test":{"id":26,"name":"IV-03 PRD-14 direct confirmation without review evidence stays blocked","suiteID":2,"groupIDs":[19],"metadata":{"skip":false,"skipReason":null},"line":175,"column":5,"url":"package:flutter_test/src/widget_tester.dart","root_line":57,"root_column":3,"root_url":"file:///C:/Mingo/01_San_pham/cong_cu_phat_trien/mingo_ui/test/independent_test.dart"},"type":"testStart","time":20540}
{"testID":26,"result":"success","skipped":false,"hidden":false,"type":"testDone","time":20757}
{"test":{"id":27,"name":"IV-04 V3 security missing evidence does not expose fabricated learner answers","suiteID":2,"groupIDs":[19],"metadata":{"skip":false,"skipReason":null},"line":175,"column":5,"url":"package:flutter_test/src/widget_tester.dart","root_line":74,"root_column":3,"root_url":"file:///C:/Mingo/01_San_pham/cong_cu_phat_trien/mingo_ui/test/independent_test.dart"},"type":"testStart","time":20757}
{"testID":27,"result":"success","skipped":false,"hidden":false,"type":"testDone","time":20817}
{"test":{"id":28,"name":"IV-05 PRD-16 recommendation outage retains a usable curriculum next step","suiteID":2,"groupIDs":[19],"metadata":{"skip":false,"skipReason":null},"line":175,"column":5,"url":"package:flutter_test/src/widget_tester.dart","root_line":88,"root_column":3,"root_url":"file:///C:/Mingo/01_San_pham/cong_cu_phat_trien/mingo_ui/test/independent_test.dart"},"type":"testStart","time":20817}
{"testID":28,"result":"success","skipped":false,"hidden":false,"type":"testDone","time":21019}
{"test":{"id":29,"name":"(tearDownAll)","suiteID":2,"groupIDs":[19],"metadata":{"skip":false,"skipReason":null},"line":null,"column":null,"url":null},"type":"testStart","time":21019}
{"testID":29,"result":"success","skipped":false,"hidden":true,"type":"testDone","time":21023}
{"testID":24,"result":"success","skipped":false,"hidden":false,"type":"testDone","time":21836}
{"test":{"id":30,"name":"L-002 essential semantics labels targets and contrast","suiteID":4,"groupIDs":[22],"metadata":{"skip":false,"skipReason":null},"line":175,"column":5,"url":"package:flutter_test/src/widget_tester.dart","root_line":82,"root_column":5,"root_url":"file:///C:/Mingo/01_San_pham/cong_cu_phat_trien/mingo_ui/test/presentation_test.dart"},"type":"testStart","time":21836}
{"testID":30,"result":"success","skipped":false,"hidden":false,"type":"testDone","time":22078}
{"test":{"id":31,"name":"L-024 essential semantics labels targets and contrast","suiteID":4,"groupIDs":[22],"metadata":{"skip":false,"skipReason":null},"line":175,"column":5,"url":"package:flutter_test/src/widget_tester.dart","root_line":82,"root_column":5,"root_url":"file:///C:/Mingo/01_San_pham/cong_cu_phat_trien/mingo_ui/test/presentation_test.dart"},"type":"testStart","time":22079}
{"testID":31,"result":"success","skipped":false,"hidden":false,"type":"testDone","time":22191}
{"test":{"id":32,"name":"L-072 essential semantics labels targets and contrast","suiteID":4,"groupIDs":[22],"metadata":{"skip":false,"skipReason":null},"line":175,"column":5,"url":"package:flutter_test/src/widget_tester.dart","root_line":82,"root_column":5,"root_url":"file:///C:/Mingo/01_San_pham/cong_cu_phat_trien/mingo_ui/test/presentation_test.dart"},"type":"testStart","time":22191}
{"testID":32,"result":"success","skipped":false,"hidden":false,"type":"testDone","time":22339}
{"test":{"id":33,"name":"S-010 essential semantics labels targets and contrast","suiteID":4,"groupIDs":[22],"metadata":{"skip":false,"skipReason":null},"line":175,"column":5,"url":"package:flutter_test/src/widget_tester.dart","root_line":82,"root_column":5,"root_url":"file:///C:/Mingo/01_San_pham/cong_cu_phat_trien/mingo_ui/test/presentation_test.dart"},"type":"testStart","time":22339}
{"testID":33,"result":"success","skipped":false,"hidden":false,"type":"testDone","time":22491}
{"test":{"id":34,"name":"S-035 essential semantics labels targets and contrast","suiteID":4,"groupIDs":[22],"metadata":{"skip":false,"skipReason":null},"line":175,"column":5,"url":"package:flutter_test/src/widget_tester.dart","root_line":82,"root_column":5,"root_url":"file:///C:/Mingo/01_San_pham/cong_cu_phat_trien/mingo_ui/test/presentation_test.dart"},"type":"testStart","time":22491}
{"testID":34,"result":"success","skipped":false,"hidden":false,"type":"testDone","time":22631}
{"test":{"id":35,"name":"grammar full cycle uses distinct Retrieve Transfer and Check tasks","suiteID":4,"groupIDs":[22],"metadata":{"skip":false,"skipReason":null},"line":175,"column":5,"url":"package:flutter_test/src/widget_tester.dart","root_line":104,"root_column":3,"root_url":"file:///C:/Mingo/01_San_pham/cong_cu_phat_trien/mingo_ui/test/presentation_test.dart"},"type":"testStart","time":22631}
{"testID":35,"result":"success","skipped":false,"hidden":false,"type":"testDone","time":23587}
{"test":{"id":36,"name":"grammar / L-021 / responsive and capture","suiteID":4,"groupIDs":[22],"metadata":{"skip":false,"skipReason":null},"line":175,"column":5,"url":"package:flutter_test/src/widget_tester.dart","root_line":149,"root_column":7,"root_url":"file:///C:/Mingo/01_San_pham/cong_cu_phat_trien/mingo_ui/test/presentation_test.dart"},"type":"testStart","time":23587}
{"testID":36,"result":"success","skipped":false,"hidden":false,"type":"testDone","time":23868}
{"test":{"id":37,"name":"grammar / L-022 / responsive and capture","suiteID":4,"groupIDs":[22],"metadata":{"skip":false,"skipReason":null},"line":175,"column":5,"url":"package:flutter_test/src/widget_tester.dart","root_line":149,"root_column":7,"root_url":"file:///C:/Mingo/01_San_pham/cong_cu_phat_trien/mingo_ui/test/presentation_test.dart"},"type":"testStart","time":23868}
{"testID":37,"result":"success","skipped":false,"hidden":false,"type":"testDone","time":24220}
{"test":{"id":38,"name":"grammar / L-023 / responsive and capture","suiteID":4,"groupIDs":[22],"metadata":{"skip":false,"skipReason":null},"line":175,"column":5,"url":"package:flutter_test/src/widget_tester.dart","root_line":149,"root_column":7,"root_url":"file:///C:/Mingo/01_San_pham/cong_cu_phat_trien/mingo_ui/test/presentation_test.dart"},"type":"testStart","time":24220}
{"testID":38,"result":"success","skipped":false,"hidden":false,"type":"testDone","time":24422}
{"test":{"id":39,"name":"grammar / L-024 / responsive and capture","suiteID":4,"groupIDs":[22],"metadata":{"skip":false,"skipReason":null},"line":175,"column":5,"url":"package:flutter_test/src/widget_tester.dart","root_line":149,"root_column":7,"root_url":"file:///C:/Mingo/01_San_pham/cong_cu_phat_trien/mingo_ui/test/presentation_test.dart"},"type":"testStart","time":24423}
{"testID":39,"result":"success","skipped":false,"hidden":false,"type":"testDone","time":24719}
{"test":{"id":40,"name":"grammar / L-025 / responsive and capture","suiteID":4,"groupIDs":[22],"metadata":{"skip":false,"skipReason":null},"line":175,"column":5,"url":"package:flutter_test/src/widget_tester.dart","root_line":149,"root_column":7,"root_url":"file:///C:/Mingo/01_San_pham/cong_cu_phat_trien/mingo_ui/test/presentation_test.dart"},"type":"testStart","time":24720}
{"testID":40,"result":"success","skipped":false,"hidden":false,"type":"testDone","time":24991}
{"test":{"id":41,"name":"grammar / L-026 / responsive and capture","suiteID":4,"groupIDs":[22],"metadata":{"skip":false,"skipReason":null},"line":175,"column":5,"url":"package:flutter_test/src/widget_tester.dart","root_line":149,"root_column":7,"root_url":"file:///C:/Mingo/01_San_pham/cong_cu_phat_trien/mingo_ui/test/presentation_test.dart"},"type":"testStart","time":24992}
{"testID":41,"result":"success","skipped":false,"hidden":false,"type":"testDone","time":25176}
{"test":{"id":42,"name":"grammar / L-027 / responsive and capture","suiteID":4,"groupIDs":[22],"metadata":{"skip":false,"skipReason":null},"line":175,"column":5,"url":"package:flutter_test/src/widget_tester.dart","root_line":149,"root_column":7,"root_url":"file:///C:/Mingo/01_San_pham/cong_cu_phat_trien/mingo_ui/test/presentation_test.dart"},"type":"testStart","time":25176}
{"testID":42,"result":"success","skipped":false,"hidden":false,"type":"testDone","time":25415}
{"test":{"id":43,"name":"grammar / L-032 / responsive and capture","suiteID":4,"groupIDs":[22],"metadata":{"skip":false,"skipReason":null},"line":175,"column":5,"url":"package:flutter_test/src/widget_tester.dart","root_line":149,"root_column":7,"root_url":"file:///C:/Mingo/01_San_pham/cong_cu_phat_trien/mingo_ui/test/presentation_test.dart"},"type":"testStart","time":25416}
{"testID":43,"result":"success","skipped":false,"hidden":false,"type":"testDone","time":25631}
{"test":{"id":44,"name":"listening / L-021 / responsive and capture","suiteID":4,"groupIDs":[22],"metadata":{"skip":false,"skipReason":null},"line":175,"column":5,"url":"package:flutter_test/src/widget_tester.dart","root_line":149,"root_column":7,"root_url":"file:///C:/Mingo/01_San_pham/cong_cu_phat_trien/mingo_ui/test/presentation_test.dart"},"type":"testStart","time":25631}
{"testID":44,"result":"success","skipped":false,"hidden":false,"type":"testDone","time":25816}
{"test":{"id":45,"name":"listening / L-022 / responsive and capture","suiteID":4,"groupIDs":[22],"metadata":{"skip":false,"skipReason":null},"line":175,"column":5,"url":"package:flutter_test/src/widget_tester.dart","root_line":149,"root_column":7,"root_url":"file:///C:/Mingo/01_San_pham/cong_cu_phat_trien/mingo_ui/test/presentation_test.dart"},"type":"testStart","time":25816}
{"testID":45,"result":"success","skipped":false,"hidden":false,"type":"testDone","time":26084}
{"test":{"id":46,"name":"listening / L-023 / responsive and capture","suiteID":4,"groupIDs":[22],"metadata":{"skip":false,"skipReason":null},"line":175,"column":5,"url":"package:flutter_test/src/widget_tester.dart","root_line":149,"root_column":7,"root_url":"file:///C:/Mingo/01_San_pham/cong_cu_phat_trien/mingo_ui/test/presentation_test.dart"},"type":"testStart","time":26084}
{"testID":46,"result":"success","skipped":false,"hidden":false,"type":"testDone","time":26307}
{"test":{"id":47,"name":"listening / L-024 / responsive and capture","suiteID":4,"groupIDs":[22],"metadata":{"skip":false,"skipReason":null},"line":175,"column":5,"url":"package:flutter_test/src/widget_tester.dart","root_line":149,"root_column":7,"root_url":"file:///C:/Mingo/01_San_pham/cong_cu_phat_trien/mingo_ui/test/presentation_test.dart"},"type":"testStart","time":26308}
{"testID":47,"result":"success","skipped":false,"hidden":false,"type":"testDone","time":26569}
{"test":{"id":48,"name":"listening / L-025 / responsive and capture","suiteID":4,"groupIDs":[22],"metadata":{"skip":false,"skipReason":null},"line":175,"column":5,"url":"package:flutter_test/src/widget_tester.dart","root_line":149,"root_column":7,"root_url":"file:///C:/Mingo/01_San_pham/cong_cu_phat_trien/mingo_ui/test/presentation_test.dart"},"type":"testStart","time":26569}
{"testID":48,"result":"success","skipped":false,"hidden":false,"type":"testDone","time":26821}
{"test":{"id":49,"name":"listening / L-026 / responsive and capture","suiteID":4,"groupIDs":[22],"metadata":{"skip":false,"skipReason":null},"line":175,"column":5,"url":"package:flutter_test/src/widget_tester.dart","root_line":149,"root_column":7,"root_url":"file:///C:/Mingo/01_San_pham/cong_cu_phat_trien/mingo_ui/test/presentation_test.dart"},"type":"testStart","time":26821}
{"testID":49,"result":"success","skipped":false,"hidden":false,"type":"testDone","time":26982}
{"test":{"id":50,"name":"listening / L-027 / responsive and capture","suiteID":4,"groupIDs":[22],"metadata":{"skip":false,"skipReason":null},"line":175,"column":5,"url":"package:flutter_test/src/widget_tester.dart","root_line":149,"root_column":7,"root_url":"file:///C:/Mingo/01_San_pham/cong_cu_phat_trien/mingo_ui/test/presentation_test.dart"},"type":"testStart","time":26983}
{"testID":50,"result":"success","skipped":false,"hidden":false,"type":"testDone","time":27210}
{"test":{"id":51,"name":"listening / L-032 / responsive and capture","suiteID":4,"groupIDs":[22],"metadata":{"skip":false,"skipReason":null},"line":175,"column":5,"url":"package:flutter_test/src/widget_tester.dart","root_line":149,"root_column":7,"root_url":"file:///C:/Mingo/01_San_pham/cong_cu_phat_trien/mingo_ui/test/presentation_test.dart"},"type":"testStart","time":27210}
{"testID":51,"result":"success","skipped":false,"hidden":false,"type":"testDone","time":27401}
{"test":{"id":52,"name":"D021 V2 L-010 at320px200percent","suiteID":4,"groupIDs":[22],"metadata":{"skip":false,"skipReason":null},"line":175,"column":5,"url":"package:flutter_test/src/widget_tester.dart","root_line":198,"root_column":5,"root_url":"file:///C:/Mingo/01_San_pham/cong_cu_phat_trien/mingo_ui/test/presentation_test.dart"},"type":"testStart","time":27402}
{"testID":52,"result":"success","skipped":false,"hidden":false,"type":"testDone","time":27622}
{"test":{"id":53,"name":"D021 V2 L-020 at320px200percent","suiteID":4,"groupIDs":[22],"metadata":{"skip":false,"skipReason":null},"line":175,"column":5,"url":"package:flutter_test/src/widget_tester.dart","root_line":198,"root_column":5,"root_url":"file:///C:/Mingo/01_San_pham/cong_cu_phat_trien/mingo_ui/test/presentation_test.dart"},"type":"testStart","time":27622}
{"testID":53,"result":"success","skipped":false,"hidden":false,"type":"testDone","time":27708}
{"test":{"id":54,"name":"D021 V2 L-040 at320px200percent","suiteID":4,"groupIDs":[22],"metadata":{"skip":false,"skipReason":null},"line":175,"column":5,"url":"package:flutter_test/src/widget_tester.dart","root_line":198,"root_column":5,"root_url":"file:///C:/Mingo/01_San_pham/cong_cu_phat_trien/mingo_ui/test/presentation_test.dart"},"type":"testStart","time":27709}
{"testID":54,"result":"success","skipped":false,"hidden":false,"type":"testDone","time":27847}
{"test":{"id":55,"name":"D021 V2 L-050 at320px200percent","suiteID":4,"groupIDs":[22],"metadata":{"skip":false,"skipReason":null},"line":175,"column":5,"url":"package:flutter_test/src/widget_tester.dart","root_line":198,"root_column":5,"root_url":"file:///C:/Mingo/01_San_pham/cong_cu_phat_trien/mingo_ui/test/presentation_test.dart"},"type":"testStart","time":27848}
{"testID":55,"result":"success","skipped":false,"hidden":false,"type":"testDone","time":27926}
{"test":{"id":56,"name":"learner optional onboarding reaches one next action","suiteID":4,"groupIDs":[22],"metadata":{"skip":false,"skipReason":null},"line":175,"column":5,"url":"package:flutter_test/src/widget_tester.dart","root_line":232,"root_column":3,"root_url":"file:///C:/Mingo/01_San_pham/cong_cu_phat_trien/mingo_ui/test/presentation_test.dart"},"type":"testStart","time":27926}
{"testID":56,"result":"success","skipped":false,"hidden":false,"type":"testDone","time":28004}
{"test":{"id":57,"name":"missing lesson content and submitting state cannot advance or answer again","suiteID":4,"groupIDs":[22],"metadata":{"skip":false,"skipReason":null},"line":175,"column":5,"url":"package:flutter_test/src/widget_tester.dart","root_line":241,"root_column":3,"root_url":"file:///C:/Mingo/01_San_pham/cong_cu_phat_trien/mingo_ui/test/presentation_test.dart"},"type":"testStart","time":28004}
{"testID":57,"result":"success","skipped":false,"hidden":false,"type":"testDone","time":28055}
{"test":{"id":58,"name":"locked objective permits preview and recovery but cannot start practice","suiteID":4,"groupIDs":[22],"metadata":{"skip":false,"skipReason":null},"line":175,"column":5,"url":"package:flutter_test/src/widget_tester.dart","root_line":265,"root_column":3,"root_url":"file:///C:/Mingo/01_San_pham/cong_cu_phat_trien/mingo_ui/test/presentation_test.dart"},"type":"testStart","time":28056}
{"testID":58,"result":"success","skipped":false,"hidden":false,"type":"testDone","time":28117}
{"test":{"id":59,"name":"eligible sample objective offers a single unaided challenge without opening the next objective","suiteID":4,"groupIDs":[22],"metadata":{"skip":false,"skipReason":null},"line":175,"column":5,"url":"package:flutter_test/src/widget_tester.dart","root_line":277,"root_column":3,"root_url":"file:///C:/Mingo/01_San_pham/cong_cu_phat_trien/mingo_ui/test/presentation_test.dart"},"type":"testStart","time":28118}
{"testID":59,"result":"success","skipped":false,"hidden":false,"type":"testDone","time":28195}
{"test":{"id":60,"name":"practice validates and allows one retry without Check hint","suiteID":4,"groupIDs":[22],"metadata":{"skip":false,"skipReason":null},"line":175,"column":5,"url":"package:flutter_test/src/widget_tester.dart","root_line":292,"root_column":3,"root_url":"file:///C:/Mingo/01_San_pham/cong_cu_phat_trien/mingo_ui/test/presentation_test.dart"},"type":"testStart","time":28195}
{"testID":60,"result":"success","skipped":false,"hidden":false,"type":"testDone","time":28390}
{"test":{"id":61,"name":"search gives a useful empty state and recovers","suiteID":4,"groupIDs":[22],"metadata":{"skip":false,"skipReason":null},"line":175,"column":5,"url":"package:flutter_test/src/widget_tester.dart","root_line":310,"root_column":3,"root_url":"file:///C:/Mingo/01_San_pham/cong_cu_phat_trien/mingo_ui/test/presentation_test.dart"},"type":"testStart","time":28391}
{"testID":61,"result":"success","skipped":false,"hidden":false,"type":"testDone","time":28536}
{"test":{"id":62,"name":"practice response survives forward then back navigation","suiteID":4,"groupIDs":[22],"metadata":{"skip":false,"skipReason":null},"line":175,"column":5,"url":"package:flutter_test/src/widget_tester.dart","root_line":319,"root_column":3,"root_url":"file:///C:/Mingo/01_San_pham/cong_cu_phat_trien/mingo_ui/test/presentation_test.dart"},"type":"testStart","time":28537}
{"testID":62,"result":"success","skipped":false,"hidden":false,"type":"testDone","time":28657}
{"test":{"id":63,"name":"denied staff state hides learner evidence; processing cannot republish","suiteID":4,"groupIDs":[22],"metadata":{"skip":false,"skipReason":null},"line":175,"column":5,"url":"package:flutter_test/src/widget_tester.dart","root_line":332,"root_column":3,"root_url":"file:///C:/Mingo/01_San_pham/cong_cu_phat_trien/mingo_ui/test/presentation_test.dart"},"type":"testStart","time":28657}
{"testID":63,"result":"success","skipped":false,"hidden":false,"type":"testDone","time":28716}
{"test":{"id":64,"name":"narrow staff menu closes after selecting content","suiteID":4,"groupIDs":[22],"metadata":{"skip":false,"skipReason":null},"line":175,"column":5,"url":"package:flutter_test/src/widget_tester.dart","root_line":347,"root_column":3,"root_url":"file:///C:/Mingo/01_San_pham/cong_cu_phat_trien/mingo_ui/test/presentation_test.dart"},"type":"testStart","time":28717}
{"testID":64,"result":"success","skipped":false,"hidden":false,"type":"testDone","time":28875}
{"test":{"id":65,"name":"staff license and review precede confirmation; draft is separate","suiteID":4,"groupIDs":[22],"metadata":{"skip":false,"skipReason":null},"line":175,"column":5,"url":"package:flutter_test/src/widget_tester.dart","root_line":361,"root_column":3,"root_url":"file:///C:/Mingo/01_San_pham/cong_cu_phat_trien/mingo_ui/test/presentation_test.dart"},"type":"testStart","time":28875}
{"testID":65,"result":"success","skipped":false,"hidden":false,"type":"testDone","time":29342}
{"test":{"id":66,"name":"essential actions have labels and Android 48dp targets","suiteID":4,"groupIDs":[22],"metadata":{"skip":false,"skipReason":null},"line":175,"column":5,"url":"package:flutter_test/src/widget_tester.dart","root_line":387,"root_column":3,"root_url":"file:///C:/Mingo/01_San_pham/cong_cu_phat_trien/mingo_ui/test/presentation_test.dart"},"type":"testStart","time":29342}
{"testID":66,"result":"success","skipped":false,"hidden":false,"type":"testDone","time":29421}
{"test":{"id":67,"name":"reduced motion follows preference and system text scale is preserved","suiteID":4,"groupIDs":[22],"metadata":{"skip":false,"skipReason":null},"line":175,"column":5,"url":"package:flutter_test/src/widget_tester.dart","root_line":398,"root_column":3,"root_url":"file:///C:/Mingo/01_San_pham/cong_cu_phat_trien/mingo_ui/test/presentation_test.dart"},"type":"testStart","time":29422}
{"testID":67,"result":"success","skipped":false,"hidden":false,"type":"testDone","time":29531}
{"test":{"id":68,"name":"L-001 | Loading | responsive + screenshot","suiteID":4,"groupIDs":[22],"metadata":{"skip":false,"skipReason":null},"line":175,"column":5,"url":"package:flutter_test/src/widget_tester.dart","root_line":416,"root_column":7,"root_url":"file:///C:/Mingo/01_San_pham/cong_cu_phat_trien/mingo_ui/test/presentation_test.dart"},"type":"testStart","time":29532}
{"testID":68,"result":"success","skipped":false,"hidden":false,"type":"testDone","time":30119}
{"test":{"id":69,"name":"L-001 | error | responsive + screenshot","suiteID":4,"groupIDs":[22],"metadata":{"skip":false,"skipReason":null},"line":175,"column":5,"url":"package:flutter_test/src/widget_tester.dart","root_line":416,"root_column":7,"root_url":"file:///C:/Mingo/01_San_pham/cong_cu_phat_trien/mingo_ui/test/presentation_test.dart"},"type":"testStart","time":30120}
{"testID":69,"result":"success","skipped":false,"hidden":false,"type":"testDone","time":30653}
{"test":{"id":70,"name":"L-001 | offline bootstrap | responsive + screenshot","suiteID":4,"groupIDs":[22],"metadata":{"skip":false,"skipReason":null},"line":175,"column":5,"url":"package:flutter_test/src/widget_tester.dart","root_line":416,"root_column":7,"root_url":"file:///C:/Mingo/01_San_pham/cong_cu_phat_trien/mingo_ui/test/presentation_test.dart"},"type":"testStart","time":30653}
{"testID":70,"result":"success","skipped":false,"hidden":false,"type":"testDone","time":31137}
{"test":{"id":71,"name":"L-002 | Default | responsive + screenshot","suiteID":4,"groupIDs":[22],"metadata":{"skip":false,"skipReason":null},"line":175,"column":5,"url":"package:flutter_test/src/widget_tester.dart","root_line":416,"root_column":7,"root_url":"file:///C:/Mingo/01_San_pham/cong_cu_phat_trien/mingo_ui/test/presentation_test.dart"},"type":"testStart","time":31137}
{"testID":71,"result":"success","skipped":false,"hidden":false,"type":"testDone","time":31618}
{"test":{"id":72,"name":"L-002 | loading | responsive + screenshot","suiteID":4,"groupIDs":[22],"metadata":{"skip":false,"skipReason":null},"line":175,"column":5,"url":"package:flutter_test/src/widget_tester.dart","root_line":416,"root_column":7,"root_url":"file:///C:/Mingo/01_San_pham/cong_cu_phat_trien/mingo_ui/test/presentation_test.dart"},"type":"testStart","time":31619}
{"testID":72,"result":"success","skipped":false,"hidden":false,"type":"testDone","time":32088}
{"test":{"id":73,"name":"L-003 | Default | responsive + screenshot","suiteID":4,"groupIDs":[22],"metadata":{"skip":false,"skipReason":null},"line":175,"column":5,"url":"package:flutter_test/src/widget_tester.dart","root_line":416,"root_column":7,"root_url":"file:///C:/Mingo/01_San_pham/cong_cu_phat_trien/mingo_ui/test/presentation_test.dart"},"type":"testStart","time":32089}
{"testID":73,"result":"success","skipped":false,"hidden":false,"type":"testDone","time":32671}
{"test":{"id":74,"name":"L-003 | selected | responsive + screenshot","suiteID":4,"groupIDs":[22],"metadata":{"skip":false,"skipReason":null},"line":175,"column":5,"url":"package:flutter_test/src/widget_tester.dart","root_line":416,"root_column":7,"root_url":"file:///C:/Mingo/01_San_pham/cong_cu_phat_trien/mingo_ui/test/presentation_test.dart"},"type":"testStart","time":32672}
{"testID":74,"result":"success","skipped":false,"hidden":false,"type":"testDone","time":33254}
{"test":{"id":75,"name":"L-003 | error | responsive + screenshot","suiteID":4,"groupIDs":[22],"metadata":{"skip":false,"skipReason":null},"line":175,"column":5,"url":"package:flutter_test/src/widget_tester.dart","root_line":416,"root_column":7,"root_url":"file:///C:/Mingo/01_San_pham/cong_cu_phat_trien/mingo_ui/test/presentation_test.dart"},"type":"testStart","time":33254}
{"testID":75,"result":"success","skipped":false,"hidden":false,"type":"testDone","time":33804}
{"test":{"id":76,"name":"L-004 | Default | responsive + screenshot","suiteID":4,"groupIDs":[22],"metadata":{"skip":false,"skipReason":null},"line":175,"column":5,"url":"package:flutter_test/src/widget_tester.dart","root_line":416,"root_column":7,"root_url":"file:///C:/Mingo/01_San_pham/cong_cu_phat_trien/mingo_ui/test/presentation_test.dart"},"type":"testStart","time":33804}
{"testID":76,"result":"success","skipped":false,"hidden":false,"type":"testDone","time":34238}
{"test":{"id":77,"name":"L-004 | unavailable | responsive + screenshot","suiteID":4,"groupIDs":[22],"metadata":{"skip":false,"skipReason":null},"line":175,"column":5,"url":"package:flutter_test/src/widget_tester.dart","root_line":416,"root_column":7,"root_url":"file:///C:/Mingo/01_San_pham/cong_cu_phat_trien/mingo_ui/test/presentation_test.dart"},"type":"testStart","time":34238}
{"testID":77,"result":"success","skipped":false,"hidden":false,"type":"testDone","time":34671}
{"test":{"id":78,"name":"L-005 | Ready | responsive + screenshot","suiteID":4,"groupIDs":[22],"metadata":{"skip":false,"skipReason":null},"line":175,"column":5,"url":"package:flutter_test/src/widget_tester.dart","root_line":416,"root_column":7,"root_url":"file:///C:/Mingo/01_San_pham/cong_cu_phat_trien/mingo_ui/test/presentation_test.dart"},"type":"testStart","time":34672}
{"testID":78,"result":"success","skipped":false,"hidden":false,"type":"testDone","time":35151}
{"test":{"id":79,"name":"L-005 | selected | responsive + screenshot","suiteID":4,"groupIDs":[22],"metadata":{"skip":false,"skipReason":null},"line":175,"column":5,"url":"package:flutter_test/src/widget_tester.dart","root_line":416,"root_column":7,"root_url":"file:///C:/Mingo/01_San_pham/cong_cu_phat_trien/mingo_ui/test/presentation_test.dart"},"type":"testStart","time":35151}
{"testID":79,"result":"success","skipped":false,"hidden":false,"type":"testDone","time":35609}
{"test":{"id":80,"name":"L-005 | validation-error | responsive + screenshot","suiteID":4,"groupIDs":[22],"metadata":{"skip":false,"skipReason":null},"line":175,"column":5,"url":"package:flutter_test/src/widget_tester.dart","root_line":416,"root_column":7,"root_url":"file:///C:/Mingo/01_San_pham/cong_cu_phat_trien/mingo_ui/test/presentation_test.dart"},"type":"testStart","time":35609}
{"testID":80,"result":"success","skipped":false,"hidden":false,"type":"testDone","time":36094}
{"test":{"id":81,"name":"L-005 | submitting | responsive + screenshot","suiteID":4,"groupIDs":[22],"metadata":{"skip":false,"skipReason":null},"line":175,"column":5,"url":"package:flutter_test/src/widget_tester.dart","root_line":416,"root_column":7,"root_url":"file:///C:/Mingo/01_San_pham/cong_cu_phat_trien/mingo_ui/test/presentation_test.dart"},"type":"testStart","time":36095}
{"testID":81,"result":"success","skipped":false,"hidden":false,"type":"testDone","time":36463}
{"test":{"id":82,"name":"L-005 | result | responsive + screenshot","suiteID":4,"groupIDs":[22],"metadata":{"skip":false,"skipReason":null},"line":175,"column":5,"url":"package:flutter_test/src/widget_tester.dart","root_line":416,"root_column":7,"root_url":"file:///C:/Mingo/01_San_pham/cong_cu_phat_trien/mingo_ui/test/presentation_test.dart"},"type":"testStart","time":36463}
{"testID":82,"result":"success","skipped":false,"hidden":false,"type":"testDone","time":36994}
{"test":{"id":83,"name":"L-005 | skipped-domain | responsive + screenshot","suiteID":4,"groupIDs":[22],"metadata":{"skip":false,"skipReason":null},"line":175,"column":5,"url":"package:flutter_test/src/widget_tester.dart","root_line":416,"root_column":7,"root_url":"file:///C:/Mingo/01_San_pham/cong_cu_phat_trien/mingo_ui/test/presentation_test.dart"},"type":"testStart","time":36995}
{"testID":83,"result":"success","skipped":false,"hidden":false,"type":"testDone","time":37465}
{"test":{"id":84,"name":"L-005 | audio-unavailable | responsive + screenshot","suiteID":4,"groupIDs":[22],"metadata":{"skip":false,"skipReason":null},"line":175,"column":5,"url":"package:flutter_test/src/widget_tester.dart","root_line":416,"root_column":7,"root_url":"file:///C:/Mingo/01_San_pham/cong_cu_phat_trien/mingo_ui/test/presentation_test.dart"},"type":"testStart","time":37466}
{"testID":84,"result":"success","skipped":false,"hidden":false,"type":"testDone","time":37951}
{"test":{"id":85,"name":"L-006 | Complete | responsive + screenshot","suiteID":4,"groupIDs":[22],"metadata":{"skip":false,"skipReason":null},"line":175,"column":5,"url":"package:flutter_test/src/widget_tester.dart","root_line":416,"root_column":7,"root_url":"file:///C:/Mingo/01_San_pham/cong_cu_phat_trien/mingo_ui/test/presentation_test.dart"},"type":"testStart","time":37951}
{"testID":85,"result":"success","skipped":false,"hidden":false,"type":"testDone","time":38347}
{"test":{"id":86,"name":"L-006 | insufficient-evidence | responsive + screenshot","suiteID":4,"groupIDs":[22],"metadata":{"skip":false,"skipReason":null},"line":175,"column":5,"url":"package:flutter_test/src/widget_tester.dart","root_line":416,"root_column":7,"root_url":"file:///C:/Mingo/01_San_pham/cong_cu_phat_trien/mingo_ui/test/presentation_test.dart"},"type":"testStart","time":38348}
{"testID":86,"result":"success","skipped":false,"hidden":false,"type":"testDone","time":38785}
{"test":{"id":87,"name":"L-010 | Online | responsive + screenshot","suiteID":4,"groupIDs":[22],"metadata":{"skip":false,"skipReason":null},"line":175,"column":5,"url":"package:flutter_test/src/widget_tester.dart","root_line":416,"root_column":7,"root_url":"file:///C:/Mingo/01_San_pham/cong_cu_phat_trien/mingo_ui/test/presentation_test.dart"},"type":"testStart","time":38785}
{"testID":87,"result":"success","skipped":false,"hidden":false,"type":"testDone","time":39330}
{"test":{"id":88,"name":"L-010 | offline | responsive + screenshot","suiteID":4,"groupIDs":[22],"metadata":{"skip":false,"skipReason":null},"line":175,"column":5,"url":"package:flutter_test/src/widget_tester.dart","root_line":416,"root_column":7,"root_url":"file:///C:/Mingo/01_San_pham/cong_cu_phat_trien/mingo_ui/test/presentation_test.dart"},"type":"testStart","time":39330}
{"testID":88,"result":"success","skipped":false,"hidden":false,"type":"testDone","time":39867}
{"test":{"id":89,"name":"L-010 | syncing | responsive + screenshot","suiteID":4,"groupIDs":[22],"metadata":{"skip":false,"skipReason":null},"line":175,"column":5,"url":"package:flutter_test/src/widget_tester.dart","root_line":416,"root_column":7,"root_url":"file:///C:/Mingo/01_San_pham/cong_cu_phat_trien/mingo_ui/test/presentation_test.dart"},"type":"testStart","time":39867}
{"testID":89,"result":"success","skipped":false,"hidden":false,"type":"testDone","time":40428}
{"test":{"id":90,"name":"L-010 | nothing-due | responsive + screenshot","suiteID":4,"groupIDs":[22],"metadata":{"skip":false,"skipReason":null},"line":175,"column":5,"url":"package:flutter_test/src/widget_tester.dart","root_line":416,"root_column":7,"root_url":"file:///C:/Mingo/01_San_pham/cong_cu_phat_trien/mingo_ui/test/presentation_test.dart"},"type":"testStart","time":40429}
{"testID":90,"result":"success","skipped":false,"hidden":false,"type":"testDone","time":40976}
{"test":{"id":91,"name":"L-010 | recommendation-unavailable | responsive + screenshot","suiteID":4,"groupIDs":[22],"metadata":{"skip":false,"skipReason":null},"line":175,"column":5,"url":"package:flutter_test/src/widget_tester.dart","root_line":416,"root_column":7,"root_url":"file:///C:/Mingo/01_San_pham/cong_cu_phat_trien/mingo_ui/test/presentation_test.dart"},"type":"testStart","time":40976}
{"testID":91,"result":"success","skipped":false,"hidden":false,"type":"testDone","time":41553}
{"test":{"id":92,"name":"L-011 | Offline | responsive + screenshot","suiteID":4,"groupIDs":[22],"metadata":{"skip":false,"skipReason":null},"line":175,"column":5,"url":"package:flutter_test/src/widget_tester.dart","root_line":416,"root_column":7,"root_url":"file:///C:/Mingo/01_San_pham/cong_cu_phat_trien/mingo_ui/test/presentation_test.dart"},"type":"testStart","time":41553}
{"testID":92,"result":"success","skipped":false,"hidden":false,"type":"testDone","time":42100}
{"test":{"id":93,"name":"L-011 | queued | responsive + screenshot","suiteID":4,"groupIDs":[22],"metadata":{"skip":false,"skipReason":null},"line":175,"column":5,"url":"package:flutter_test/src/widget_tester.dart","root_line":416,"root_column":7,"root_url":"file:///C:/Mingo/01_San_pham/cong_cu_phat_trien/mingo_ui/test/presentation_test.dart"},"type":"testStart","time":42100}
{"testID":93,"result":"success","skipped":false,"hidden":false,"type":"testDone","time":42645}
{"test":{"id":94,"name":"L-012 | Syncing | responsive + screenshot","suiteID":4,"groupIDs":[22],"metadata":{"skip":false,"skipReason":null},"line":175,"column":5,"url":"package:flutter_test/src/widget_tester.dart","root_line":416,"root_column":7,"root_url":"file:///C:/Mingo/01_San_pham/cong_cu_phat_trien/mingo_ui/test/presentation_test.dart"},"type":"testStart","time":42646}
{"testID":94,"result":"success","skipped":false,"hidden":false,"type":"testDone","time":43178}
{"test":{"id":95,"name":"L-012 | partial | responsive + screenshot","suiteID":4,"groupIDs":[22],"metadata":{"skip":false,"skipReason":null},"line":175,"column":5,"url":"package:flutter_test/src/widget_tester.dart","root_line":416,"root_column":7,"root_url":"file:///C:/Mingo/01_San_pham/cong_cu_phat_trien/mingo_ui/test/presentation_test.dart"},"type":"testStart","time":43178}
{"testID":95,"result":"success","skipped":false,"hidden":false,"type":"testDone","time":43748}
{"test":{"id":96,"name":"L-020 | Ready | responsive + screenshot","suiteID":4,"groupIDs":[22],"metadata":{"skip":false,"skipReason":null},"line":175,"column":5,"url":"package:flutter_test/src/widget_tester.dart","root_line":416,"root_column":7,"root_url":"file:///C:/Mingo/01_San_pham/cong_cu_phat_trien/mingo_ui/test/presentation_test.dart"},"type":"testStart","time":43749}
{"testID":96,"result":"success","skipped":false,"hidden":false,"type":"testDone","time":44646}
{"test":{"id":97,"name":"L-020 | resume | responsive + screenshot","suiteID":4,"groupIDs":[22],"metadata":{"skip":false,"skipReason":null},"line":175,"column":5,"url":"package:flutter_test/src/widget_tester.dart","root_line":416,"root_column":7,"root_url":"file:///C:/Mingo/01_San_pham/cong_cu_phat_trien/mingo_ui/test/presentation_test.dart"},"type":"testStart","time":44646}
{"testID":97,"result":"success","skipped":false,"hidden":false,"type":"testDone","time":45525}
{"test":{"id":98,"name":"L-020 | content-gap | responsive + screenshot","suiteID":4,"groupIDs":[22],"metadata":{"skip":false,"skipReason":null},"line":175,"column":5,"url":"package:flutter_test/src/widget_tester.dart","root_line":416,"root_column":7,"root_url":"file:///C:/Mingo/01_San_pham/cong_cu_phat_trien/mingo_ui/test/presentation_test.dart"},"type":"testStart","time":45525}
{"testID":98,"result":"success","skipped":false,"hidden":false,"type":"testDone","time":45995}
{"test":{"id":99,"name":"L-021 | Ready | responsive + screenshot","suiteID":4,"groupIDs":[22],"metadata":{"skip":false,"skipReason":null},"line":175,"column":5,"url":"package:flutter_test/src/widget_tester.dart","root_line":416,"root_column":7,"root_url":"file:///C:/Mingo/01_San_pham/cong_cu_phat_trien/mingo_ui/test/presentation_test.dart"},"type":"testStart","time":45995}
{"testID":99,"result":"success","skipped":false,"hidden":false,"type":"testDone","time":46345}
{"test":{"id":100,"name":"L-021 | offline-capable | responsive + screenshot","suiteID":4,"groupIDs":[22],"metadata":{"skip":false,"skipReason":null},"line":175,"column":5,"url":"package:flutter_test/src/widget_tester.dart","root_line":416,"root_column":7,"root_url":"file:///C:/Mingo/01_San_pham/cong_cu_phat_trien/mingo_ui/test/presentation_test.dart"},"type":"testStart","time":46345}
{"testID":100,"result":"success","skipped":false,"hidden":false,"type":"testDone","time":46704}
{"test":{"id":101,"name":"L-021 | content-unavailable | responsive + screenshot","suiteID":4,"groupIDs":[22],"metadata":{"skip":false,"skipReason":null},"line":175,"column":5,"url":"package:flutter_test/src/widget_tester.dart","root_line":416,"root_column":7,"root_url":"file:///C:/Mingo/01_San_pham/cong_cu_phat_trien/mingo_ui/test/presentation_test.dart"},"type":"testStart","time":46704}
{"testID":101,"result":"success","skipped":false,"hidden":false,"type":"testDone","time":47036}
{"test":{"id":102,"name":"L-022 | Ready | responsive + screenshot","suiteID":4,"groupIDs":[22],"metadata":{"skip":false,"skipReason":null},"line":175,"column":5,"url":"package:flutter_test/src/widget_tester.dart","root_line":416,"root_column":7,"root_url":"file:///C:/Mingo/01_San_pham/cong_cu_phat_trien/mingo_ui/test/presentation_test.dart"},"type":"testStart","time":47037}
{"testID":102,"result":"success","skipped":false,"hidden":false,"type":"testDone","time":47469}
{"test":{"id":103,"name":"L-022 | selected | responsive + screenshot","suiteID":4,"groupIDs":[22],"metadata":{"skip":false,"skipReason":null},"line":175,"column":5,"url":"package:flutter_test/src/widget_tester.dart","root_line":416,"root_column":7,"root_url":"file:///C:/Mingo/01_San_pham/cong_cu_phat_trien/mingo_ui/test/presentation_test.dart"},"type":"testStart","time":47469}
{"testID":103,"result":"success","skipped":false,"hidden":false,"type":"testDone","time":47919}
{"test":{"id":104,"name":"L-022 | validation-error | responsive + screenshot","suiteID":4,"groupIDs":[22],"metadata":{"skip":false,"skipReason":null},"line":175,"column":5,"url":"package:flutter_test/src/widget_tester.dart","root_line":416,"root_column":7,"root_url":"file:///C:/Mingo/01_San_pham/cong_cu_phat_trien/mingo_ui/test/presentation_test.dart"},"type":"testStart","time":47920}
{"testID":104,"result":"success","skipped":false,"hidden":false,"type":"testDone","time":48396}
{"test":{"id":105,"name":"L-022 | submitted-result | responsive + screenshot","suiteID":4,"groupIDs":[22],"metadata":{"skip":false,"skipReason":null},"line":175,"column":5,"url":"package:flutter_test/src/widget_tester.dart","root_line":416,"root_column":7,"root_url":"file:///C:/Mingo/01_San_pham/cong_cu_phat_trien/mingo_ui/test/presentation_test.dart"},"type":"testStart","time":48397}
{"testID":105,"result":"success","skipped":false,"hidden":false,"type":"testDone","time":48837}
{"test":{"id":106,"name":"L-022 | skipped | responsive + screenshot","suiteID":4,"groupIDs":[22],"metadata":{"skip":false,"skipReason":null},"line":175,"column":5,"url":"package:flutter_test/src/widget_tester.dart","root_line":416,"root_column":7,"root_url":"file:///C:/Mingo/01_San_pham/cong_cu_phat_trien/mingo_ui/test/presentation_test.dart"},"type":"testStart","time":48838}
{"testID":106,"result":"success","skipped":false,"hidden":false,"type":"testDone","time":49261}
{"test":{"id":107,"name":"L-023 | Ready | responsive + screenshot","suiteID":4,"groupIDs":[22],"metadata":{"skip":false,"skipReason":null},"line":175,"column":5,"url":"package:flutter_test/src/widget_tester.dart","root_line":416,"root_column":7,"root_url":"file:///C:/Mingo/01_San_pham/cong_cu_phat_trien/mingo_ui/test/presentation_test.dart"},"type":"testStart","time":49262}
{"testID":107,"result":"success","skipped":false,"hidden":false,"type":"testDone","time":49638}
{"test":{"id":108,"name":"L-023 | audio-loading | responsive + screenshot","suiteID":4,"groupIDs":[22],"metadata":{"skip":false,"skipReason":null},"line":175,"column":5,"url":"package:flutter_test/src/widget_tester.dart","root_line":416,"root_column":7,"root_url":"file:///C:/Mingo/01_San_pham/cong_cu_phat_trien/mingo_ui/test/presentation_test.dart"},"type":"testStart","time":49638}
{"testID":108,"result":"success","skipped":false,"hidden":false,"type":"testDone","time":49999}
{"test":{"id":109,"name":"L-023 | audio-unavailable | responsive + screenshot","suiteID":4,"groupIDs":[22],"metadata":{"skip":false,"skipReason":null},"line":175,"column":5,"url":"package:flutter_test/src/widget_tester.dart","root_line":416,"root_column":7,"root_url":"file:///C:/Mingo/01_San_pham/cong_cu_phat_trien/mingo_ui/test/presentation_test.dart"},"type":"testStart","time":49999}
{"testID":109,"result":"success","skipped":false,"hidden":false,"type":"testDone","time":50353}
{"test":{"id":110,"name":"L-024 | Ready | responsive + screenshot","suiteID":4,"groupIDs":[22],"metadata":{"skip":false,"skipReason":null},"line":175,"column":5,"url":"package:flutter_test/src/widget_tester.dart","root_line":416,"root_column":7,"root_url":"file:///C:/Mingo/01_San_pham/cong_cu_phat_trien/mingo_ui/test/presentation_test.dart"},"type":"testStart","time":50353}
{"testID":110,"result":"success","skipped":false,"hidden":false,"type":"testDone","time":50790}
{"test":{"id":111,"name":"L-024 | selected | responsive + screenshot","suiteID":4,"groupIDs":[22],"metadata":{"skip":false,"skipReason":null},"line":175,"column":5,"url":"package:flutter_test/src/widget_tester.dart","root_line":416,"root_column":7,"root_url":"file:///C:/Mingo/01_San_pham/cong_cu_phat_trien/mingo_ui/test/presentation_test.dart"},"type":"testStart","time":50790}
{"testID":111,"result":"success","skipped":false,"hidden":false,"type":"testDone","time":51232}
{"test":{"id":112,"name":"L-024 | hinted | responsive + screenshot","suiteID":4,"groupIDs":[22],"metadata":{"skip":false,"skipReason":null},"line":175,"column":5,"url":"package:flutter_test/src/widget_tester.dart","root_line":416,"root_column":7,"root_url":"file:///C:/Mingo/01_San_pham/cong_cu_phat_trien/mingo_ui/test/presentation_test.dart"},"type":"testStart","time":51232}
{"testID":112,"result":"success","skipped":false,"hidden":false,"type":"testDone","time":51702}
{"test":{"id":113,"name":"L-024 | submitted-result | responsive + screenshot","suiteID":4,"groupIDs":[22],"metadata":{"skip":false,"skipReason":null},"line":175,"column":5,"url":"package:flutter_test/src/widget_tester.dart","root_line":416,"root_column":7,"root_url":"file:///C:/Mingo/01_San_pham/cong_cu_phat_trien/mingo_ui/test/presentation_test.dart"},"type":"testStart","time":51703}
{"testID":113,"result":"success","skipped":false,"hidden":false,"type":"testDone","time":52129}
{"test":{"id":114,"name":"L-024 | retry-available | responsive + screenshot","suiteID":4,"groupIDs":[22],"metadata":{"skip":false,"skipReason":null},"line":175,"column":5,"url":"package:flutter_test/src/widget_tester.dart","root_line":416,"root_column":7,"root_url":"file:///C:/Mingo/01_San_pham/cong_cu_phat_trien/mingo_ui/test/presentation_test.dart"},"type":"testStart","time":52129}
{"testID":114,"result":"success","skipped":false,"hidden":false,"type":"testDone","time":52582}
{"test":{"id":115,"name":"L-024 | retry-exhausted | responsive + screenshot","suiteID":4,"groupIDs":[22],"metadata":{"skip":false,"skipReason":null},"line":175,"column":5,"url":"package:flutter_test/src/widget_tester.dart","root_line":416,"root_column":7,"root_url":"file:///C:/Mingo/01_San_pham/cong_cu_phat_trien/mingo_ui/test/presentation_test.dart"},"type":"testStart","time":52582}
{"testID":115,"result":"success","skipped":false,"hidden":false,"type":"testDone","time":53014}
{"test":{"id":116,"name":"L-024 | skipped | responsive + screenshot","suiteID":4,"groupIDs":[22],"metadata":{"skip":false,"skipReason":null},"line":175,"column":5,"url":"package:flutter_test/src/widget_tester.dart","root_line":416,"root_column":7,"root_url":"file:///C:/Mingo/01_San_pham/cong_cu_phat_trien/mingo_ui/test/presentation_test.dart"},"type":"testStart","time":53015}
{"testID":116,"result":"success","skipped":false,"hidden":false,"type":"testDone","time":53474}
{"test":{"id":117,"name":"L-025 | Ready | responsive + screenshot","suiteID":4,"groupIDs":[22],"metadata":{"skip":false,"skipReason":null},"line":175,"column":5,"url":"package:flutter_test/src/widget_tester.dart","root_line":416,"root_column":7,"root_url":"file:///C:/Mingo/01_San_pham/cong_cu_phat_trien/mingo_ui/test/presentation_test.dart"},"type":"testStart","time":53474}
{"testID":117,"result":"success","skipped":false,"hidden":false,"type":"testDone","time":53902}
{"test":{"id":118,"name":"L-025 | selected | responsive + screenshot","suiteID":4,"groupIDs":[22],"metadata":{"skip":false,"skipReason":null},"line":175,"column":5,"url":"package:flutter_test/src/widget_tester.dart","root_line":416,"root_column":7,"root_url":"file:///C:/Mingo/01_San_pham/cong_cu_phat_trien/mingo_ui/test/presentation_test.dart"},"type":"testStart","time":53902}
{"testID":118,"result":"success","skipped":false,"hidden":false,"type":"testDone","time":54327}
{"test":{"id":119,"name":"L-025 | validation-error | responsive + screenshot","suiteID":4,"groupIDs":[22],"metadata":{"skip":false,"skipReason":null},"line":175,"column":5,"url":"package:flutter_test/src/widget_tester.dart","root_line":416,"root_column":7,"root_url":"file:///C:/Mingo/01_San_pham/cong_cu_phat_trien/mingo_ui/test/presentation_test.dart"},"type":"testStart","time":54328}
{"testID":119,"result":"success","skipped":false,"hidden":false,"type":"testDone","time":54790}
{"test":{"id":120,"name":"L-025 | submitted-result | responsive + screenshot","suiteID":4,"groupIDs":[22],"metadata":{"skip":false,"skipReason":null},"line":175,"column":5,"url":"package:flutter_test/src/widget_tester.dart","root_line":416,"root_column":7,"root_url":"file:///C:/Mingo/01_San_pham/cong_cu_phat_trien/mingo_ui/test/presentation_test.dart"},"type":"testStart","time":54791}
{"testID":120,"result":"success","skipped":false,"hidden":false,"type":"testDone","time":55203}
{"test":{"id":121,"name":"L-025 | skipped | responsive + screenshot","suiteID":4,"groupIDs":[22],"metadata":{"skip":false,"skipReason":null},"line":175,"column":5,"url":"package:flutter_test/src/widget_tester.dart","root_line":416,"root_column":7,"root_url":"file:///C:/Mingo/01_San_pham/cong_cu_phat_trien/mingo_ui/test/presentation_test.dart"},"type":"testStart","time":55204}
{"testID":121,"result":"success","skipped":false,"hidden":false,"type":"testDone","time":55621}
{"test":{"id":122,"name":"L-026 | Ready | responsive + screenshot","suiteID":4,"groupIDs":[22],"metadata":{"skip":false,"skipReason":null},"line":175,"column":5,"url":"package:flutter_test/src/widget_tester.dart","root_line":416,"root_column":7,"root_url":"file:///C:/Mingo/01_San_pham/cong_cu_phat_trien/mingo_ui/test/presentation_test.dart"},"type":"testStart","time":55621}
{"testID":122,"result":"success","skipped":false,"hidden":false,"type":"testDone","time":55926}
{"test":{"id":123,"name":"L-027 | Ready | responsive + screenshot","suiteID":4,"groupIDs":[22],"metadata":{"skip":false,"skipReason":null},"line":175,"column":5,"url":"package:flutter_test/src/widget_tester.dart","root_line":416,"root_column":7,"root_url":"file:///C:/Mingo/01_San_pham/cong_cu_phat_trien/mingo_ui/test/presentation_test.dart"},"type":"testStart","time":55927}
{"testID":123,"result":"success","skipped":false,"hidden":false,"type":"testDone","time":56310}
{"test":{"id":124,"name":"L-027 | selected | responsive + screenshot","suiteID":4,"groupIDs":[22],"metadata":{"skip":false,"skipReason":null},"line":175,"column":5,"url":"package:flutter_test/src/widget_tester.dart","root_line":416,"root_column":7,"root_url":"file:///C:/Mingo/01_San_pham/cong_cu_phat_trien/mingo_ui/test/presentation_test.dart"},"type":"testStart","time":56311}
{"testID":124,"result":"success","skipped":false,"hidden":false,"type":"testDone","time":56737}
{"test":{"id":125,"name":"L-027 | validation-error | responsive + screenshot","suiteID":4,"groupIDs":[22],"metadata":{"skip":false,"skipReason":null},"line":175,"column":5,"url":"package:flutter_test/src/widget_tester.dart","root_line":416,"root_column":7,"root_url":"file:///C:/Mingo/01_San_pham/cong_cu_phat_trien/mingo_ui/test/presentation_test.dart"},"type":"testStart","time":56738}
{"testID":125,"result":"success","skipped":false,"hidden":false,"type":"testDone","time":57152}
{"test":{"id":126,"name":"L-027 | submitting | responsive + screenshot","suiteID":4,"groupIDs":[22],"metadata":{"skip":false,"skipReason":null},"line":175,"column":5,"url":"package:flutter_test/src/widget_tester.dart","root_line":416,"root_column":7,"root_url":"file:///C:/Mingo/01_San_pham/cong_cu_phat_trien/mingo_ui/test/presentation_test.dart"},"type":"testStart","time":57153}
{"testID":126,"result":"success","skipped":false,"hidden":false,"type":"testDone","time":57462}
{"test":{"id":127,"name":"L-027 | result | responsive + screenshot","suiteID":4,"groupIDs":[22],"metadata":{"skip":false,"skipReason":null},"line":175,"column":5,"url":"package:flutter_test/src/widget_tester.dart","root_line":416,"root_column":7,"root_url":"file:///C:/Mingo/01_San_pham/cong_cu_phat_trien/mingo_ui/test/presentation_test.dart"},"type":"testStart","time":57462}
{"testID":127,"result":"success","skipped":false,"hidden":false,"type":"testDone","time":57887}
{"test":{"id":128,"name":"L-027 | audio-ready | responsive + screenshot","suiteID":4,"groupIDs":[22],"metadata":{"skip":false,"skipReason":null},"line":175,"column":5,"url":"package:flutter_test/src/widget_tester.dart","root_line":416,"root_column":7,"root_url":"file:///C:/Mingo/01_San_pham/cong_cu_phat_trien/mingo_ui/test/presentation_test.dart"},"type":"testStart","time":57887}
{"testID":128,"result":"success","skipped":false,"hidden":false,"type":"testDone","time":58309}
{"test":{"id":129,"name":"L-027 | audio-unavailable | responsive + screenshot","suiteID":4,"groupIDs":[22],"metadata":{"skip":false,"skipReason":null},"line":175,"column":5,"url":"package:flutter_test/src/widget_tester.dart","root_line":416,"root_column":7,"root_url":"file:///C:/Mingo/01_San_pham/cong_cu_phat_trien/mingo_ui/test/presentation_test.dart"},"type":"testStart","time":58309}
{"testID":129,"result":"success","skipped":false,"hidden":false,"type":"testDone","time":58720}
{"test":{"id":130,"name":"L-027 | play-limit-reached | responsive + screenshot","suiteID":4,"groupIDs":[22],"metadata":{"skip":false,"skipReason":null},"line":175,"column":5,"url":"package:flutter_test/src/widget_tester.dart","root_line":416,"root_column":7,"root_url":"file:///C:/Mingo/01_San_pham/cong_cu_phat_trien/mingo_ui/test/presentation_test.dart"},"type":"testStart","time":58720}
{"testID":130,"result":"success","skipped":false,"hidden":false,"type":"testDone","time":59176}
{"test":{"id":131,"name":"L-028 | Default | responsive + screenshot","suiteID":4,"groupIDs":[22],"metadata":{"skip":false,"skipReason":null},"line":175,"column":5,"url":"package:flutter_test/src/widget_tester.dart","root_line":416,"root_column":7,"root_url":"file:///C:/Mingo/01_San_pham/cong_cu_phat_trien/mingo_ui/test/presentation_test.dart"},"type":"testStart","time":59176}
{"testID":131,"result":"success","skipped":false,"hidden":false,"type":"testDone","time":59511}
{"test":{"id":132,"name":"L-029 | Retry available | responsive + screenshot","suiteID":4,"groupIDs":[22],"metadata":{"skip":false,"skipReason":null},"line":175,"column":5,"url":"package:flutter_test/src/widget_tester.dart","root_line":416,"root_column":7,"root_url":"file:///C:/Mingo/01_San_pham/cong_cu_phat_trien/mingo_ui/test/presentation_test.dart"},"type":"testStart","time":59512}
{"testID":132,"result":"success","skipped":false,"hidden":false,"type":"testDone","time":59831}
{"test":{"id":133,"name":"L-029 | retry used | responsive + screenshot","suiteID":4,"groupIDs":[22],"metadata":{"skip":false,"skipReason":null},"line":175,"column":5,"url":"package:flutter_test/src/widget_tester.dart","root_line":416,"root_column":7,"root_url":"file:///C:/Mingo/01_San_pham/cong_cu_phat_trien/mingo_ui/test/presentation_test.dart"},"type":"testStart","time":59831}
{"testID":133,"result":"success","skipped":false,"hidden":false,"type":"testDone","time":60132}
{"test":{"id":134,"name":"L-029 | retry exhausted | responsive + screenshot","suiteID":4,"groupIDs":[22],"metadata":{"skip":false,"skipReason":null},"line":175,"column":5,"url":"package:flutter_test/src/widget_tester.dart","root_line":416,"root_column":7,"root_url":"file:///C:/Mingo/01_San_pham/cong_cu_phat_trien/mingo_ui/test/presentation_test.dart"},"type":"testStart","time":60133}
{"testID":134,"result":"success","skipped":false,"hidden":false,"type":"testDone","time":60453}
{"test":{"id":135,"name":"L-030 | Default | responsive + screenshot","suiteID":4,"groupIDs":[22],"metadata":{"skip":false,"skipReason":null},"line":175,"column":5,"url":"package:flutter_test/src/widget_tester.dart","root_line":416,"root_column":7,"root_url":"file:///C:/Mingo/01_San_pham/cong_cu_phat_trien/mingo_ui/test/presentation_test.dart"},"type":"testStart","time":60453}
{"testID":135,"result":"success","skipped":false,"hidden":false,"type":"testDone","time":60756}
{"test":{"id":136,"name":"L-030 | unavailable | responsive + screenshot","suiteID":4,"groupIDs":[22],"metadata":{"skip":false,"skipReason":null},"line":175,"column":5,"url":"package:flutter_test/src/widget_tester.dart","root_line":416,"root_column":7,"root_url":"file:///C:/Mingo/01_San_pham/cong_cu_phat_trien/mingo_ui/test/presentation_test.dart"},"type":"testStart","time":60756}
{"testID":136,"result":"success","skipped":false,"hidden":false,"type":"testDone","time":61072}
{"test":{"id":137,"name":"L-031 | Default | responsive + screenshot","suiteID":4,"groupIDs":[22],"metadata":{"skip":false,"skipReason":null},"line":175,"column":5,"url":"package:flutter_test/src/widget_tester.dart","root_line":416,"root_column":7,"root_url":"file:///C:/Mingo/01_San_pham/cong_cu_phat_trien/mingo_ui/test/presentation_test.dart"},"type":"testStart","time":61073}
{"testID":137,"result":"success","skipped":false,"hidden":false,"type":"testDone","time":61366}
{"test":{"id":138,"name":"L-032 | Complete | responsive + screenshot","suiteID":4,"groupIDs":[22],"metadata":{"skip":false,"skipReason":null},"line":175,"column":5,"url":"package:flutter_test/src/widget_tester.dart","root_line":416,"root_column":7,"root_url":"file:///C:/Mingo/01_San_pham/cong_cu_phat_trien/mingo_ui/test/presentation_test.dart"},"type":"testStart","time":61367}
{"testID":138,"result":"success","skipped":false,"hidden":false,"type":"testDone","time":61733}
{"test":{"id":139,"name":"L-032 | partial | responsive + screenshot","suiteID":4,"groupIDs":[22],"metadata":{"skip":false,"skipReason":null},"line":175,"column":5,"url":"package:flutter_test/src/widget_tester.dart","root_line":416,"root_column":7,"root_url":"file:///C:/Mingo/01_San_pham/cong_cu_phat_trien/mingo_ui/test/presentation_test.dart"},"type":"testStart","time":61734}
{"testID":139,"result":"success","skipped":false,"hidden":false,"type":"testDone","time":62133}
{"test":{"id":140,"name":"L-032 | sync-queued | responsive + screenshot","suiteID":4,"groupIDs":[22],"metadata":{"skip":false,"skipReason":null},"line":175,"column":5,"url":"package:flutter_test/src/widget_tester.dart","root_line":416,"root_column":7,"root_url":"file:///C:/Mingo/01_San_pham/cong_cu_phat_trien/mingo_ui/test/presentation_test.dart"},"type":"testStart","time":62134}
{"testID":140,"result":"success","skipped":false,"hidden":false,"type":"testDone","time":62493}
{"test":{"id":141,"name":"L-033 | Resume | responsive + screenshot","suiteID":4,"groupIDs":[22],"metadata":{"skip":false,"skipReason":null},"line":175,"column":5,"url":"package:flutter_test/src/widget_tester.dart","root_line":416,"root_column":7,"root_url":"file:///C:/Mingo/01_San_pham/cong_cu_phat_trien/mingo_ui/test/presentation_test.dart"},"type":"testStart","time":62493}
{"testID":141,"result":"success","skipped":false,"hidden":false,"type":"testDone","time":62832}
{"test":{"id":142,"name":"L-033 | stale-content refresh | responsive + screenshot","suiteID":4,"groupIDs":[22],"metadata":{"skip":false,"skipReason":null},"line":175,"column":5,"url":"package:flutter_test/src/widget_tester.dart","root_line":416,"root_column":7,"root_url":"file:///C:/Mingo/01_San_pham/cong_cu_phat_trien/mingo_ui/test/presentation_test.dart"},"type":"testStart","time":62832}
{"testID":142,"result":"success","skipped":false,"hidden":false,"type":"testDone","time":63183}
{"test":{"id":143,"name":"L-040 | Open | responsive + screenshot","suiteID":4,"groupIDs":[22],"metadata":{"skip":false,"skipReason":null},"line":175,"column":5,"url":"package:flutter_test/src/widget_tester.dart","root_line":416,"root_column":7,"root_url":"file:///C:/Mingo/01_San_pham/cong_cu_phat_trien/mingo_ui/test/presentation_test.dart"},"type":"testStart","time":63184}
{"testID":143,"result":"success","skipped":false,"hidden":false,"type":"testDone","time":63779}
{"test":{"id":144,"name":"L-040 | due-review | responsive + screenshot","suiteID":4,"groupIDs":[22],"metadata":{"skip":false,"skipReason":null},"line":175,"column":5,"url":"package:flutter_test/src/widget_tester.dart","root_line":416,"root_column":7,"root_url":"file:///C:/Mingo/01_San_pham/cong_cu_phat_trien/mingo_ui/test/presentation_test.dart"},"type":"testStart","time":63779}
{"testID":144,"result":"success","skipped":false,"hidden":false,"type":"testDone","time":64369}
{"test":{"id":145,"name":"L-040 | locked | responsive + screenshot","suiteID":4,"groupIDs":[22],"metadata":{"skip":false,"skipReason":null},"line":175,"column":5,"url":"package:flutter_test/src/widget_tester.dart","root_line":416,"root_column":7,"root_url":"file:///C:/Mingo/01_San_pham/cong_cu_phat_trien/mingo_ui/test/presentation_test.dart"},"type":"testStart","time":64369}
{"testID":145,"result":"success","skipped":false,"hidden":false,"type":"testDone","time":64952}
{"test":{"id":146,"name":"L-040 | empty | responsive + screenshot","suiteID":4,"groupIDs":[22],"metadata":{"skip":false,"skipReason":null},"line":175,"column":5,"url":"package:flutter_test/src/widget_tester.dart","root_line":416,"root_column":7,"root_url":"file:///C:/Mingo/01_San_pham/cong_cu_phat_trien/mingo_ui/test/presentation_test.dart"},"type":"testStart","time":64952}
{"testID":146,"result":"success","skipped":false,"hidden":false,"type":"testDone","time":65508}
{"test":{"id":147,"name":"L-041 | Eligible | responsive + screenshot","suiteID":4,"groupIDs":[22],"metadata":{"skip":false,"skipReason":null},"line":175,"column":5,"url":"package:flutter_test/src/widget_tester.dart","root_line":416,"root_column":7,"root_url":"file:///C:/Mingo/01_San_pham/cong_cu_phat_trien/mingo_ui/test/presentation_test.dart"},"type":"testStart","time":65508}
{"testID":147,"result":"success","skipped":false,"hidden":false,"type":"testDone","time":65874}
{"test":{"id":148,"name":"L-041 | due | responsive + screenshot","suiteID":4,"groupIDs":[22],"metadata":{"skip":false,"skipReason":null},"line":175,"column":5,"url":"package:flutter_test/src/widget_tester.dart","root_line":416,"root_column":7,"root_url":"file:///C:/Mingo/01_San_pham/cong_cu_phat_trien/mingo_ui/test/presentation_test.dart"},"type":"testStart","time":65874}
{"testID":148,"result":"success","skipped":false,"hidden":false,"type":"testDone","time":66227}
{"test":{"id":149,"name":"L-041 | locked | responsive + screenshot","suiteID":4,"groupIDs":[22],"metadata":{"skip":false,"skipReason":null},"line":175,"column":5,"url":"package:flutter_test/src/widget_tester.dart","root_line":416,"root_column":7,"root_url":"file:///C:/Mingo/01_San_pham/cong_cu_phat_trien/mingo_ui/test/presentation_test.dart"},"type":"testStart","time":66228}
{"testID":149,"result":"success","skipped":false,"hidden":false,"type":"testDone","time":66587}
{"test":{"id":150,"name":"L-041 | insufficient-evidence | responsive + screenshot","suiteID":4,"groupIDs":[22],"metadata":{"skip":false,"skipReason":null},"line":175,"column":5,"url":"package:flutter_test/src/widget_tester.dart","root_line":416,"root_column":7,"root_url":"file:///C:/Mingo/01_San_pham/cong_cu_phat_trien/mingo_ui/test/presentation_test.dart"},"type":"testStart","time":66587}
{"testID":150,"result":"success","skipped":false,"hidden":false,"type":"testDone","time":66938}
{"test":{"id":151,"name":"L-042 | Preview-open | responsive + screenshot","suiteID":4,"groupIDs":[22],"metadata":{"skip":false,"skipReason":null},"line":175,"column":5,"url":"package:flutter_test/src/widget_tester.dart","root_line":416,"root_column":7,"root_url":"file:///C:/Mingo/01_San_pham/cong_cu_phat_trien/mingo_ui/test/presentation_test.dart"},"type":"testStart","time":66939}
{"testID":151,"result":"success","skipped":false,"hidden":false,"type":"testDone","time":67275}
{"test":{"id":152,"name":"L-042 | preview-close | responsive + screenshot","suiteID":4,"groupIDs":[22],"metadata":{"skip":false,"skipReason":null},"line":175,"column":5,"url":"package:flutter_test/src/widget_tester.dart","root_line":416,"root_column":7,"root_url":"file:///C:/Mingo/01_San_pham/cong_cu_phat_trien/mingo_ui/test/presentation_test.dart"},"type":"testStart","time":67276}
{"testID":152,"result":"success","skipped":false,"hidden":false,"type":"testDone","time":67610}
{"test":{"id":153,"name":"L-050 | Default | responsive + screenshot","suiteID":4,"groupIDs":[22],"metadata":{"skip":false,"skipReason":null},"line":175,"column":5,"url":"package:flutter_test/src/widget_tester.dart","root_line":416,"root_column":7,"root_url":"file:///C:/Mingo/01_San_pham/cong_cu_phat_trien/mingo_ui/test/presentation_test.dart"},"type":"testStart","time":67611}
{"testID":153,"result":"success","skipped":false,"hidden":false,"type":"testDone","time":68092}
{"test":{"id":154,"name":"L-050 | insufficient-evidence | responsive + screenshot","suiteID":4,"groupIDs":[22],"metadata":{"skip":false,"skipReason":null},"line":175,"column":5,"url":"package:flutter_test/src/widget_tester.dart","root_line":416,"root_column":7,"root_url":"file:///C:/Mingo/01_San_pham/cong_cu_phat_trien/mingo_ui/test/presentation_test.dart"},"type":"testStart","time":68092}
{"testID":154,"result":"success","skipped":false,"hidden":false,"type":"testDone","time":68589}
{"test":{"id":155,"name":"L-051 | Building | responsive + screenshot","suiteID":4,"groupIDs":[22],"metadata":{"skip":false,"skipReason":null},"line":175,"column":5,"url":"package:flutter_test/src/widget_tester.dart","root_line":416,"root_column":7,"root_url":"file:///C:/Mingo/01_San_pham/cong_cu_phat_trien/mingo_ui/test/presentation_test.dart"},"type":"testStart","time":68589}
{"testID":155,"result":"success","skipped":false,"hidden":false,"type":"testDone","time":68968}
{"test":{"id":156,"name":"L-051 | more-evidence-needed | responsive + screenshot","suiteID":4,"groupIDs":[22],"metadata":{"skip":false,"skipReason":null},"line":175,"column":5,"url":"package:flutter_test/src/widget_tester.dart","root_line":416,"root_column":7,"root_url":"file:///C:/Mingo/01_San_pham/cong_cu_phat_trien/mingo_ui/test/presentation_test.dart"},"type":"testStart","time":68968}
{"testID":156,"result":"success","skipped":false,"hidden":false,"type":"testDone","time":69380}
{"test":{"id":157,"name":"L-052 | Default | responsive + screenshot","suiteID":4,"groupIDs":[22],"metadata":{"skip":false,"skipReason":null},"line":175,"column":5,"url":"package:flutter_test/src/widget_tester.dart","root_line":416,"root_column":7,"root_url":"file:///C:/Mingo/01_San_pham/cong_cu_phat_trien/mingo_ui/test/presentation_test.dart"},"type":"testStart","time":69381}
{"testID":157,"result":"success","skipped":false,"hidden":false,"type":"testDone","time":69794}
{"test":{"id":158,"name":"L-052 | saved | responsive + screenshot","suiteID":4,"groupIDs":[22],"metadata":{"skip":false,"skipReason":null},"line":175,"column":5,"url":"package:flutter_test/src/widget_tester.dart","root_line":416,"root_column":7,"root_url":"file:///C:/Mingo/01_San_pham/cong_cu_phat_trien/mingo_ui/test/presentation_test.dart"},"type":"testStart","time":69794}
{"testID":158,"result":"success","skipped":false,"hidden":false,"type":"testDone","time":70206}
{"test":{"id":159,"name":"L-052 | error | responsive + screenshot","suiteID":4,"groupIDs":[22],"metadata":{"skip":false,"skipReason":null},"line":175,"column":5,"url":"package:flutter_test/src/widget_tester.dart","root_line":416,"root_column":7,"root_url":"file:///C:/Mingo/01_San_pham/cong_cu_phat_trien/mingo_ui/test/presentation_test.dart"},"type":"testStart","time":70206}
{"testID":159,"result":"success","skipped":false,"hidden":false,"type":"testDone","time":70618}
{"test":{"id":160,"name":"L-053 | Default | responsive + screenshot","suiteID":4,"groupIDs":[22],"metadata":{"skip":false,"skipReason":null},"line":175,"column":5,"url":"package:flutter_test/src/widget_tester.dart","root_line":416,"root_column":7,"root_url":"file:///C:/Mingo/01_San_pham/cong_cu_phat_trien/mingo_ui/test/presentation_test.dart"},"type":"testStart","time":70618}
{"testID":160,"result":"success","skipped":false,"hidden":false,"type":"testDone","time":71106}
{"test":{"id":161,"name":"L-053 | saved | responsive + screenshot","suiteID":4,"groupIDs":[22],"metadata":{"skip":false,"skipReason":null},"line":175,"column":5,"url":"package:flutter_test/src/widget_tester.dart","root_line":416,"root_column":7,"root_url":"file:///C:/Mingo/01_San_pham/cong_cu_phat_trien/mingo_ui/test/presentation_test.dart"},"type":"testStart","time":71106}
{"testID":161,"result":"success","skipped":false,"hidden":false,"type":"testDone","time":71608}
{"test":{"id":162,"name":"L-054 | Available | responsive + screenshot","suiteID":4,"groupIDs":[22],"metadata":{"skip":false,"skipReason":null},"line":175,"column":5,"url":"package:flutter_test/src/widget_tester.dart","root_line":416,"root_column":7,"root_url":"file:///C:/Mingo/01_San_pham/cong_cu_phat_trien/mingo_ui/test/presentation_test.dart"},"type":"testStart","time":71609}
{"testID":162,"result":"success","skipped":false,"hidden":false,"type":"testDone","time":71960}
{"test":{"id":163,"name":"L-054 | downloading | responsive + screenshot","suiteID":4,"groupIDs":[22],"metadata":{"skip":false,"skipReason":null},"line":175,"column":5,"url":"package:flutter_test/src/widget_tester.dart","root_line":416,"root_column":7,"root_url":"file:///C:/Mingo/01_San_pham/cong_cu_phat_trien/mingo_ui/test/presentation_test.dart"},"type":"testStart","time":71961}
{"testID":163,"result":"success","skipped":false,"hidden":false,"type":"testDone","time":72353}
{"test":{"id":164,"name":"L-054 | downloaded | responsive + screenshot","suiteID":4,"groupIDs":[22],"metadata":{"skip":false,"skipReason":null},"line":175,"column":5,"url":"package:flutter_test/src/widget_tester.dart","root_line":416,"root_column":7,"root_url":"file:///C:/Mingo/01_San_pham/cong_cu_phat_trien/mingo_ui/test/presentation_test.dart"},"type":"testStart","time":72354}
{"testID":164,"result":"success","skipped":false,"hidden":false,"type":"testDone","time":72714}
{"test":{"id":165,"name":"L-054 | expired | responsive + screenshot","suiteID":4,"groupIDs":[22],"metadata":{"skip":false,"skipReason":null},"line":175,"column":5,"url":"package:flutter_test/src/widget_tester.dart","root_line":416,"root_column":7,"root_url":"file:///C:/Mingo/01_San_pham/cong_cu_phat_trien/mingo_ui/test/presentation_test.dart"},"type":"testStart","time":72714}
{"testID":165,"result":"success","skipped":false,"hidden":false,"type":"testDone","time":73067}
{"test":{"id":166,"name":"L-054 | failed | responsive + screenshot","suiteID":4,"groupIDs":[22],"metadata":{"skip":false,"skipReason":null},"line":175,"column":5,"url":"package:flutter_test/src/widget_tester.dart","root_line":416,"root_column":7,"root_url":"file:///C:/Mingo/01_San_pham/cong_cu_phat_trien/mingo_ui/test/presentation_test.dart"},"type":"testStart","time":73067}
{"testID":166,"result":"success","skipped":false,"hidden":false,"type":"testDone","time":73434}
{"test":{"id":167,"name":"L-060 | offline-available | responsive + screenshot","suiteID":4,"groupIDs":[22],"metadata":{"skip":false,"skipReason":null},"line":175,"column":5,"url":"package:flutter_test/src/widget_tester.dart","root_line":416,"root_column":7,"root_url":"file:///C:/Mingo/01_San_pham/cong_cu_phat_trien/mingo_ui/test/presentation_test.dart"},"type":"testStart","time":73434}
{"testID":167,"result":"success","skipped":false,"hidden":false,"type":"testDone","time":73801}
{"test":{"id":168,"name":"L-060 | local-queued | responsive + screenshot","suiteID":4,"groupIDs":[22],"metadata":{"skip":false,"skipReason":null},"line":175,"column":5,"url":"package:flutter_test/src/widget_tester.dart","root_line":416,"root_column":7,"root_url":"file:///C:/Mingo/01_San_pham/cong_cu_phat_trien/mingo_ui/test/presentation_test.dart"},"type":"testStart","time":73801}
{"testID":168,"result":"success","skipped":false,"hidden":false,"type":"testDone","time":74175}
{"test":{"id":169,"name":"L-060 | syncing | responsive + screenshot","suiteID":4,"groupIDs":[22],"metadata":{"skip":false,"skipReason":null},"line":175,"column":5,"url":"package:flutter_test/src/widget_tester.dart","root_line":416,"root_column":7,"root_url":"file:///C:/Mingo/01_San_pham/cong_cu_phat_trien/mingo_ui/test/presentation_test.dart"},"type":"testStart","time":74175}
{"testID":169,"result":"success","skipped":false,"hidden":false,"type":"testDone","time":74537}
{"test":{"id":170,"name":"L-060 | synced | responsive + screenshot","suiteID":4,"groupIDs":[22],"metadata":{"skip":false,"skipReason":null},"line":175,"column":5,"url":"package:flutter_test/src/widget_tester.dart","root_line":416,"root_column":7,"root_url":"file:///C:/Mingo/01_San_pham/cong_cu_phat_trien/mingo_ui/test/presentation_test.dart"},"type":"testStart","time":74537}
{"testID":170,"result":"success","skipped":false,"hidden":false,"type":"testDone","time":74900}
{"test":{"id":171,"name":"L-060 | partial | responsive + screenshot","suiteID":4,"groupIDs":[22],"metadata":{"skip":false,"skipReason":null},"line":175,"column":5,"url":"package:flutter_test/src/widget_tester.dart","root_line":416,"root_column":7,"root_url":"file:///C:/Mingo/01_San_pham/cong_cu_phat_trien/mingo_ui/test/presentation_test.dart"},"type":"testStart","time":74901}
{"testID":171,"result":"success","skipped":false,"hidden":false,"type":"testDone","time":75288}
{"test":{"id":172,"name":"L-061 | failed-retryable | responsive + screenshot","suiteID":4,"groupIDs":[22],"metadata":{"skip":false,"skipReason":null},"line":175,"column":5,"url":"package:flutter_test/src/widget_tester.dart","root_line":416,"root_column":7,"root_url":"file:///C:/Mingo/01_San_pham/cong_cu_phat_trien/mingo_ui/test/presentation_test.dart"},"type":"testStart","time":75288}
{"testID":172,"result":"success","skipped":false,"hidden":false,"type":"testDone","time":75648}
{"test":{"id":173,"name":"L-061 | reauth | responsive + screenshot","suiteID":4,"groupIDs":[22],"metadata":{"skip":false,"skipReason":null},"line":175,"column":5,"url":"package:flutter_test/src/widget_tester.dart","root_line":416,"root_column":7,"root_url":"file:///C:/Mingo/01_San_pham/cong_cu_phat_trien/mingo_ui/test/presentation_test.dart"},"type":"testStart","time":75648}
{"testID":173,"result":"success","skipped":false,"hidden":false,"type":"testDone","time":76018}
{"test":{"id":174,"name":"L-061 | canonical-refresh | responsive + screenshot","suiteID":4,"groupIDs":[22],"metadata":{"skip":false,"skipReason":null},"line":175,"column":5,"url":"package:flutter_test/src/widget_tester.dart","root_line":416,"root_column":7,"root_url":"file:///C:/Mingo/01_San_pham/cong_cu_phat_trien/mingo_ui/test/presentation_test.dart"},"type":"testStart","time":76018}
{"testID":174,"result":"success","skipped":false,"hidden":false,"type":"testDone","time":76383}
{"test":{"id":175,"name":"L-061 | media-unavailable | responsive + screenshot","suiteID":4,"groupIDs":[22],"metadata":{"skip":false,"skipReason":null},"line":175,"column":5,"url":"package:flutter_test/src/widget_tester.dart","root_line":416,"root_column":7,"root_url":"file:///C:/Mingo/01_San_pham/cong_cu_phat_trien/mingo_ui/test/presentation_test.dart"},"type":"testStart","time":76384}
{"testID":175,"result":"success","skipped":false,"hidden":false,"type":"testDone","time":76776}
{"test":{"id":176,"name":"L-062 | Recoverable | responsive + screenshot","suiteID":4,"groupIDs":[22],"metadata":{"skip":false,"skipReason":null},"line":175,"column":5,"url":"package:flutter_test/src/widget_tester.dart","root_line":416,"root_column":7,"root_url":"file:///C:/Mingo/01_San_pham/cong_cu_phat_trien/mingo_ui/test/presentation_test.dart"},"type":"testStart","time":76776}
{"testID":176,"result":"success","skipped":false,"hidden":false,"type":"testDone","time":77112}
{"test":{"id":177,"name":"L-062 | fatal | responsive + screenshot","suiteID":4,"groupIDs":[22],"metadata":{"skip":false,"skipReason":null},"line":175,"column":5,"url":"package:flutter_test/src/widget_tester.dart","root_line":416,"root_column":7,"root_url":"file:///C:/Mingo/01_San_pham/cong_cu_phat_trien/mingo_ui/test/presentation_test.dart"},"type":"testStart","time":77112}
{"testID":177,"result":"success","skipped":false,"hidden":false,"type":"testDone","time":77465}
{"test":{"id":178,"name":"L-063 | Nothing-due | responsive + screenshot","suiteID":4,"groupIDs":[22],"metadata":{"skip":false,"skipReason":null},"line":175,"column":5,"url":"package:flutter_test/src/widget_tester.dart","root_line":416,"root_column":7,"root_url":"file:///C:/Mingo/01_San_pham/cong_cu_phat_trien/mingo_ui/test/presentation_test.dart"},"type":"testStart","time":77465}
{"testID":178,"result":"success","skipped":false,"hidden":false,"type":"testDone","time":77791}
{"test":{"id":179,"name":"L-063 | no-valid-cycle | responsive + screenshot","suiteID":4,"groupIDs":[22],"metadata":{"skip":false,"skipReason":null},"line":175,"column":5,"url":"package:flutter_test/src/widget_tester.dart","root_line":416,"root_column":7,"root_url":"file:///C:/Mingo/01_San_pham/cong_cu_phat_trien/mingo_ui/test/presentation_test.dart"},"type":"testStart","time":77791}
{"testID":179,"result":"success","skipped":false,"hidden":false,"type":"testDone","time":78116}
{"test":{"id":180,"name":"L-063 | media-unavailable | responsive + screenshot","suiteID":4,"groupIDs":[22],"metadata":{"skip":false,"skipReason":null},"line":175,"column":5,"url":"package:flutter_test/src/widget_tester.dart","root_line":416,"root_column":7,"root_url":"file:///C:/Mingo/01_San_pham/cong_cu_phat_trien/mingo_ui/test/presentation_test.dart"},"type":"testStart","time":78117}
{"testID":180,"result":"success","skipped":false,"hidden":false,"type":"testDone","time":78458}
{"test":{"id":181,"name":"L-064 | Default | responsive + screenshot","suiteID":4,"groupIDs":[22],"metadata":{"skip":false,"skipReason":null},"line":175,"column":5,"url":"package:flutter_test/src/widget_tester.dart","root_line":416,"root_column":7,"root_url":"file:///C:/Mingo/01_San_pham/cong_cu_phat_trien/mingo_ui/test/presentation_test.dart"},"type":"testStart","time":78459}
{"testID":181,"result":"success","skipped":false,"hidden":false,"type":"testDone","time":78791}
{"test":{"id":182,"name":"S-001 | Loading | responsive + screenshot","suiteID":4,"groupIDs":[22],"metadata":{"skip":false,"skipReason":null},"line":175,"column":5,"url":"package:flutter_test/src/widget_tester.dart","root_line":416,"root_column":7,"root_url":"file:///C:/Mingo/01_San_pham/cong_cu_phat_trien/mingo_ui/test/presentation_test.dart"},"type":"testStart","time":78791}
{"testID":182,"result":"success","skipped":false,"hidden":false,"type":"testDone","time":79186}
{"test":{"id":183,"name":"S-001 | access-required | responsive + screenshot","suiteID":4,"groupIDs":[22],"metadata":{"skip":false,"skipReason":null},"line":175,"column":5,"url":"package:flutter_test/src/widget_tester.dart","root_line":416,"root_column":7,"root_url":"file:///C:/Mingo/01_San_pham/cong_cu_phat_trien/mingo_ui/test/presentation_test.dart"},"type":"testStart","time":79187}
{"testID":183,"result":"success","skipped":false,"hidden":false,"type":"testDone","time":79572}
{"test":{"id":184,"name":"S-010 | Default | responsive + screenshot","suiteID":4,"groupIDs":[22],"metadata":{"skip":false,"skipReason":null},"line":175,"column":5,"url":"package:flutter_test/src/widget_tester.dart","root_line":416,"root_column":7,"root_url":"file:///C:/Mingo/01_San_pham/cong_cu_phat_trien/mingo_ui/test/presentation_test.dart"},"type":"testStart","time":79572}
{"testID":184,"result":"success","skipped":false,"hidden":false,"type":"testDone","time":79994}
{"test":{"id":185,"name":"S-010 | empty | responsive + screenshot","suiteID":4,"groupIDs":[22],"metadata":{"skip":false,"skipReason":null},"line":175,"column":5,"url":"package:flutter_test/src/widget_tester.dart","root_line":416,"root_column":7,"root_url":"file:///C:/Mingo/01_San_pham/cong_cu_phat_trien/mingo_ui/test/presentation_test.dart"},"type":"testStart","time":79994}
{"testID":185,"result":"success","skipped":false,"hidden":false,"type":"testDone","time":80385}
{"test":{"id":186,"name":"S-010 | partial | responsive + screenshot","suiteID":4,"groupIDs":[22],"metadata":{"skip":false,"skipReason":null},"line":175,"column":5,"url":"package:flutter_test/src/widget_tester.dart","root_line":416,"root_column":7,"root_url":"file:///C:/Mingo/01_San_pham/cong_cu_phat_trien/mingo_ui/test/presentation_test.dart"},"type":"testStart","time":80385}
{"testID":186,"result":"success","skipped":false,"hidden":false,"type":"testDone","time":80828}
{"test":{"id":187,"name":"S-020 | Loading | responsive + screenshot","suiteID":4,"groupIDs":[22],"metadata":{"skip":false,"skipReason":null},"line":175,"column":5,"url":"package:flutter_test/src/widget_tester.dart","root_line":416,"root_column":7,"root_url":"file:///C:/Mingo/01_San_pham/cong_cu_phat_trien/mingo_ui/test/presentation_test.dart"},"type":"testStart","time":80828}
{"testID":187,"result":"success","skipped":false,"hidden":false,"type":"testDone","time":81210}
{"test":{"id":188,"name":"S-020 | empty | responsive + screenshot","suiteID":4,"groupIDs":[22],"metadata":{"skip":false,"skipReason":null},"line":175,"column":5,"url":"package:flutter_test/src/widget_tester.dart","root_line":416,"root_column":7,"root_url":"file:///C:/Mingo/01_San_pham/cong_cu_phat_trien/mingo_ui/test/presentation_test.dart"},"type":"testStart","time":81211}
{"testID":188,"result":"success","skipped":false,"hidden":false,"type":"testDone","time":81578}
{"test":{"id":189,"name":"S-020 | filtered | responsive + screenshot","suiteID":4,"groupIDs":[22],"metadata":{"skip":false,"skipReason":null},"line":175,"column":5,"url":"package:flutter_test/src/widget_tester.dart","root_line":416,"root_column":7,"root_url":"file:///C:/Mingo/01_San_pham/cong_cu_phat_trien/mingo_ui/test/presentation_test.dart"},"type":"testStart","time":81578}
{"testID":189,"result":"success","skipped":false,"hidden":false,"type":"testDone","time":82069}
{"test":{"id":190,"name":"S-020 | error | responsive + screenshot","suiteID":4,"groupIDs":[22],"metadata":{"skip":false,"skipReason":null},"line":175,"column":5,"url":"package:flutter_test/src/widget_tester.dart","root_line":416,"root_column":7,"root_url":"file:///C:/Mingo/01_San_pham/cong_cu_phat_trien/mingo_ui/test/presentation_test.dart"},"type":"testStart","time":82069}
{"testID":190,"result":"success","skipped":false,"hidden":false,"type":"testDone","time":82582}
{"test":{"id":191,"name":"S-021 | Default | responsive + screenshot","suiteID":4,"groupIDs":[22],"metadata":{"skip":false,"skipReason":null},"line":175,"column":5,"url":"package:flutter_test/src/widget_tester.dart","root_line":416,"root_column":7,"root_url":"file:///C:/Mingo/01_San_pham/cong_cu_phat_trien/mingo_ui/test/presentation_test.dart"},"type":"testStart","time":82582}
{"testID":191,"result":"success","skipped":false,"hidden":false,"type":"testDone","time":83001}
{"test":{"id":192,"name":"S-021 | insufficient-evidence | responsive + screenshot","suiteID":4,"groupIDs":[22],"metadata":{"skip":false,"skipReason":null},"line":175,"column":5,"url":"package:flutter_test/src/widget_tester.dart","root_line":416,"root_column":7,"root_url":"file:///C:/Mingo/01_San_pham/cong_cu_phat_trien/mingo_ui/test/presentation_test.dart"},"type":"testStart","time":83001}
{"testID":192,"result":"success","skipped":false,"hidden":false,"type":"testDone","time":83415}
{"test":{"id":193,"name":"S-021 | access-denied | responsive + screenshot","suiteID":4,"groupIDs":[22],"metadata":{"skip":false,"skipReason":null},"line":175,"column":5,"url":"package:flutter_test/src/widget_tester.dart","root_line":416,"root_column":7,"root_url":"file:///C:/Mingo/01_San_pham/cong_cu_phat_trien/mingo_ui/test/presentation_test.dart"},"type":"testStart","time":83416}
{"testID":193,"result":"success","skipped":false,"hidden":false,"type":"testDone","time":83806}
{"test":{"id":194,"name":"S-022 | Loading | responsive + screenshot","suiteID":4,"groupIDs":[22],"metadata":{"skip":false,"skipReason":null},"line":175,"column":5,"url":"package:flutter_test/src/widget_tester.dart","root_line":416,"root_column":7,"root_url":"file:///C:/Mingo/01_San_pham/cong_cu_phat_trien/mingo_ui/test/presentation_test.dart"},"type":"testStart","time":83807}
{"testID":194,"result":"success","skipped":false,"hidden":false,"type":"testDone","time":84185}
{"test":{"id":195,"name":"S-022 | no-evidence | responsive + screenshot","suiteID":4,"groupIDs":[22],"metadata":{"skip":false,"skipReason":null},"line":175,"column":5,"url":"package:flutter_test/src/widget_tester.dart","root_line":416,"root_column":7,"root_url":"file:///C:/Mingo/01_San_pham/cong_cu_phat_trien/mingo_ui/test/presentation_test.dart"},"type":"testStart","time":84185}
{"testID":195,"result":"success","skipped":false,"hidden":false,"type":"testDone","time":84554}
{"test":{"id":196,"name":"S-023 | Default | responsive + screenshot","suiteID":4,"groupIDs":[22],"metadata":{"skip":false,"skipReason":null},"line":175,"column":5,"url":"package:flutter_test/src/widget_tester.dart","root_line":416,"root_column":7,"root_url":"file:///C:/Mingo/01_San_pham/cong_cu_phat_trien/mingo_ui/test/presentation_test.dart"},"type":"testStart","time":84555}
{"testID":196,"result":"success","skipped":false,"hidden":false,"type":"testDone","time":84925}
{"test":{"id":197,"name":"S-023 | empty | responsive + screenshot","suiteID":4,"groupIDs":[22],"metadata":{"skip":false,"skipReason":null},"line":175,"column":5,"url":"package:flutter_test/src/widget_tester.dart","root_line":416,"root_column":7,"root_url":"file:///C:/Mingo/01_San_pham/cong_cu_phat_trien/mingo_ui/test/presentation_test.dart"},"type":"testStart","time":84925}
{"testID":197,"result":"success","skipped":false,"hidden":false,"type":"testDone","time":85289}
{"test":{"id":198,"name":"S-030 | Default | responsive + screenshot","suiteID":4,"groupIDs":[22],"metadata":{"skip":false,"skipReason":null},"line":175,"column":5,"url":"package:flutter_test/src/widget_tester.dart","root_line":416,"root_column":7,"root_url":"file:///C:/Mingo/01_San_pham/cong_cu_phat_trien/mingo_ui/test/presentation_test.dart"},"type":"testStart","time":85289}
{"testID":198,"result":"success","skipped":false,"hidden":false,"type":"testDone","time":85829}
{"test":{"id":199,"name":"S-030 | empty | responsive + screenshot","suiteID":4,"groupIDs":[22],"metadata":{"skip":false,"skipReason":null},"line":175,"column":5,"url":"package:flutter_test/src/widget_tester.dart","root_line":416,"root_column":7,"root_url":"file:///C:/Mingo/01_San_pham/cong_cu_phat_trien/mingo_ui/test/presentation_test.dart"},"type":"testStart","time":85829}
{"testID":199,"result":"success","skipped":false,"hidden":false,"type":"testDone","time":86214}
{"test":{"id":200,"name":"S-030 | filtered | responsive + screenshot","suiteID":4,"groupIDs":[22],"metadata":{"skip":false,"skipReason":null},"line":175,"column":5,"url":"package:flutter_test/src/widget_tester.dart","root_line":416,"root_column":7,"root_url":"file:///C:/Mingo/01_San_pham/cong_cu_phat_trien/mingo_ui/test/presentation_test.dart"},"type":"testStart","time":86214}
{"testID":200,"result":"success","skipped":false,"hidden":false,"type":"testDone","time":86730}
{"test":{"id":201,"name":"S-031 | clean | responsive + screenshot","suiteID":4,"groupIDs":[22],"metadata":{"skip":false,"skipReason":null},"line":175,"column":5,"url":"package:flutter_test/src/widget_tester.dart","root_line":416,"root_column":7,"root_url":"file:///C:/Mingo/01_San_pham/cong_cu_phat_trien/mingo_ui/test/presentation_test.dart"},"type":"testStart","time":86731}
{"testID":201,"result":"success","skipped":false,"hidden":false,"type":"testDone","time":87377}
{"test":{"id":202,"name":"S-031 | dirty | responsive + screenshot","suiteID":4,"groupIDs":[22],"metadata":{"skip":false,"skipReason":null},"line":175,"column":5,"url":"package:flutter_test/src/widget_tester.dart","root_line":416,"root_column":7,"root_url":"file:///C:/Mingo/01_San_pham/cong_cu_phat_trien/mingo_ui/test/presentation_test.dart"},"type":"testStart","time":87377}
{"testID":202,"result":"success","skipped":false,"hidden":false,"type":"testDone","time":88058}
{"test":{"id":203,"name":"S-031 | saving | responsive + screenshot","suiteID":4,"groupIDs":[22],"metadata":{"skip":false,"skipReason":null},"line":175,"column":5,"url":"package:flutter_test/src/widget_tester.dart","root_line":416,"root_column":7,"root_url":"file:///C:/Mingo/01_San_pham/cong_cu_phat_trien/mingo_ui/test/presentation_test.dart"},"type":"testStart","time":88059}
{"testID":203,"result":"success","skipped":false,"hidden":false,"type":"testDone","time":88438}
{"test":{"id":204,"name":"S-031 | saved | responsive + screenshot","suiteID":4,"groupIDs":[22],"metadata":{"skip":false,"skipReason":null},"line":175,"column":5,"url":"package:flutter_test/src/widget_tester.dart","root_line":416,"root_column":7,"root_url":"file:///C:/Mingo/01_San_pham/cong_cu_phat_trien/mingo_ui/test/presentation_test.dart"},"type":"testStart","time":88439}
{"testID":204,"result":"success","skipped":false,"hidden":false,"type":"testDone","time":89078}
{"test":{"id":205,"name":"S-031 | validation-error | responsive + screenshot","suiteID":4,"groupIDs":[22],"metadata":{"skip":false,"skipReason":null},"line":175,"column":5,"url":"package:flutter_test/src/widget_tester.dart","root_line":416,"root_column":7,"root_url":"file:///C:/Mingo/01_San_pham/cong_cu_phat_trien/mingo_ui/test/presentation_test.dart"},"type":"testStart","time":89078}
{"testID":205,"result":"success","skipped":false,"hidden":false,"type":"testDone","time":89731}
{"test":{"id":206,"name":"S-031 | reviewer-changes | responsive + screenshot","suiteID":4,"groupIDs":[22],"metadata":{"skip":false,"skipReason":null},"line":175,"column":5,"url":"package:flutter_test/src/widget_tester.dart","root_line":416,"root_column":7,"root_url":"file:///C:/Mingo/01_San_pham/cong_cu_phat_trien/mingo_ui/test/presentation_test.dart"},"type":"testStart","time":89731}
{"testID":206,"result":"success","skipped":false,"hidden":false,"type":"testDone","time":90392}
{"test":{"id":207,"name":"S-032 | preview | responsive + screenshot","suiteID":4,"groupIDs":[22],"metadata":{"skip":false,"skipReason":null},"line":175,"column":5,"url":"package:flutter_test/src/widget_tester.dart","root_line":416,"root_column":7,"root_url":"file:///C:/Mingo/01_San_pham/cong_cu_phat_trien/mingo_ui/test/presentation_test.dart"},"type":"testStart","time":90393}
{"testID":207,"result":"success","skipped":false,"hidden":false,"type":"testDone","time":90759}
{"test":{"id":208,"name":"S-033 | license-pending | responsive + screenshot","suiteID":4,"groupIDs":[22],"metadata":{"skip":false,"skipReason":null},"line":175,"column":5,"url":"package:flutter_test/src/widget_tester.dart","root_line":416,"root_column":7,"root_url":"file:///C:/Mingo/01_San_pham/cong_cu_phat_trien/mingo_ui/test/presentation_test.dart"},"type":"testStart","time":90759}
{"testID":208,"result":"success","skipped":false,"hidden":false,"type":"testDone","time":91160}
{"test":{"id":209,"name":"S-033 | license-verified | responsive + screenshot","suiteID":4,"groupIDs":[22],"metadata":{"skip":false,"skipReason":null},"line":175,"column":5,"url":"package:flutter_test/src/widget_tester.dart","root_line":416,"root_column":7,"root_url":"file:///C:/Mingo/01_San_pham/cong_cu_phat_trien/mingo_ui/test/presentation_test.dart"},"type":"testStart","time":91161}
{"testID":209,"result":"success","skipped":false,"hidden":false,"type":"testDone","time":91571}
{"test":{"id":210,"name":"S-033 | validation-error | responsive + screenshot","suiteID":4,"groupIDs":[22],"metadata":{"skip":false,"skipReason":null},"line":175,"column":5,"url":"package:flutter_test/src/widget_tester.dart","root_line":416,"root_column":7,"root_url":"file:///C:/Mingo/01_San_pham/cong_cu_phat_trien/mingo_ui/test/presentation_test.dart"},"type":"testStart","time":91572}
{"testID":210,"result":"success","skipped":false,"hidden":false,"type":"testDone","time":91981}
{"test":{"id":211,"name":"S-034 | Empty | responsive + screenshot","suiteID":4,"groupIDs":[22],"metadata":{"skip":false,"skipReason":null},"line":175,"column":5,"url":"package:flutter_test/src/widget_tester.dart","root_line":416,"root_column":7,"root_url":"file:///C:/Mingo/01_San_pham/cong_cu_phat_trien/mingo_ui/test/presentation_test.dart"},"type":"testStart","time":91982}
{"testID":211,"result":"success","skipped":false,"hidden":false,"type":"testDone","time":92364}
{"test":{"id":212,"name":"S-034 | filtered | responsive + screenshot","suiteID":4,"groupIDs":[22],"metadata":{"skip":false,"skipReason":null},"line":175,"column":5,"url":"package:flutter_test/src/widget_tester.dart","root_line":416,"root_column":7,"root_url":"file:///C:/Mingo/01_San_pham/cong_cu_phat_trien/mingo_ui/test/presentation_test.dart"},"type":"testStart","time":92364}
{"testID":212,"result":"success","skipped":false,"hidden":false,"type":"testDone","time":92889}
{"test":{"id":213,"name":"S-035 | license-blocked | responsive + screenshot","suiteID":4,"groupIDs":[22],"metadata":{"skip":false,"skipReason":null},"line":175,"column":5,"url":"package:flutter_test/src/widget_tester.dart","root_line":416,"root_column":7,"root_url":"file:///C:/Mingo/01_San_pham/cong_cu_phat_trien/mingo_ui/test/presentation_test.dart"},"type":"testStart","time":92889}
{"testID":213,"result":"success","skipped":false,"hidden":false,"type":"testDone","time":93322}
{"test":{"id":214,"name":"S-035 | approvable | responsive + screenshot","suiteID":4,"groupIDs":[22],"metadata":{"skip":false,"skipReason":null},"line":175,"column":5,"url":"package:flutter_test/src/widget_tester.dart","root_line":416,"root_column":7,"root_url":"file:///C:/Mingo/01_San_pham/cong_cu_phat_trien/mingo_ui/test/presentation_test.dart"},"type":"testStart","time":93323}
{"testID":214,"result":"success","skipped":false,"hidden":false,"type":"testDone","time":93753}
{"test":{"id":215,"name":"S-035 | changes-requested | responsive + screenshot","suiteID":4,"groupIDs":[22],"metadata":{"skip":false,"skipReason":null},"line":175,"column":5,"url":"package:flutter_test/src/widget_tester.dart","root_line":416,"root_column":7,"root_url":"file:///C:/Mingo/01_San_pham/cong_cu_phat_trien/mingo_ui/test/presentation_test.dart"},"type":"testStart","time":93753}
{"testID":215,"result":"success","skipped":false,"hidden":false,"type":"testDone","time":94184}
{"test":{"id":216,"name":"S-036 | confirmation-open | responsive + screenshot","suiteID":4,"groupIDs":[22],"metadata":{"skip":false,"skipReason":null},"line":175,"column":5,"url":"package:flutter_test/src/widget_tester.dart","root_line":416,"root_column":7,"root_url":"file:///C:/Mingo/01_San_pham/cong_cu_phat_trien/mingo_ui/test/presentation_test.dart"},"type":"testStart","time":94185}
{"testID":216,"result":"success","skipped":false,"hidden":false,"type":"testDone","time":94564}
{"test":{"id":217,"name":"S-036 | processing | responsive + screenshot","suiteID":4,"groupIDs":[22],"metadata":{"skip":false,"skipReason":null},"line":175,"column":5,"url":"package:flutter_test/src/widget_tester.dart","root_line":416,"root_column":7,"root_url":"file:///C:/Mingo/01_San_pham/cong_cu_phat_trien/mingo_ui/test/presentation_test.dart"},"type":"testStart","time":94565}
{"testID":217,"result":"success","skipped":false,"hidden":false,"type":"testDone","time":94937}
{"test":{"id":218,"name":"S-036 | error | responsive + screenshot","suiteID":4,"groupIDs":[22],"metadata":{"skip":false,"skipReason":null},"line":175,"column":5,"url":"package:flutter_test/src/widget_tester.dart","root_line":416,"root_column":7,"root_url":"file:///C:/Mingo/01_San_pham/cong_cu_phat_trien/mingo_ui/test/presentation_test.dart"},"type":"testStart","time":94937}
{"testID":218,"result":"success","skipped":false,"hidden":false,"type":"testDone","time":95311}
{"test":{"id":219,"name":"S-037 | published-immutable | responsive + screenshot","suiteID":4,"groupIDs":[22],"metadata":{"skip":false,"skipReason":null},"line":175,"column":5,"url":"package:flutter_test/src/widget_tester.dart","root_line":416,"root_column":7,"root_url":"file:///C:/Mingo/01_San_pham/cong_cu_phat_trien/mingo_ui/test/presentation_test.dart"},"type":"testStart","time":95311}
{"testID":219,"result":"success","skipped":false,"hidden":false,"type":"testDone","time":95684}
{"test":{"id":220,"name":"S-037 | new-draft-created | responsive + screenshot","suiteID":4,"groupIDs":[22],"metadata":{"skip":false,"skipReason":null},"line":175,"column":5,"url":"package:flutter_test/src/widget_tester.dart","root_line":416,"root_column":7,"root_url":"file:///C:/Mingo/01_San_pham/cong_cu_phat_trien/mingo_ui/test/presentation_test.dart"},"type":"testStart","time":95684}
{"testID":220,"result":"success","skipped":false,"hidden":false,"type":"testDone","time":96072}
{"test":{"id":221,"name":"S-040 | Placeholder | responsive + screenshot","suiteID":4,"groupIDs":[22],"metadata":{"skip":false,"skipReason":null},"line":175,"column":5,"url":"package:flutter_test/src/widget_tester.dart","root_line":416,"root_column":7,"root_url":"file:///C:/Mingo/01_San_pham/cong_cu_phat_trien/mingo_ui/test/presentation_test.dart"},"type":"testStart","time":96072}
{"testID":221,"result":"success","skipped":false,"hidden":false,"type":"testDone","time":96456}
{"test":{"id":222,"name":"S-040 | empty | responsive + screenshot","suiteID":4,"groupIDs":[22],"metadata":{"skip":false,"skipReason":null},"line":175,"column":5,"url":"package:flutter_test/src/widget_tester.dart","root_line":416,"root_column":7,"root_url":"file:///C:/Mingo/01_San_pham/cong_cu_phat_trien/mingo_ui/test/presentation_test.dart"},"type":"testStart","time":96456}
{"testID":222,"result":"success","skipped":false,"hidden":false,"type":"testDone","time":96823}
{"test":{"id":223,"name":"S-041 | Placeholder | responsive + screenshot","suiteID":4,"groupIDs":[22],"metadata":{"skip":false,"skipReason":null},"line":175,"column":5,"url":"package:flutter_test/src/widget_tester.dart","root_line":416,"root_column":7,"root_url":"file:///C:/Mingo/01_San_pham/cong_cu_phat_trien/mingo_ui/test/presentation_test.dart"},"type":"testStart","time":96823}
{"testID":223,"result":"success","skipped":false,"hidden":false,"type":"testDone","time":97198}
{"test":{"id":224,"name":"S-041 | unavailable | responsive + screenshot","suiteID":4,"groupIDs":[22],"metadata":{"skip":false,"skipReason":null},"line":175,"column":5,"url":"package:flutter_test/src/widget_tester.dart","root_line":416,"root_column":7,"root_url":"file:///C:/Mingo/01_San_pham/cong_cu_phat_trien/mingo_ui/test/presentation_test.dart"},"type":"testStart","time":97198}
{"testID":224,"result":"success","skipped":false,"hidden":false,"type":"testDone","time":97572}
{"test":{"id":225,"name":"S-050 | Placeholder | responsive + screenshot","suiteID":4,"groupIDs":[22],"metadata":{"skip":false,"skipReason":null},"line":175,"column":5,"url":"package:flutter_test/src/widget_tester.dart","root_line":416,"root_column":7,"root_url":"file:///C:/Mingo/01_San_pham/cong_cu_phat_trien/mingo_ui/test/presentation_test.dart"},"type":"testStart","time":97572}
{"testID":225,"result":"success","skipped":false,"hidden":false,"type":"testDone","time":97968}
{"test":{"id":226,"name":"S-050 | no-data | responsive + screenshot","suiteID":4,"groupIDs":[22],"metadata":{"skip":false,"skipReason":null},"line":175,"column":5,"url":"package:flutter_test/src/widget_tester.dart","root_line":416,"root_column":7,"root_url":"file:///C:/Mingo/01_San_pham/cong_cu_phat_trien/mingo_ui/test/presentation_test.dart"},"type":"testStart","time":97969}
{"testID":226,"result":"success","skipped":false,"hidden":false,"type":"testDone","time":98333}
{"test":{"id":227,"name":"S-051 | Placeholder | responsive + screenshot","suiteID":4,"groupIDs":[22],"metadata":{"skip":false,"skipReason":null},"line":175,"column":5,"url":"package:flutter_test/src/widget_tester.dart","root_line":416,"root_column":7,"root_url":"file:///C:/Mingo/01_San_pham/cong_cu_phat_trien/mingo_ui/test/presentation_test.dart"},"type":"testStart","time":98334}
{"testID":227,"result":"success","skipped":false,"hidden":false,"type":"testDone","time":98700}
{"test":{"id":228,"name":"S-051 | insufficient-data | responsive + screenshot","suiteID":4,"groupIDs":[22],"metadata":{"skip":false,"skipReason":null},"line":175,"column":5,"url":"package:flutter_test/src/widget_tester.dart","root_line":416,"root_column":7,"root_url":"file:///C:/Mingo/01_San_pham/cong_cu_phat_trien/mingo_ui/test/presentation_test.dart"},"type":"testStart","time":98700}
{"testID":228,"result":"success","skipped":false,"hidden":false,"type":"testDone","time":99065}
{"test":{"id":229,"name":"S-060 | Placeholder | responsive + screenshot","suiteID":4,"groupIDs":[22],"metadata":{"skip":false,"skipReason":null},"line":175,"column":5,"url":"package:flutter_test/src/widget_tester.dart","root_line":416,"root_column":7,"root_url":"file:///C:/Mingo/01_San_pham/cong_cu_phat_trien/mingo_ui/test/presentation_test.dart"},"type":"testStart","time":99065}
{"testID":229,"result":"success","skipped":false,"hidden":false,"type":"testDone","time":99507}
{"test":{"id":230,"name":"S-060 | access-denied | responsive + screenshot","suiteID":4,"groupIDs":[22],"metadata":{"skip":false,"skipReason":null},"line":175,"column":5,"url":"package:flutter_test/src/widget_tester.dart","root_line":416,"root_column":7,"root_url":"file:///C:/Mingo/01_San_pham/cong_cu_phat_trien/mingo_ui/test/presentation_test.dart"},"type":"testStart","time":99508}
{"testID":230,"result":"success","skipped":false,"hidden":false,"type":"testDone","time":99865}
{"test":{"id":231,"name":"S-061 | Placeholder | responsive + screenshot","suiteID":4,"groupIDs":[22],"metadata":{"skip":false,"skipReason":null},"line":175,"column":5,"url":"package:flutter_test/src/widget_tester.dart","root_line":416,"root_column":7,"root_url":"file:///C:/Mingo/01_San_pham/cong_cu_phat_trien/mingo_ui/test/presentation_test.dart"},"type":"testStart","time":99866}
{"testID":231,"result":"success","skipped":false,"hidden":false,"type":"testDone","time":100229}
{"test":{"id":232,"name":"S-062 | Placeholder | responsive + screenshot","suiteID":4,"groupIDs":[22],"metadata":{"skip":false,"skipReason":null},"line":175,"column":5,"url":"package:flutter_test/src/widget_tester.dart","root_line":416,"root_column":7,"root_url":"file:///C:/Mingo/01_San_pham/cong_cu_phat_trien/mingo_ui/test/presentation_test.dart"},"type":"testStart","time":100229}
{"testID":232,"result":"success","skipped":false,"hidden":false,"type":"testDone","time":100589}
{"test":{"id":233,"name":"S-062 | filtered | responsive + screenshot","suiteID":4,"groupIDs":[22],"metadata":{"skip":false,"skipReason":null},"line":175,"column":5,"url":"package:flutter_test/src/widget_tester.dart","root_line":416,"root_column":7,"root_url":"file:///C:/Mingo/01_San_pham/cong_cu_phat_trien/mingo_ui/test/presentation_test.dart"},"type":"testStart","time":100589}
{"testID":233,"result":"success","skipped":false,"hidden":false,"type":"testDone","time":100953}
{"test":{"id":234,"name":"L-070 | observations | responsive + screenshot","suiteID":4,"groupIDs":[22],"metadata":{"skip":false,"skipReason":null},"line":175,"column":5,"url":"package:flutter_test/src/widget_tester.dart","root_line":416,"root_column":7,"root_url":"file:///C:/Mingo/01_San_pham/cong_cu_phat_trien/mingo_ui/test/presentation_test.dart"},"type":"testStart","time":100954}
{"testID":234,"result":"success","skipped":false,"hidden":false,"type":"testDone","time":101367}
{"test":{"id":235,"name":"L-070 | insufficient-evidence | responsive + screenshot","suiteID":4,"groupIDs":[22],"metadata":{"skip":false,"skipReason":null},"line":175,"column":5,"url":"package:flutter_test/src/widget_tester.dart","root_line":416,"root_column":7,"root_url":"file:///C:/Mingo/01_San_pham/cong_cu_phat_trien/mingo_ui/test/presentation_test.dart"},"type":"testStart","time":101367}
{"testID":235,"result":"success","skipped":false,"hidden":false,"type":"testDone","time":101799}
{"test":{"id":236,"name":"L-071 | ready | responsive + screenshot","suiteID":4,"groupIDs":[22],"metadata":{"skip":false,"skipReason":null},"line":175,"column":5,"url":"package:flutter_test/src/widget_tester.dart","root_line":416,"root_column":7,"root_url":"file:///C:/Mingo/01_San_pham/cong_cu_phat_trien/mingo_ui/test/presentation_test.dart"},"type":"testStart","time":101800}
{"testID":236,"result":"success","skipped":false,"hidden":false,"type":"testDone","time":102537}
{"test":{"id":237,"name":"L-071 | filtered | responsive + screenshot","suiteID":4,"groupIDs":[22],"metadata":{"skip":false,"skipReason":null},"line":175,"column":5,"url":"package:flutter_test/src/widget_tester.dart","root_line":416,"root_column":7,"root_url":"file:///C:/Mingo/01_San_pham/cong_cu_phat_trien/mingo_ui/test/presentation_test.dart"},"type":"testStart","time":102537}
{"testID":237,"result":"success","skipped":false,"hidden":false,"type":"testDone","time":103275}
{"test":{"id":238,"name":"L-071 | empty | responsive + screenshot","suiteID":4,"groupIDs":[22],"metadata":{"skip":false,"skipReason":null},"line":175,"column":5,"url":"package:flutter_test/src/widget_tester.dart","root_line":416,"root_column":7,"root_url":"file:///C:/Mingo/01_San_pham/cong_cu_phat_trien/mingo_ui/test/presentation_test.dart"},"type":"testStart","time":103275}
{"testID":238,"result":"success","skipped":false,"hidden":false,"type":"testDone","time":103682}
{"test":{"id":239,"name":"L-072 | ready | responsive + screenshot","suiteID":4,"groupIDs":[22],"metadata":{"skip":false,"skipReason":null},"line":175,"column":5,"url":"package:flutter_test/src/widget_tester.dart","root_line":416,"root_column":7,"root_url":"file:///C:/Mingo/01_San_pham/cong_cu_phat_trien/mingo_ui/test/presentation_test.dart"},"type":"testStart","time":103683}
{"testID":239,"result":"success","skipped":false,"hidden":false,"type":"testDone","time":104146}
{"test":{"id":240,"name":"L-072 | saved | responsive + screenshot","suiteID":4,"groupIDs":[22],"metadata":{"skip":false,"skipReason":null},"line":175,"column":5,"url":"package:flutter_test/src/widget_tester.dart","root_line":416,"root_column":7,"root_url":"file:///C:/Mingo/01_San_pham/cong_cu_phat_trien/mingo_ui/test/presentation_test.dart"},"type":"testStart","time":104146}
{"testID":240,"result":"success","skipped":false,"hidden":false,"type":"testDone","time":104643}
{"test":{"id":241,"name":"L-073 | ready | responsive + screenshot","suiteID":4,"groupIDs":[22],"metadata":{"skip":false,"skipReason":null},"line":175,"column":5,"url":"package:flutter_test/src/widget_tester.dart","root_line":416,"root_column":7,"root_url":"file:///C:/Mingo/01_San_pham/cong_cu_phat_trien/mingo_ui/test/presentation_test.dart"},"type":"testStart","time":104643}
{"testID":241,"result":"success","skipped":false,"hidden":false,"type":"testDone","time":104938}
{"test":{"id":242,"name":"L-073 | empty | responsive + screenshot","suiteID":4,"groupIDs":[22],"metadata":{"skip":false,"skipReason":null},"line":175,"column":5,"url":"package:flutter_test/src/widget_tester.dart","root_line":416,"root_column":7,"root_url":"file:///C:/Mingo/01_San_pham/cong_cu_phat_trien/mingo_ui/test/presentation_test.dart"},"type":"testStart","time":104939}
{"testID":242,"result":"success","skipped":false,"hidden":false,"type":"testDone","time":105234}
{"test":{"id":243,"name":"inventory uniqueness and machine evidence scope","suiteID":4,"groupIDs":[22],"metadata":{"skip":false,"skipReason":null},"line":464,"column":3,"url":"file:///C:/Mingo/01_San_pham/cong_cu_phat_trien/mingo_ui/test/presentation_test.dart"},"type":"testStart","time":105234}
{"testID":243,"result":"success","skipped":false,"hidden":false,"type":"testDone","time":105239}
{"test":{"id":244,"name":"(tearDownAll)","suiteID":4,"groupIDs":[22],"metadata":{"skip":false,"skipReason":null},"line":null,"column":null,"url":null},"type":"testStart","time":105239}
{"testID":244,"result":"success","skipped":false,"hidden":true,"type":"testDone","time":105242}
{"success":true,"type":"done","time":105287}
