INFO         | Android emulator version 37.1.11.0 (build_id 15917651) (CL:N/A)
INFO         | Graphics backend: gfxstream
INFO         | Found systemPath C:\Android\Sdk\system-images\android-35\google_apis\x86_64\
INFO         | Feature 'Vulkan' (21) is overridden to 'disabled'
INFO         | Increasing RAM size to 2560MB
INFO         | IPv4 server found: 1.1.1.1
INFO         | Ignore IPv6 address: 10a3:c10:2102:0:10a3:c10:2102:0
INFO         | Ignore IPv6 address: 10a3:c10:2102:0:10a3:c10:2102:0
INFO         | Ignore IPv6 address: 10a3:c10:2102:0:10a3:c10:2102:0
INFO         | Ignore IPv6 address: a9:c10:2102:0:10a3:c10:2102:0
INFO         | Ignore IPv6 address: a9:c10:2102:0:10a3:c10:2102:0
INFO         | Ignore IPv6 address: a9:c10:2102:0:10a3:c10:2102:0
INFO         | Ignore IPv6 address: 18af:c10:2102:0:10a3:c10:2102:0
INFO         | Ignore IPv6 address: 18af:c10:2102:0:10a3:c10:2102:0
INFO         | Ignore IPv6 address: 18af:c10:2102:0:10a3:c10:2102:0
INFO         | Ignore IPv6 address: 18ba:c10:2102:0:10a3:c10:2102:0
INFO         | Ignore IPv6 address: 18ba:c10:2102:0:10a3:c10:2102:0
INFO         | Ignore IPv6 address: 18ba:c10:2102:0:10a3:c10:2102:0
INFO         | Ignore IPv6 address: 38c0:c10:2102:0:10a3:c10:2102:0
INFO         | Ignore IPv6 address: 38c0:c10:2102:0:10a3:c10:2102:0
INFO         | Ignore IPv6 address: 38c0:c10:2102:0:10a3:c10:2102:0
INFO         | Guest GLES Driver: Auto (ext controls)
INFO         | emuglConfig_init: vulkan_mode_selected:swiftshader gles_mode_selected:swiftshader
INFO         | Checking system compatibility:
INFO         |   Checking: hasCompatibleHypervisor
INFO         |      Ok: Hypervisor compatibility to run avd: `mingo_ascii_api35` are met
INFO         |   Checking: hasSufficientSystem
INFO         |      Ok: System requirements to run avd: `mingo_ascii_api35` are met
INFO         |   Checking: hasSufficientHwGpu
INFO         |      Ok: Hardware GPU compatibility checks are not required
INFO         |   Checking: hasSufficientDiskSpace
INFO         |      Ok: Disk space requirements to run avd: `mingo_ascii_api35` are met
INFO         | Critical: Failed to load opengl32sw (The specified module could not be found.) (:0, )
INFO         | Warning: Software OpenGL failed. Falling back to system OpenGL. (:0, )
INFO         | Storing crashdata in: C:\Users\PHC~1\AppData\Local\Temp\\AndroidEmulator\emu-crash-37.1.11.db, detection is enabled for process: 10872
INFO         | Showing crashdialog to get consent.
  module_list[0].crashpad_annotations["AVD_FLAVOR"] (type = 1) = AVD_PHONE
  module_list[0].crashpad_annotations["gfxstream_features"] (type = 1) = GlPipeChecksum, HasSharedSlotsHostMemoryAllocator, VulkanShaderFloat16Int8, GlAsyncSwap, GlDma, GlDirectMem, GlesDynamicVersion, RefCountPipe, HostComposition, VulkanNullOptionalStrings, YuvCache, VulkanIgnoredHandles, VulkanQueueSubmitWithCommands, VulkanVirtualQueue, 
  module_list[0].crashpad_annotations["internal-msg"] (type = 1) = gpu found. vendor id 10de device id 0x1f9d
emuglConfig_init: gpu_mode_requested: swiftshader, no_window: 0
emuglConfig_init: GPU emulation enabled using Vulkan:'swiftshader' GLES:'swiftshader' modes
Deciding if GLDirectMem/Vulkan should be enabled. Selected GLES renderer: Swiftshader Indirect Selected Vulkan renderer: Swiftshader Indirect API level: 33 
Enabling Vulkan
Enabling GLDirectMem
detected a hanging thread 'QEMU2 CPU0 thread'. No response for 15001 ms
  module_list[0].crashpad_annotations["ERRLOG"] (type = 1) = avdInfo_setLastRunQemuVersion: Could not write file: C:\Users\Phúc\.android\avd\..\avd\Pixel_7.avd\qemu-version.txt
Failed to retrieve exit code due to: The handle is invalid.
 (6)
Failed to retrieve exit code due to: The handle is invalid.
 (6)
Failed to retrieve exit code due to: The handle is invalid.
 (6)
Failed to retrieve exit code due to: The handle is invalid.
 (6)
Failed to retrieve exit code due to: The handle is invalid.
 (6)
detected a hanging thread 'QEMU2 CPU0 thread'. No response for 17482 ms
detected a hanging thread 'QEMU2 CPU1 thread'. No response for 17482 ms
Failed to retrieve exit code due to: The handle is invalid.
 (6)
detected a hanging thread 'QEMU2 main loop'. No response for 15001 ms
detected a hanging thread 'QEMU2 CPU0 thread'. No response for 15001 ms

  module_list[0].crashpad_annotations["command_line"] (type = 1) = -avd Pixel_7 -no-snapshot -gpu swiftshader -feature -Vulkan -cores 2 -memory 2048 -port 5554 -verbose -show-kernel 
INFO         | No consent for crashreport 480b7e53-08de-4a31-935f-39fe7238d1a3, deleting.
INFO         | Initializing gfxstream backend
INFO         | startOpenglesRendererImpl: gpu info
INFO         | GPU #1
  Make: 10de
  Model: NVIDIA GeForce GTX 1650
  Device ID: 1f9d

INFO         | Graphics Adapter Vendor Google (Google Inc.)
INFO         | Graphics Adapter Android Emulator OpenGL ES Translator (Google SwiftShader)
INFO         | Graphics API Version OpenGL ES 3.0 (OpenGL ES 3.0 SwiftShader 4.0.0.1)
INFO         | Graphics API Extensions GL_OES_EGL_sync GL_OES_EGL_image GL_OES_EGL_image_external GL_OES_depth24 GL_OES_depth32 GL_OES_element_index_uint GL_OES_texture_float GL_OES_texture_float_linear GL_OES_compressed_paletted_texture GL_OES_compressed_ETC1_RGB8_texture GL_OES_depth_texture GL_OES_texture_half_float GL_OES_texture_half_float_linear GL_OES_packed_depth_stencil GL_OES_vertex_half_float GL_OES_standard_derivatives GL_OES_texture_npot GL_OES_rgb8_rgba8 GL_EXT_color_buffer_float GL_EXT_color_buffer_half_float GL_EXT_texture_format_BGRA8888 GL_APPLE_texture_format_BGRA8888 
INFO         | Graphics Device Extensions N/A
INFO         | Sending adb public key [QAAAAN2JocGL6RAN7cfug6hFi4hiT3dRQLbLmjVQeYyQ1Vd4+gqTrHh/yDSGftoGaUORZme9kjd9a25rFILB/nmKGcQggWOQIboPM5wyPHKO55SPr1eELv1JanAOwHoL05wLPs22ep0R4XuRxk/OSsHmWzFLs6GFxnxW72rR1T/9eXHXMkfbpOv9GqJ4K2PpA+V55ddMRkqhW3KUAhwsMzISwmEmLpPWCynFx41ab/Tumku/nHEfY3WD2NqBYLd3bPtdBbFCfEmSIuL8OUQ0Eyw5OBkR+gyulaZccF8yhWAPyVMoSrYm5ZpYNiS4f0Oeb7/TFeX9eFXxG98Ui4MVdN6MiWx1A4qZr7ccwO9zul26E6nDp0m6FblCn5fMcjuMpaaCeQew2DKOxswF6+TENQOk0sPAbgPJnRDZXsgyEH2UAIe37Y6QYQqqWloaumzZc4sB7C7HEiaksYu4MIfwnpfk42qNd0iGMn4yro9LaVwFy/OR1683HK+5sQNQmZfevVzz88uKJRx/bVE1yCsKNnUtQ94UyHkuNKtF4LHmGutB6qFYIcJWv7Un9iBjtcUsgmLigfa3UuWeolInh+eNb8cTyh5I8CZ1QRjwL2v2o36nbqr3NUEkdG5yzeJ6kSAs3S39DVCu2s3TpkEso95SFHubCrMoqhIbBOtPXfa54VohFx8lKBrIPQEAAQA= @unknown]
INFO         | Userspace boot properties:
INFO         |   androidboot.boot_devices=pci0000:00/0000:00:03.0 pci0000:00/0000:00:06.0
INFO         |   androidboot.dalvik.vm.heapsize=576m
INFO         |   androidboot.debug.hwui.renderer=skiagl
INFO         |   androidboot.hardware=ranchu
INFO         |   androidboot.hardware.gltransport=pipe
INFO         |   androidboot.logcat=*:V
INFO         |   androidboot.opengles.version=196608
INFO         |   androidboot.qemu=1
INFO         |   androidboot.qemu.adb.pubkey=QAAAAN2JocGL6RAN7cfug6hFi4hiT3dRQLbLmjVQeYyQ1Vd4+gqTrHh/yDSGftoGaUORZme9kjd9a25rFILB/nmKGcQggWOQIboPM5wyPHKO55SPr1eELv1JanAOwHoL05wLPs22ep0R4XuRxk/OSsHmWzFLs6GFxnxW72rR1T/9eXHXMkfbpOv9GqJ4K2PpA+V55ddMRkqhW3KUAhwsMzISwmEmLpPWCynFx41ab/Tumku/nHEfY3WD2NqBYLd3bPtdBbFCfEmSIuL8OUQ0Eyw5OBkR+gyulaZccF8yhWAPyVMoSrYm5ZpYNiS4f0Oeb7/TFeX9eFXxG98Ui4MVdN6MiWx1A4qZr7ccwO9zul26E6nDp0m6FblCn5fMcjuMpaaCeQew2DKOxswF6+TENQOk0sPAbgPJnRDZXsgyEH2UAIe37Y6QYQqqWloaumzZc4sB7C7HEiaksYu4MIfwnpfk42qNd0iGMn4yro9LaVwFy/OR1683HK+5sQNQmZfevVzz88uKJRx/bVE1yCsKNnUtQ94UyHkuNKtF4LHmGutB6qFYIcJWv7Un9iBjtcUsgmLigfa3UuWeolInh+eNb8cTyh5I8CZ1QRjwL2v2o36nbqr3NUEkdG5yzeJ6kSAs3S39DVCu2s3TpkEso95SFHubCrMoqhIbBOtPXfa54VohFx8lKBrIPQEAAQA= @unknown
INFO         |   androidboot.qemu.avd_name=mingo_ascii_api35
INFO         |   androidboot.qemu.camera_hq_edge_processing=0
INFO         |   androidboot.qemu.camera_protocol_ver=1
INFO         |   androidboot.qemu.cpuvulkan.version=4206592
INFO         |   androidboot.qemu.gltransport.drawFlushInterval=800
INFO         |   androidboot.qemu.gltransport.name=pipe
INFO         |   androidboot.qemu.hwcodec.avcdec=2
INFO         |   androidboot.qemu.hwcodec.hevcdec=2
INFO         |   androidboot.qemu.hwcodec.vpxdec=2
INFO         |   androidboot.qemu.settings.system.screen_off_timeout=2147483647
INFO         |   androidboot.qemu.skin=1080x2400
INFO         |   androidboot.qemu.virtiowifi=1
INFO         |   androidboot.qemu.vsync=60
INFO         |   androidboot.serialno=EMULATOR37X1X11X0
INFO         |   androidboot.vbmeta.digest=b3271ba499104f4631ae3723913d5c12574e01715fce5b82d60beed097ead264
INFO         |   androidboot.vbmeta.hash_alg=sha256
INFO         |   androidboot.vbmeta.size=6720
INFO         |   androidboot.veritymode=enforcing
WHPX on Windows 10.0.26200 detected.
Windows Hypervisor Platform accelerator is operational
No EFI environment detected.
early console in extract_kernel
input_data: 0x0000000002ae02c4
input_len: 0x0000000001361bb8
output: 0x0000000001000000
output_len: 0x0000000002df3b84
kernel_total_size: 0x0000000002a2c000
needed_size: 0x0000000002e00000
trampoline_32bit: 0x0000000000000000
Physical KASLR using RDRAND RDTSC...
Virtual KASLR using RDRAND RDTSC...

Decompressing Linux... Parsing ELF... Performing relocations... done.
Booting the kernel (entry_offset: 0x0000000000000000).
[    0.000000] Linux version 6.6.50-android15-8-g8adecb593e9b-ab12525588 (kleaf@build-host) (Android (11368308, +pgo, +bolt, +lto, +mlgo, based on r510928) clang version 18.0.0 (https://android.googlesource.com/toolchain/llvm-project 477610d4d0d988e69dbc3fae4fe86bff3f07f2b5), LLD 18.0.0) #1 SMP PREEMPT Fri Oct 18 23:59:20 UTC 2024
[    0.000000] Command line: 8250.nr_uarts=1 clocksource=pit no_timer_check console=ttyS0,38400 earlyprintk=ttyS0 loop.max_part=7 ramoops.mem_address=0xff018000 ramoops.mem_size=0x10000 memmap=0x10000$0xff018000 printk.devkmsg=on bootconfig mac80211_hwsim.radios=0
[    0.000000] [Firmware Bug]: TSC doesn't count with P0 frequency!
[    0.000000] BIOS-provided physical RAM map:
[    0.000000] BIOS-e820: [mem 0x0000000000000000-0x000000000009fbff] usable
[    0.000000] BIOS-e820: [mem 0x000000000009fc00-0x000000000009ffff] reserved
[    0.000000] BIOS-e820: [mem 0x00000000000f0000-0x00000000000fffff] reserved
[    0.000000] BIOS-e820: [mem 0x0000000000100000-0x000000009ffd5fff] usable
[    0.000000] BIOS-e820: [mem 0x000000009ffd6000-0x000000009fffffff] reserved
[    0.000000] BIOS-e820: [mem 0x00000000fffc0000-0x00000000ffffffff] reserved
[    0.000000] stackdepot: disabled
[    0.000000] printk: bootconsole [earlyser0] enabled
[    0.000000] NX (Execute Disable) protection: active
[    0.000000] APIC: Static calls initialized
[    0.000000] user-defined physical RAM map:
[    0.000000] user: [mem 0x0000000000000000-0x000000000009fbff] usable
[    0.000000] user: [mem 0x000000000009fc00-0x000000000009ffff] reserved
[    0.000000] user: [mem 0x00000000000f0000-0x00000000000fffff] reserved
[    0.000000] user: [mem 0x0000000000100000-0x000000009ffd5fff] usable
[    0.000000] user: [mem 0x000000009ffd6000-0x000000009fffffff] reserved
[    0.000000] user: [mem 0x00000000ff018000-0x00000000ff027fff] reserved
[    0.000000] user: [mem 0x00000000fffc0000-0x00000000ffffffff] reserved
[    0.000000] SMBIOS 2.8 present.
[    0.000000] DMI: QEMU Standard PC (i440FX + PIIX, 1996), BIOS rel-1.11.1-0-g0551a4be2c-prebuilt.qemu-project.org 04/01/2014
[    0.000000] last_pfn = 0x9ffd6 max_arch_pfn = 0x400000000
[    0.000000] MTRR map: 4 entries (3 fixed + 1 variable; max 19), built from 8 variable MTRRs
[    0.000000] x86/PAT: Configuration [0-7]: WB  WC  UC- UC  WB  WP  UC- WT  
Memory KASLR using RDRAND RDTSC...
[    0.000000] found SMP MP-table at [mem 0x000f5ab0-0x000f5abf]
[    0.000000] Using GB pages for direct mapping
[    0.000000] RAMDISK: [mem 0x7fdf1000-0x7fffffff]
[    0.000000] ACPI: Early table checksum verification disabled
[    0.000000] ACPI: RSDP 0x00000000000F58B0 000014 (v00 BOCHS )
[    0.000000] ACPI: RSDT 0x000000009FFE1B46 000030 (v01 BOCHS  BXPCRSDT 00000001 BXPC 00000001)
[    0.000000] ACPI: FACP 0x000000009FFE1A1A 000074 (v01 BOCHS  BXPCFACP 00000001 BXPC 00000001)
[    0.000000] ACPI: DSDT 0x000000009FFE0040 0019DA (v01 BOCHS  BXPCDSDT 00000001 BXPC 00000001)
[    0.000000] ACPI: FACS 0x000000009FFE0000 000040
[    0.000000] ACPI: APIC 0x000000009FFE1A8E 000080 (v01 BOCHS  BXPCAPIC 00000001 BXPC 00000001)
[    0.000000] ACPI: HPET 0x000000009FFE1B0E 000038 (v01 BOCHS  BXPCHPET 00000001 BXPC 00000001)
[    0.000000] ACPI: Reserving FACP table memory at [mem 0x9ffe1a1a-0x9ffe1a8d]
[    0.000000] ACPI: Reserving DSDT table memory at [mem 0x9ffe0040-0x9ffe1a19]
[    0.000000] ACPI: Reserving FACS table memory at [mem 0x9ffe0000-0x9ffe003f]
[    0.000000] ACPI: Reserving APIC table memory at [mem 0x9ffe1a8e-0x9ffe1b0d]
[    0.000000] ACPI: Reserving HPET table memory at [mem 0x9ffe1b0e-0x9ffe1b45]
[    0.000000] Zone ranges:
[    0.000000]   DMA32    [mem 0x0000000000001000-0x000000009ffd5fff]
[    0.000000]   Normal   empty
[    0.000000] Movable zone start for each node
[    0.000000] NoSplit zone start for each node
[    0.000000] NoMerge zone start for each node
[    0.000000] Early memory node ranges
[    0.000000]   node   0: [mem 0x0000000000001000-0x000000000009efff]
[    0.000000]   node   0: [mem 0x0000000000100000-0x000000009ffd5fff]
[    0.000000] Initmem setup node 0 [mem 0x0000000000001000-0x000000009ffd5fff]
[    0.000000] On node 0, zone DMA32: 1 pages in unavailable ranges
[    0.000000] On node 0, zone DMA32: 97 pages in unavailable ranges
[    0.000000] On node 0, zone DMA32: 42 pages in unavailable ranges
[    0.000000] ACPI: LAPIC_NMI (acpi_id[0xff] dfl dfl lint[0x1])
[    0.000000] IOAPIC[0]: apic_id 0, version 32, address 0xfec00000, GSI 0-23
[    0.000000] ACPI: INT_SRC_OVR (bus 0 bus_irq 0 global_irq 2 dfl dfl)
[    0.000000] ACPI: INT_SRC_OVR (bus 0 bus_irq 5 global_irq 5 high level)
[    0.000000] ACPI: INT_SRC_OVR (bus 0 bus_irq 9 global_irq 9 high level)
[    0.000000] ACPI: INT_SRC_OVR (bus 0 bus_irq 10 global_irq 10 high level)
[    0.000000] ACPI: INT_SRC_OVR (bus 0 bus_irq 11 global_irq 11 high level)
[    0.000000] ACPI: Using ACPI (MADT) for SMP configuration information
[    0.000000] ACPI: HPET id: 0x8086a201 base: 0xfed00000
[    0.000000] smpboot: Allowing 2 CPUs, 0 hotplug CPUs
[    0.000000] PM: hibernation: Registered nosave memory: [mem 0x00000000-0x00000fff]
[    0.000000] PM: hibernation: Registered nosave memory: [mem 0x0009f000-0x0009ffff]
[    0.000000] PM: hibernation: Registered nosave memory: [mem 0x000a0000-0x000effff]
[    0.000000] PM: hibernation: Registered nosave memory: [mem 0x000f0000-0x000fffff]
[    0.000000] [mem 0xa0000000-0xff017fff] available for PCI devices
[    0.000000] Booting paravirtualized kernel on bare hardware
[    0.000000] clocksource: refined-jiffies: mask: 0xffffffff max_cycles: 0xffffffff, max_idle_ns: 7645519600211568 ns
[    0.000000] Load bootconfig: 1829 bytes 67 nodes
[    0.000000] setup_percpu: NR_CPUS:32 nr_cpumask_bits:2 nr_cpu_ids:2 nr_node_ids:1
[    0.000000] percpu: Embedded 56 pages/cpu s192488 r8192 d28696 u1048576
[    0.000000] Kernel command line: console=ttynull stack_depot_disable=on cgroup_disable=pressure bootconfig 8250.nr_uarts=1 clocksource=pit no_timer_check console=ttyS0,38400 earlyprintk=ttyS0 loop.max_part=7 ramoops.mem_address=0xff018000 ramoops.mem_size=0x10000 memmap=0x10000$0xff018000 printk.devkmsg=on bootconfig mac80211_hwsim.radios=0
[    0.000000] cgroup: Disabling pressure control group feature
[    0.000000] random: crng init done
[    0.000000] Dentry cache hash table entries: 524288 (order: 10, 4194304 bytes, linear)
[    0.000000] Inode-cache hash table entries: 262144 (order: 9, 2097152 bytes, linear)
[    0.000000] Built 1 zonelists, mobility grouping on.  Total pages: 644822
[    0.000000] mem auto-init: stack:all(zero), heap alloc:on, heap free:off
[    0.000000] Memory: 2526540K/2620880K available (22528K kernel code, 2120K rwdata, 13884K rodata, 2948K init, 872K bss, 94080K reserved, 0K cma-reserved)
[    0.000000] SLUB: HWalign=64, Order=0-3, MinObjects=0, CPUs=2, Nodes=1
Poking KASLR using RDRAND RDTSC...
[    0.000000] rcu: Preemptible hierarchical RCU implementation.
[    0.000000] rcu: 	RCU event tracing is enabled.
[    0.000000] rcu: 	RCU restricting CPUs from NR_CPUS=32 to nr_cpu_ids=2.
[    0.000000] rcu: 	RCU priority boosting: priority 1 delay 500 ms.
[    0.000000] 	Trampoline variant of Tasks RCU enabled.
[    0.000000] 	Tracing variant of Tasks RCU enabled.
[    0.000000] rcu: RCU calculated value of scheduler-enlistment delay is 25 jiffies.
[    0.000000] rcu: Adjusting geometry for rcu_fanout_leaf=16, nr_cpu_ids=2
[    0.000000] NR_IRQS: 4352, nr_irqs: 440, preallocated irqs: 16
[    0.000000] rcu: srcu_init: Setting srcu_struct sizes based on contention.
[    0.000000] kfence: initialized - using 524288 bytes for 63 objects at 0x(____ptrval____)-0x(____ptrval____)
[    0.000000] printk: console [ttyS0] enabled
[    0.000000] printk: console [ttyS0] enabled
[    0.000000] printk: bootconsole [earlyser0] disabled
[    0.000000] printk: bootconsole [earlyser0] disabled
[    0.000000] ACPI: Core revision 20230628
[    0.000000] clocksource: hpet: mask: 0xffffffff max_cycles: 0xffffffff, max_idle_ns: 19112604467 ns
[    0.004000] APIC: Switch to symmetric I/O mode setup
[    0.012000] ..TIMER: vector=0x30 apic1=0 pin1=2 apic2=-1 pin2=-1
[    0.024000] tsc: Unable to calibrate against PIT
[    0.028000] tsc: using HPET reference calibration
[    0.032000] tsc: Detected 2096.051 MHz processor
[    0.000007] clocksource: tsc-early: mask: 0xffffffffffffffff max_cycles: 0x1e369e0db19, max_idle_ns: 440795226654 ns
[    0.034199] Calibrating delay loop (skipped), value calculated using timer frequency.. 4192.10 BogoMIPS (lpj=8384204)
[    0.038300] x86/cpu: User Mode Instruction Prevention (UMIP) activated
[    0.042182] Last level iTLB entries: 4KB 1024, 2MB 1024, 4MB 512
[    0.046160] Last level dTLB entries: 4KB 2048, 2MB 2048, 4MB 1024, 1GB 0
[    0.050169] Spectre V1 : Mitigation: usercopy/swapgs barriers and __user pointer sanitization
[    0.054171] Spectre V2 : Mitigation: Retpolines
[    0.058212] Spectre V2 : Spectre v2 / SpectreRSB mitigation: Filling RSB on context switch
[    0.062164] Spectre V2 : Spectre v2 / SpectreRSB : Filling RSB on VMEXIT
[    0.066164] RETBleed: Mitigation: untrained return thunk
[    0.070167] Speculative Store Bypass: Mitigation: Speculative Store Bypass disabled via prctl
[    0.074160] Speculative Return Stack Overflow: IBPB-extending microcode not applied!
[    0.078161] Speculative Return Stack Overflow: WARNING: See https://kernel.org/doc/html/latest/admin-guide/hw-vuln/srso.html for mitigation options.
[    0.078165] Speculative Return Stack Overflow: Vulnerable: Safe RET, no microcode
[    0.086248] x86/fpu: Supporting XSAVE feature 0x001: 'x87 floating point registers'
[    0.090166] x86/fpu: Supporting XSAVE feature 0x002: 'SSE registers'
[    0.094163] x86/fpu: Supporting XSAVE feature 0x004: 'AVX registers'
[    0.098165] x86/fpu: xstate_offset[2]:  576, xstate_sizes[2]:  256
[    0.102159] x86/fpu: Enabled xstate features 0x7, context size is 832 bytes, using 'compacted' format.
[    0.132187] SMP alternatives: Using kCFI
[    0.159055] Freeing SMP alternatives memory: 52K
[    0.162168] pid_max: default: 32768 minimum: 301
[    0.166369] LSM: initializing lsm=capability,selinux,bpf,integrity
[    0.170237] SELinux:  Initializing.
[    0.174344] LSM support for eBPF active
[    0.178298] Mount-cache hash table entries: 8192 (order: 4, 65536 bytes, linear)
[    0.182251] Mountpoint-cache hash table entries: 8192 (order: 4, 65536 bytes, linear)
[    0.406338] smpboot: CPU0: AMD Ryzen 5 5500U with Radeon Graphics (family: 0x17, model: 0x68, stepping: 0x1)
[    0.410741] RCU Tasks: Setting shift to 1 and lim to 1 rcu_task_cb_adjust=1.
[    0.414306] RCU Tasks Trace: Setting shift to 1 and lim to 1 rcu_task_cb_adjust=1.
[    0.418268] Performance Events: PMU not available due to virtualization, using software events only.
[    0.422346] signal: max sigframe size: 1776
[    0.426284] rcu: Hierarchical SRCU implementation.
[    0.430161] rcu: 	Max phase no-delay instances is 1000.
[    0.440359] dyndbg: Ignore empty _ddebug table in a CONFIG_DYNAMIC_DEBUG_CORE build
[    0.442370] smp: Bringing up secondary CPUs ...
[    0.446636] smpboot: x86: Booting SMP configuration:
[    0.450174] .... node  #0, CPUs:      #1
[    0.000000] smpboot: CPU 1 Converting physical 0 to logical die 1
[    0.486150] TSC synchronization [CPU#0 -> CPU#1]:
[    0.486150] Measured 12129168661 cycles TSC warp between CPUs, turning off TSC clock.
[    0.486172] tsc: Marking TSC unstable due to check_tsc_sync_source failed
[    0.490384] smp: Brought up 1 node, 2 CPUs
[    0.494174] smpboot: Max logical packages: 2
[    0.498166] smpboot: Total of 2 processors activated (8384.20 BogoMIPS)
[    0.512759] x86/mm: Memory block size: 128MB
[    0.527120] clocksource: jiffies: mask: 0xffffffff max_cycles: 0xffffffff, max_idle_ns: 7645041785100000 ns
[    0.554211] futex hash table entries: 512 (order: 3, 32768 bytes, linear)
[    0.582546] NET: Registered PF_NETLINK/PF_ROUTE protocol family
[    0.598567] audit: initializing netlink subsys (disabled)
[    0.622275] ramoops: using module parameters
[    0.627092] audit: type=2000 audit(1790705224.628:1): state=initialized audit_enabled=0 res=1
[    0.630706] pstore: Using crash dump compression: deflate
[    0.658165] printk: console [ramoops-1] enabled
[    0.678408] pstore: Registered ramoops as persistent store backend
[    0.710177] ramoops: using 0x10000@0xff018000, ecc: 0
[    0.734532] thermal_sys: Registered thermal governor 'bang_bang'
[    0.734537] thermal_sys: Registered thermal governor 'step_wise'
[    0.766172] thermal_sys: Registered thermal governor 'user_space'
[    0.794290] cpuidle: using governor menu
[    0.842705] PCI: Using configuration type 1 for base access
[    0.870179] PCI: Using configuration type 1 for extended access
[    0.894965] kprobes: kprobe jump-optimization is enabled. All kprobes are optimized if possible.
[    0.932479] cryptd: max_cpu_qlen set to 1000
[    0.946508] ACPI: Added _OSI(Module Device)
[    0.962174] ACPI: Added _OSI(Processor Device)
[    0.978177] ACPI: Added _OSI(3.0 _SCP Extensions)
[    0.994177] ACPI: Added _OSI(Processor Aggregator Device)
[    1.011320] ACPI: 1 ACPI AML tables successfully acquired and loaded
[    1.034235] ACPI: _OSC evaluation for CPUs failed, trying _PDC
[    1.050452] ACPI: Interpreter enabled
[    1.062199] ACPI: PM: (supports S0 S3 S4 S5)
[    1.074166] ACPI: Using IOAPIC for interrupt routing
[    1.090216] PCI: Using host bridge windows from ACPI; if necessary, use "pci=nocrs" and report a bug
[    1.118167] PCI: Using E820 reservations for host bridge windows
[    1.134375] ACPI: Enabled 2 GPEs in block 00 to 0F
[    1.151073] ACPI: PCI Root Bridge [PCI0] (domain 0000 [bus 00-ff])
[    1.166178] acpi PNP0A03:00: _OSC: OS supports [ExtendedConfig ASPM ClockPM Segments MSI HPX-Type3]
[    1.194414] PCI host bridge to bus 0000:00
[    1.202171] pci_bus 0000:00: root bus resource [io  0x0000-0x0cf7 window]
[    1.226173] pci_bus 0000:00: root bus resource [io  0x0d00-0xffff window]
[    1.246177] pci_bus 0000:00: root bus resource [mem 0x000a0000-0x000bffff window]
[    1.270170] pci_bus 0000:00: root bus resource [mem 0xa0000000-0xfebfffff window]
[    1.294178] pci_bus 0000:00: root bus resource [mem 0x400000000-0x800057fff window]
[    1.314169] pci_bus 0000:00: root bus resource [bus 00-ff]
[    1.326406] pci 0000:00:00.0: [8086:1237] type 00 class 0x060000
[    1.342636] pci 0000:00:01.0: [8086:7000] type 00 class 0x060100
[    1.362559] pci 0000:00:01.1: [8086:7010] type 00 class 0x010180
[    1.377393] pci 0000:00:01.1: reg 0x20: [io  0xc260-0xc26f]
[    1.395641] pci 0000:00:01.1: legacy IDE quirk: reg 0x10: [io  0x01f0-0x01f7]
[    1.414170] pci 0000:00:01.1: legacy IDE quirk: reg 0x14: [io  0x03f6]
[    1.426172] pci 0000:00:01.1: legacy IDE quirk: reg 0x18: [io  0x0170-0x0177]
[    1.442176] pci 0000:00:01.1: legacy IDE quirk: reg 0x1c: [io  0x0376]
[    1.467780] pci 0000:00:01.3: [8086:7113] type 00 class 0x068000
[    1.482497] pci 0000:00:01.3: quirk: [io  0x0600-0x063f] claimed by PIIX4 ACPI
[    1.510206] pci 0000:00:01.3: quirk: [io  0x0700-0x070f] claimed by PIIX4 SMB
[    1.538245] pci 0000:00:01.3: quirk_piix4_acpi+0x0/0x410 took 50781 usecs
[    1.570255] pci 0000:00:02.0: [1af4:1019] type 00 class 0x040100
[    1.595700] pci 0000:00:02.0: reg 0x10: [io  0xc1c0-0xc1df]
[    1.624578] pci 0000:00:02.0: reg 0x20: [mem 0x800000000-0x800003fff 64bit pref]
[    1.652519] pci 0000:00:03.0: [1af4:1001] type 00 class 0x010000
[    1.678170] pci 0000:00:03.0: reg 0x10: [io  0xc000-0xc03f]
[    1.695987] pci 0000:00:03.0: reg 0x14: [mem 0xfebc0000-0xfebc0fff]
[    1.711896] pci 0000:00:03.0: reg 0x18: [io  0xc270-0xc273]
[    1.733447] pci 0000:00:03.0: reg 0x20: [mem 0x800004000-0x800007fff 64bit pref]
[    1.764687] pci 0000:00:04.0: [1af4:1001] type 00 class 0x010000
[    1.783303] pci 0000:00:04.0: reg 0x10: [io  0xc040-0xc07f]
[    1.799576] pci 0000:00:04.0: reg 0x14: [mem 0xfebc1000-0xfebc1fff]
[    1.815904] pci 0000:00:04.0: reg 0x18: [io  0xc274-0xc277]
[    1.832228] pci 0000:00:04.0: reg 0x20: [mem 0x800008000-0x80000bfff 64bit pref]
[    1.860106] pci 0000:00:05.0: [1af4:1001] type 00 class 0x010000
[    1.876097] pci 0000:00:05.0: reg 0x10: [io  0xc080-0xc0bf]
[    1.891830] pci 0000:00:05.0: reg 0x14: [mem 0xfebc2000-0xfebc2fff]
[    1.920120] pci 0000:00:05.0: reg 0x18: [io  0xc278-0xc27b]
[    1.940560] pci 0000:00:05.0: reg 0x20: [mem 0x80000c000-0x80000ffff 64bit pref]
[    1.965191] pci 0000:00:06.0: [1af4:1001] type 00 class 0x010000
[    1.983519] pci 0000:00:06.0: reg 0x10: [io  0xc0c0-0xc0ff]
[    2.004966] pci 0000:00:06.0: reg 0x14: [mem 0xfebc3000-0xfebc3fff]
[    2.035176] pci 0000:00:06.0: reg 0x18: [io  0xc27c-0xc27f]
[    2.058166] pci 0000:00:06.0: reg 0x20: [mem 0x800010000-0x800013fff 64bit pref]
[    2.086996] pci 0000:00:07.0: [1af4:1001] type 00 class 0x010000
[    2.108193] pci 0000:00:07.0: reg 0x10: [io  0xc100-0xc13f]
[    2.128977] pci 0000:00:07.0: reg 0x14: [mem 0xfebc4000-0xfebc4fff]
[    2.151256] pci 0000:00:07.0: reg 0x18: [io  0xc280-0xc283]
[    2.169107] pci 0000:00:07.0: reg 0x20: [mem 0x800014000-0x800017fff 64bit pref]
[    2.191334] pci 0000:00:08.0: [1af4:1000] type 00 class 0x020000
[    2.204273] pci 0000:00:08.0: reg 0x10: [io  0xc1e0-0xc1ff]
[    2.223117] pci 0000:00:08.0: reg 0x14: [mem 0xfebc5000-0xfebc5fff]
[    2.249926] pci 0000:00:08.0: reg 0x20: [mem 0x800018000-0x80001bfff 64bit pref]
[    2.282166] pci 0000:00:08.0: reg 0x30: [mem 0xfeb80000-0xfebbffff pref]
[    2.315621] pci 0000:00:09.0: [1af4:1003] type 00 class 0x078000
[    2.331872] pci 0000:00:09.0: reg 0x10: [io  0xc140-0xc17f]
[    2.351435] pci 0000:00:09.0: reg 0x14: [mem 0xfebc6000-0xfebc6fff]
[    2.377786] pci 0000:00:09.0: reg 0x20: [mem 0x80001c000-0x80001ffff 64bit pref]
[    2.402263] pci 0000:00:0a.0: [1af4:1003] type 00 class 0x078000
[    2.423057] pci 0000:00:0a.0: reg 0x10: [io  0xc180-0xc1bf]
[    2.443313] pci 0000:00:0a.0: reg 0x14: [mem 0xfebc7000-0xfebc7fff]
[    2.464072] pci 0000:00:0a.0: reg 0x20: [mem 0x800020000-0x800023fff 64bit pref]
[    2.488996] pci 0000:00:0b.0: [607d:f153] type 00 class 0x00ff00
[    2.507176] pci 0000:00:0b.0: reg 0x10: [mem 0xfebc8000-0xfebc8fff]
[    2.523416] pci 0000:00:0b.0: reg 0x14: [mem 0x400000000-0x7ffffffff 64bit]
[    2.551637] pci 0000:00:0c.0: [1af4:1005] type 00 class 0x00ff00
[    2.563070] pci 0000:00:0c.0: reg 0x10: [io  0xc200-0xc21f]
[    2.582753] pci 0000:00:0c.0: reg 0x20: [mem 0x800024000-0x800027fff 64bit pref]
[    2.606639] pci 0000:00:0d.0: [1af4:1052] type 00 class 0x098000
[    2.620046] pci 0000:00:0d.0: reg 0x14: [mem 0xfebc9000-0xfebc9fff]
[    2.639054] pci 0000:00:0d.0: reg 0x20: [mem 0x800028000-0x80002bfff 64bit pref]
[    2.655874] pci 0000:00:0e.0: [1af4:1052] type 00 class 0x098000
[    2.671757] pci 0000:00:0e.0: reg 0x14: [mem 0xfebca000-0xfebcafff]
[    2.692837] pci 0000:00:0e.0: reg 0x20: [mem 0x80002c000-0x80002ffff 64bit pref]
[    2.708086] pci 0000:00:0f.0: [1af4:1052] type 00 class 0x098000
[    2.723826] pci 0000:00:0f.0: reg 0x14: [mem 0xfebcb000-0xfebcbfff]
[    2.736594] pci 0000:00:0f.0: reg 0x20: [mem 0x800030000-0x800033fff 64bit pref]
[    2.755846] pci 0000:00:10.0: [1af4:1052] type 00 class 0x098000
[    2.764572] pci 0000:00:10.0: reg 0x14: [mem 0xfebcc000-0xfebccfff]
[    2.784312] pci 0000:00:10.0: reg 0x20: [mem 0x800034000-0x800037fff 64bit pref]
[    2.800006] pci 0000:00:11.0: [1af4:1052] type 00 class 0x098000
[    2.815929] pci 0000:00:11.0: reg 0x14: [mem 0xfebcd000-0xfebcdfff]
[    2.832318] pci 0000:00:11.0: reg 0x20: [mem 0x800038000-0x80003bfff 64bit pref]
[    2.847598] pci 0000:00:12.0: [1af4:1052] type 00 class 0x098000
[    2.859794] pci 0000:00:12.0: reg 0x14: [mem 0xfebce000-0xfebcefff]
[    2.880442] pci 0000:00:12.0: reg 0x20: [mem 0x80003c000-0x80003ffff 64bit pref]
[    2.898571] pci 0000:00:13.0: [1af4:1052] type 00 class 0x098000
[    2.907270] pci 0000:00:13.0: reg 0x14: [mem 0xfebcf000-0xfebcffff]
[    2.924152] pci 0000:00:13.0: reg 0x20: [mem 0x800040000-0x800043fff 64bit pref]
[    2.947027] pci 0000:00:14.0: [1af4:1052] type 00 class 0x098000
[    2.959721] pci 0000:00:14.0: reg 0x14: [mem 0xfebd0000-0xfebd0fff]
[    2.980479] pci 0000:00:14.0: reg 0x20: [mem 0x800044000-0x800047fff 64bit pref]
[    3.010639] pci 0000:00:15.0: [1af4:1052] type 00 class 0x098000
[    3.023760] pci 0000:00:15.0: reg 0x14: [mem 0xfebd1000-0xfebd1fff]
[    3.044454] pci 0000:00:15.0: reg 0x20: [mem 0x800048000-0x80004bfff 64bit pref]
[    3.059517] pci 0000:00:16.0: [1af4:1052] type 00 class 0x098000
[    3.079774] pci 0000:00:16.0: reg 0x14: [mem 0xfebd2000-0xfebd2fff]
[    3.097073] pci 0000:00:16.0: reg 0x20: [mem 0x80004c000-0x80004ffff 64bit pref]
[    3.118253] pci 0000:00:17.0: [1af4:1052] type 00 class 0x098000
[    3.140452] pci 0000:00:17.0: reg 0x14: [mem 0xfebd3000-0xfebd3fff]
[    3.168824] pci 0000:00:17.0: reg 0x20: [mem 0x800050000-0x800053fff 64bit pref]
[    3.196711] pci 0000:00:18.0: [1af4:100a] type 00 class 0x020000
[    3.218766] pci 0000:00:18.0: reg 0x10: [io  0xc220-0xc23f]
[    3.242163] pci 0000:00:18.0: reg 0x14: [mem 0xfebd4000-0xfebd4fff]
[    3.270177] pci 0000:00:19.0: [1af4:1012] type 00 class 0x078000
[    3.291875] pci 0000:00:19.0: reg 0x10: [io  0xc240-0xc25f]
[    3.303406] pci 0000:00:19.0: reg 0x14: [mem 0xfebd5000-0xfebd5fff]
[    3.320235] pci 0000:00:19.0: reg 0x20: [mem 0x800054000-0x800057fff 64bit pref]
[    3.340362] ACPI: PCI: Interrupt link LNKA configured for IRQ 10
[    3.350328] ACPI: PCI: Interrupt link LNKB configured for IRQ 10
[    3.362182] ACPI: PCI: Interrupt link LNKC configured for IRQ 11
[    3.378468] ACPI: PCI: Interrupt link LNKD configured for IRQ 11
[    3.390262] ACPI: PCI: Interrupt link LNKS configured for IRQ 9
[    3.402966] iommu: Default domain type: Translated
[    3.414171] iommu: DMA domain TLB invalidation policy: lazy mode
[    3.426516] SCSI subsystem initialized
[    3.434261] ACPI: bus type USB registered
[    3.442215] usbcore: registered new interface driver usbfs
[    3.454195] usbcore: registered new interface driver hub
[    3.466213] usbcore: registered new device driver usb
[    3.478248] mc: Linux media interface: v0.10
[    3.486256] videodev: Linux video capture interface: v2.00
[    3.502307] EDAC MC: Ver: 3.0.0
[    3.510904] Advanced Linux Sound Architecture Driver Initialized.
[    3.526533] PCI: Using ACPI for IRQ routing
[    3.534936] vgaarb: loaded
[    3.538760] hpet0: at MMIO 0xfed00000, IRQs 2, 8, 0
[    3.550183] hpet0: 3 comparators, 64-bit 100.000000 MHz counter
[    3.569552] clocksource: Switched to clocksource hpet
[    3.577236] VFS: Disk quotas dquot_6.6.0
[    3.585045] VFS: Dquot-cache hash table entries: 512 (order 0, 4096 bytes)
[    3.599680] pnp: PnP ACPI init
[    3.606139] pnp: PnP ACPI: found 5 devices
[    3.614960] NET: Registered PF_INET protocol family
[    3.625263] IP idents hash table entries: 65536 (order: 7, 524288 bytes, linear)
[    3.643396] tcp_listen_portaddr_hash hash table entries: 2048 (order: 3, 32768 bytes, linear)
[    3.660951] Table-perturb hash table entries: 65536 (order: 6, 262144 bytes, linear)
[    3.675796] TCP established hash table entries: 32768 (order: 6, 262144 bytes, linear)
[    3.691647] TCP bind hash table entries: 32768 (order: 8, 1048576 bytes, linear)
[    3.704099] TCP: Hash tables configured (established 32768 bind 32768)
[    3.718856] UDP hash table entries: 2048 (order: 4, 65536 bytes, linear)
[    3.730325] UDP-Lite hash table entries: 2048 (order: 4, 65536 bytes, linear)
[    3.741973] NET: Registered PF_UNIX/PF_LOCAL protocol family
[    3.753697] NET: Registered PF_XDP protocol family
[    3.761265] pci_bus 0000:00: resource 4 [io  0x0000-0x0cf7 window]
[    3.771078] pci_bus 0000:00: resource 5 [io  0x0d00-0xffff window]
[    3.782017] pci_bus 0000:00: resource 6 [mem 0x000a0000-0x000bffff window]
[    3.795835] pci_bus 0000:00: resource 7 [mem 0xa0000000-0xfebfffff window]
[    3.807229] pci_bus 0000:00: resource 8 [mem 0x400000000-0x800057fff window]
[    3.819383] pci 0000:00:01.0: PIIX3: Enabling Passive Release
[    3.830428] pci 0000:00:00.0: quirk_passive_release+0x0/0xc0 took 10811 usecs
[    3.844382] pci 0000:00:00.0: Limiting direct PCI/PCI transfers
[    3.854896] PCI: CLS 0 bytes, default 64
[    3.864059] Trying to unpack rootfs image as initramfs...
[    3.876454] kvm_intel: VMX not supported by CPU 0
[    3.886412] kvm_amd: SVM not supported by CPU 0
[    3.897114] Initialise system trusted keyrings
[    3.907316] workingset: timestamp_bits=46 max_order=20 bucket_order=0
[    3.921181] fuse: init (API version 7.39)
[    3.948672] Freeing initrd memory: 2108K
[    3.966614] jitterentropy: Initialization failed with host not compliant with requirements: 9
[    3.986243] Key type asymmetric registered
[    3.995525] Asymmetric key parser 'x509' registered
[    4.005018] Block layer SCSI generic (bsg) driver version 0.4 loaded (major 240)
[    4.024151] io scheduler mq-deadline registered
[    4.033608] io scheduler kyber registered
[    4.043798] io scheduler bfq registered
[    4.052562] input: Power Button as /devices/LNXSYSTM:00/LNXPWRBN:00/input/input0
[    4.068106] ACPI: button: Power Button [PWRF]
[    4.077944] Serial: 8250/16550 driver, 1 ports, IRQ sharing disabled
[    4.092926] 00:04: ttyS0 at I/O 0x3f8 (irq = 4, base_baud = 115200) is a 16550A
[    4.110514] printk: console [ttynull0] enabled
[    4.118210] ACPI: bus type drm_connector registered
[    4.145601] brd: module loaded
[    4.164829] loop: module loaded
[    4.175607] wireguard: WireGuard 1.0.0 loaded. See www.wireguard.com for information.
[    4.192015] wireguard: Copyright (C) 2015-2019 Jason A. Donenfeld <Jason@zx2c4.com>. All Rights Reserved.
[    4.211676] tun: Universal TUN/TAP device driver, 1.6
[    4.222848] usbcore: registered new interface driver uas
[    4.233165] usbcore: registered new interface driver usb-storage
[    4.243877] i8042: PNP: PS/2 Controller [PNP0303:KBD,PNP0f13:MOU] at 0x60,0x64 irq 1,12
[    4.261240] serio: i8042 KBD port at 0x60,0x64 irq 1
[    4.270486] serio: i8042 AUX port at 0x60,0x64 irq 12
[    4.283447] input: AT Translated Set 2 keyboard as /devices/platform/i8042/serio0/input/input1
[    4.297724] usbcore: registered new interface driver xpad
[    4.308634] rtc_cmos 00:00: RTC can wake from S4
[    4.320077] rtc_cmos 00:00: registered as rtc0
[    4.327743] rtc_cmos 00:00: setting system clock to 2026-09-29T18:07:10 UTC (1790705230)
[    4.345052] rtc_cmos 00:00: alarms up to one day, y3k, 114 bytes nvram, hpet irqs
[    4.362150] gspca_main: v2.14.0 registered
[    4.370863] usbcore: registered new interface driver uvcvideo
[    4.382573] device-mapper: uevent: version 1.0.3
[    4.392534] device-mapper: ioctl: 4.48.0-ioctl (2023-03-01) initialised: dm-devel@redhat.com
[    4.412798] sdhci: Secure Digital Host Controller Interface driver
[    4.425402] sdhci: Copyright(c) Pierre Ossman
[    4.433428] sdhci-pltfm: SDHCI platform and OF driver helper
[    4.443573] hid: raw HID events driver (C) Jiri Kosina
[    4.455981] usbcore: registered new interface driver usbhid
[    4.469520] usbhid: USB HID core driver
[    4.476027] ashmem: initialized
[    4.482900] gnss: GNSS driver registered with major 507
[    4.493345] usbcore: registered new interface driver snd-usb-audio
[    4.507871] GACT probability NOT on
[    4.515556] Mirror/redirect action on
[    4.523046] netem: version 1.3
[    4.528408] u32 classifier
[    4.534495]     input device check on
[    4.540845]     Actions configured
[    4.592146] xt_time: kernel timezone is -0000
[    4.601808] ipip: IPv4 and MPLS over IPv4 tunneling driver
[    4.614179] gre: GRE over IPv4 demultiplexor driver
[    4.622259] ip_gre: GRE over IPv4 tunneling driver
[    4.631671] IPv4 over IPsec tunneling driver
[    4.638942] Initializing XFRM netlink socket
[    4.646123] IPsec XFRM device driver
[    4.652205] NET: Registered PF_INET6 protocol family
[    4.665646] Segment Routing with IPv6
[    4.671335] In-situ OAM (IOAM) with IPv6
[    4.678496] mip6: Mobile IPv6
[    4.683370] sit: IPv6, IPv4 and MPLS over IPv4 tunneling driver
[    4.693210] ip6_gre: GRE over IPv6 tunneling driver
[    4.701660] NET: Registered PF_PACKET protocol family
[    4.711325] NET: Registered PF_KEY protocol family
[    4.722349] NET: Registered PF_VSOCK protocol family
[    4.731669] IPI shorthand broadcast: enabled
[    4.740400] AVX2 version of gcm_enc/dec engaged.
[    4.749645] AES CTR mode by8 optimization enabled
[    4.762472] registered taskstats version 1
[    4.773524] Loading compiled-in X.509 certificates
[    4.782919] Loaded X.509 cert 'Build time autogenerated kernel key: e0c4cfc22db488d42fe3893b072131e52e90a419'
[    4.807939] page_owner is disabled
[    4.816003] Key type .fscrypt registered
[    4.824119] Key type fscrypt-provisioning registered
[    4.834196] Unstable clock detected, switching default tracing clock to "global"
[    4.834196] If you want to keep using the local clock, then add:
[    4.834196]   "trace_clock=local"
[    4.834196] on the kernel command line
[    4.881646] ALSA device list:
[    4.889321]   No soundcards found.
[    4.898080] Freeing unused kernel image (initmem) memory: 2948K
[    4.909879] Write protecting the kernel read-only data: 36864k
[    4.922552] Freeing unused kernel image (rodata/data gap) memory: 452K
[    4.935269] Run /init as init process
[    4.944168] init: init first stage started!
[    4.954113] init: Loading module /lib/modules/virtio_blk.ko with args ''
[    4.967875] virtio_blk: module verification failed: signature and/or required key missing - tainting kernel
[    4.990026] init: Loaded kernel module /lib/modules/virtio_blk.ko
[    5.003684] init: Loading module /lib/modules/virtio_console.ko with args ''
[    5.019256] init: Loaded kernel module /lib/modules/virtio_console.ko
[    5.033373] init: Loading module /lib/modules/virtio_dma_buf.ko with args ''
[    5.048443] init: Loaded kernel module /lib/modules/virtio_dma_buf.ko
[    5.062526] init: Loading module /lib/modules/virtio_pci_modern_dev.ko with args ''
[    5.077289] init: Loaded kernel module /lib/modules/virtio_pci_modern_dev.ko
[    5.092172] init: Loading module /lib/modules/virtio_pci_legacy_dev.ko with args ''
[    5.108495] init: Loaded kernel module /lib/modules/virtio_pci_legacy_dev.ko
[    5.122804] init: Loading module /lib/modules/virtio_pci.ko with args ''
[    5.176722] ACPI: \_SB_.LNKB: Enabled at IRQ 10
[    5.227167] ACPI: \_SB_.LNKC: Enabled at IRQ 11
[    5.238286] virtio_blk virtio1: 1/0/0 default/read/poll queues
[    5.250615] virtio_blk virtio1: [vda] 6985728 512-byte logical blocks (3.58 GB/3.33 GiB)
[    5.271428]  vda: vda1 vda2
[    5.318408] ACPI: \_SB_.LNKD: Enabled at IRQ 11
[    5.328044] virtio_blk virtio2: 1/0/0 default/read/poll queues
[    5.340435] virtio_blk virtio2: [vdb] 135168 512-byte logical blocks (69.2 MB/66.0 MiB)
[    5.397019] ACPI: \_SB_.LNKA: Enabled at IRQ 10
[    5.407938] virtio_blk virtio3: 1/0/0 default/read/poll queues
[    5.422217] virtio_blk virtio3: [vdc] 20971520 512-byte logical blocks (10.7 GB/10.0 GiB)
[    5.480870] virtio_blk virtio4: 1/0/0 default/read/poll queues
[    5.494686] virtio_blk virtio4: [vdd] 36864 512-byte logical blocks (18.9 MB/18.0 MiB)
[    5.520756]  vdd: vdd1
[    5.568294] virtio_blk virtio5: 1/0/0 default/read/poll queues
[    5.581001] virtio_blk virtio5: [vde] 227328 512-byte logical blocks (116 MB/111 MiB)
[    5.599503]  vde: vde1
[    6.303032] virtio-pci 0000:00:18.0: virtio_pci: leaving for legacy driver
[    6.374651] init: Loaded kernel module /lib/modules/virtio_pci.ko
[    6.395047] init: Loading module /lib/modules/virtio-rng.ko with args ''
[    6.420697] init: Loaded kernel module /lib/modules/virtio-rng.ko
[    6.438774] init: Loading module /lib/modules/vmw_vsock_virtio_transport.ko with args ''
[    6.486081] init: Loaded kernel module /lib/modules/vmw_vsock_virtio_transport.ko
[    6.515045] init: Loaded 8 modules from /lib/modules
[    6.536547] init: Loaded 8 kernel modules took 1582 ms
[    6.558616] init: Copied ramdisk prop to /second_stage_resources/system/etc/ramdisk/build.prop
[    6.592526] init: [libfstab] Using Android DT directory /proc/device-tree/firmware/android/
[    6.620829] init: [libfstab] ReadFstabFromDt(): failed to read fstab from dt
[    6.652132] init: [libfs_mgr] superblock s_max_mnt_count:65535,/dev/block/pci/pci0000:00/0000:00:06.0/by-name/metadata
[    6.679544] init: [libfs_mgr] Filesystem on /dev/block/pci/pci0000:00/0000:00:06.0/by-name/metadata was not cleanly shutdown; state flags: 0x1, incompat feature flags: 0x46
[    6.721806] EXT4-fs: Ignoring removed nomblk_io_submit option
[    6.760703] EXT4-fs (vdd1): recovery complete
[    6.773960] EXT4-fs (vdd1): mounted filesystem b08db4c1-cfe5-46f0-b32a-f06729e6a3f2 r/w with ordered data mode. Quota mode: none.
[    6.802146] init: [libfs_mgr] check_fs(): mount(/dev/block/pci/pci0000:00/0000:00:06.0/by-name/metadata,/metadata,ext4)=0: Success
[    6.837611] EXT4-fs (vdd1): unmounting filesystem b08db4c1-cfe5-46f0-b32a-f06729e6a3f2.
[    6.870255] init: [libfs_mgr] umount_retry(): unmount(/metadata) succeeded
[    6.894416] init: [libfs_mgr] Not running /system/bin/e2fsck on /dev/block/vdd1 (executable not in system image)
[    6.925622] EXT4-fs (vdd1): mounted filesystem b08db4c1-cfe5-46f0-b32a-f06729e6a3f2 r/w with ordered data mode. Quota mode: none.
[    6.951318] init: [libfs_mgr] __mount(source=/dev/block/pci/pci0000:00/0000:00:06.0/by-name/metadata,target=/metadata,type=ext4)=0: Success
[    6.979554] init: Failed to copy /avb into /metadata/gsi/dsu/avb/: No such file or directory
[    7.002989] init: [libfs_mgr] Created logical partition system on device /dev/block/dm-0
[    7.024384] init: [libfs_mgr] Created logical partition system_dlkm on device /dev/block/dm-1
[    7.041509] init: [libfs_mgr] Created logical partition system_ext on device /dev/block/dm-2
[    7.063903] init: [libfs_mgr] Created logical partition product on device /dev/block/dm-3
[    7.083163] init: [libfs_mgr] Created logical partition vendor on device /dev/block/dm-4
[    7.098921] init: DSU not detected, proceeding with normal boot
[    8.129612] init: [libfs_avb] Device path not found: /dev/block/by-name/system
[    9.178499] init: [libfs_avb] Device path not found: /dev/block/by-name/system
[    9.198020] init: [libfs_avb] Returning avb_handle with status: Success
[    9.215326] init: [libfs_avb] Built verity table: '1 /dev/block/dm-0 /dev/block/dm-0 4096 4096 239946 239946 sha256 1dda75fa7314e1ffd47a5c1a60ead5e47ac109c42f566ae0a2dc8a54e12b787a 2626a7db5f3a5a5050ca3505c8bbefb48a24ac5bba7532bc924b99a073ef733f 10 use_fec_from_device /dev/block/dm-0 fec_roots 2 fec_blocks 241837 fec_start 241837 restart_on_corruption ignore_zero_blocks'
[    9.296648] device-mapper: verity: sha256 using shash "sha256-ni" (multibuffer)
[    9.334756] erofs: (device dm-5): erofs_read_superblock: cannot find valid erofs superblock
[    9.355526] init: [libfs_mgr] __mount(source=/dev/block/dm-5,target=/system,type=erofs)=-1: Invalid argument
[    9.381225] init: [libfs_mgr] superblock s_max_mnt_count:65535,/dev/block/dm-5
[    9.407193] EXT4-fs (dm-5): mounted filesystem 94f75483-ca95-50f8-85ff-5459424ca916 ro without journal. Quota mode: none.
[    9.433914] init: [libfs_mgr] __mount(source=/dev/block/dm-5,target=/system,type=ext4)=0: Success
[    9.464737] init: Switching root to '/system'
[    9.488069] erofs: (device dm-4): erofs_read_superblock: cannot find valid erofs superblock
[    9.512642] init: [libfs_mgr] __mount(source=/dev/block/dm-4,target=/vendor,type=erofs)=-1: Invalid argument
[    9.541931] init: [libfs_mgr] superblock s_max_mnt_count:65535,/dev/block/dm-4
[    9.570839] EXT4-fs (dm-4): mounted filesystem 01d5a90a-e9e1-595e-afd3-b22f586f93d9 ro without journal. Quota mode: none.
[    9.599756] init: [libfs_mgr] __mount(source=/dev/block/dm-4,target=/vendor,type=ext4)=0: Success
[    9.624223] erofs: (device dm-3): erofs_read_superblock: cannot find valid erofs superblock
[    9.644511] init: [libfs_mgr] __mount(source=/dev/block/dm-3,target=/product,type=erofs)=-1: Invalid argument
[    9.668392] init: [libfs_mgr] superblock s_max_mnt_count:65535,/dev/block/dm-3
[    9.688834] EXT4-fs (dm-3): mounted filesystem b7f9522a-c93f-512b-9966-1468f77f910a ro without journal. Quota mode: none.
[    9.711990] init: [libfs_mgr] __mount(source=/dev/block/dm-3,target=/product,type=ext4)=0: Success
[    9.734230] erofs: (device dm-1): mounted with root inode @ nid 38.
[    9.748911] init: [libfs_mgr] __mount(source=/dev/block/dm-1,target=/system_dlkm,type=erofs)=0: Success
[    9.771494] erofs: (device dm-2): erofs_read_superblock: cannot find valid erofs superblock
[    9.791911] init: [libfs_mgr] __mount(source=/dev/block/dm-2,target=/system_ext,type=erofs)=-1: Invalid argument
[    9.819156] init: [libfs_mgr] superblock s_max_mnt_count:65535,/dev/block/dm-2
[    9.845114] EXT4-fs (dm-2): mounted filesystem 8c18023e-c466-5741-8238-e6279e454e7c ro without journal. Quota mode: none.
[    9.869907] init: [libfs_mgr] __mount(source=/dev/block/dm-2,target=/system_ext,type=ext4)=0: Success
[    9.906120] init: Skipped setting INIT_AVB_VERSION (not in recovery mode)
[   10.154124] init: [libfstab] Using Android DT directory /proc/device-tree/firmware/android/
[   10.183131] init: Opening SELinux policy
[   10.219073] init: Loading SELinux policy
[   10.234742] SELinux:  policy capability network_peer_controls=1
[   10.263679] SELinux:  policy capability open_perms=1
[   10.267483] SELinux:  policy capability extended_socket_class=1
[   10.288688] SELinux:  policy capability always_check_network=0
[   10.301124] SELinux:  policy capability cgroup_seclabel=0
[   10.305007] SELinux:  policy capability nnp_nosuid_transition=1
[   10.326909] SELinux:  policy capability genfs_seclabel_symlinks=0
[   10.341282] SELinux:  policy capability ioctl_skip_cloexec=0
[   10.364868] audit: type=1403 audit(1790705236.532:2): auid=4294967295 ses=4294967295 lsm=selinux res=1
[   10.386026] audit: type=1404 audit(1790705236.532:3): enforcing=1 old_enforcing=0 auid=4294967295 ses=4294967295 enabled=1 old-enabled=1 lsm=selinux res=1
[   10.420804] selinux: SELinux: Loaded file context from:
[   10.432082] selinux: 		/system/etc/selinux/plat_file_contexts
[   10.435859] selinux: 		/system_ext/etc/selinux/system_ext_file_contexts
[   10.453139] selinux: 		/vendor/etc/selinux/vendor_file_contexts
[   10.478254] init: init second stage started!
[   10.510582] selinux: SELinux: Loaded file context from:
[   10.521491] selinux: 		/system/etc/selinux/plat_file_contexts
[   10.535780] selinux: 		/system_ext/etc/selinux/system_ext_file_contexts
[   10.547360] selinux: 		/vendor/etc/selinux/vendor_file_contexts
[   10.593266] init: [libfstab] Using Android DT directory /proc/device-tree/firmware/android/
[   10.615382] init: Overriding previous property 'ro.control_privapp_permissions':'disable' with new value 'enforce'
[   10.633148] init: Do not have permissions to set 'persist.sys.usb.config' to '' in property file '/vendor/build.prop': SELinux permission check failed
[   10.645289] audit: type=1107 audit(1790705236.804:4): pid=1 uid=0 auid=4294967295 ses=4294967295 subj=u:r:init:s0 msg='avc:  denied  { set } for property=persist.sys.usb.config pid=1 uid=0 gid=0 scontext=u:r:vendor_init:s0 tcontext=u:object_r:system_prop:s0 tclass=property_service permissive=0'
[   10.712233] init: Overriding previous property 'ro.config.notification_sound':'OnTheHunt.ogg' with new value 'pixiedust.ogg'
[   10.740115] init: Setting product property ro.product.brand to 'google' (from ro.product.product.brand)
[   10.762709] init: Setting product property ro.product.device to 'emu64xa' (from ro.product.product.device)
[   10.783262] init: Setting product property ro.product.manufacturer to 'Google' (from ro.product.product.manufacturer)
[   10.808218] init: Setting product property ro.product.model to 'sdk_gphone64_x86_64' (from ro.product.product.model)
[   10.832517] init: Setting product property ro.product.name to 'sdk_gphone64_x86_64' (from ro.product.product.name)
[   10.853939] init: Setting property 'ro.build.fingerprint' to 'google/sdk_gphone64_x86_64/emu64xa:15/AE3A.240806.043/12960925:userdebug/dev-keys'
[   10.878986] init: Setting property 'ro.product.cpu.abilist' to 'x86_64,arm64-v8a'
[   10.893022] init: Setting property 'ro.product.cpu.abilist32' to ''
[   10.903175] init: Setting property 'ro.product.cpu.abilist64' to 'x86_64,arm64-v8a'
[   10.906990] selinux: SELinux: Loaded file context from:
[   10.930564] selinux: 		/system/etc/selinux/plat_file_contexts
[   10.941784] selinux: 		/system_ext/etc/selinux/system_ext_file_contexts
[   10.954791] selinux: 		/vendor/etc/selinux/vendor_file_contexts
[   10.964661] init: Running restorecon...
[   10.978191] init: Created socket '/dev/socket/property_service_for_system', mode 660, user 0, group 1000
[   10.997427] init: Created socket '/dev/socket/property_service', mode 666, user 0, group 0
[   11.019362] init: [libfs_mgr] vendor overlay: vndk version not defined
[   11.033462] init: SetupMountNamespaces done
[   11.043567] init: Forked subcontext for 'u:r:vendor_init:s0' with pid 87
[   11.063857] init: Parsing file /system/etc/init/hw/init.rc...
[   11.083191] init: Added '/init.environ.rc' to import list
[   11.097107] init: Added '/system/etc/init/hw/init.usb.rc' to import list
[   11.111241] init: Added '/init.ranchu.rc' to import list
[   11.124396] init: Added '/vendor/etc/init/hw/init.ranchu.rc' to import list
[   11.139550] init: Added '/system/etc/init/hw/init.usb.configfs.rc' to import list
[   11.157520] init: Added '/system/etc/init/hw/init.zygote64.rc' to import list
[   11.177022] init: Added '/system/etc/init/hw/init.boringssl.zygote64.rc' to import list
[   11.194027] init: Parsing file /init.environ.rc...
[   11.204190] init: Parsing file /system/etc/init/hw/init.usb.rc...
[   11.218406] init: Parsing file /init.ranchu.rc...
[   11.227259] init: Unable to read config file '/init.ranchu.rc': open() failed: No such file or directory
[   11.244257] init: Parsing file /vendor/etc/init/hw/init.ranchu.rc...
[   11.256036] init: No user specified for service 'bugreport', so it is root.
[   11.270607] init: Parsing file /system/etc/init/hw/init.usb.configfs.rc...
[   11.285030] init: Parsing file /system/etc/init/hw/init.zygote64.rc...
[   11.299290] init: Parsing file /system/etc/init/hw/init.boringssl.zygote64.rc...
[   11.314038] init: Parsing directory /system/etc/init...
[   11.325096] init: Parsing file /system/etc/init/UprobeStats.rc...
[   11.339190] init: Parsing file /system/etc/init/aconfigd.rc...
[   11.353275] init: Parsing file /system/etc/init/android.system.suspend-service.rc...
[   11.372468] init: Parsing file /system/etc/init/apexd.rc...
[   11.384050] init: Parsing file /system/etc/init/atrace.rc...
[   11.394679] init: Parsing file /system/etc/init/atrace_userdebug.rc...
[   11.406625] init: Parsing file /system/etc/init/audioserver.rc...
[   11.418243] init: Parsing file /system/etc/init/blank_screen.rc...
[   11.431010] init: Parsing file /system/etc/init/bootanim.rc...
[   11.443318] init: Parsing file /system/etc/init/bootstat-debug.rc...
[   11.456157] init: Parsing file /system/etc/init/bootstat.rc...
[   11.472208] init: Parsing file /system/etc/init/cameraserver.rc...
[   11.485903] init: Parsing file /system/etc/init/clean_scratch_files.rc...
[   11.499817] init: Parsing file /system/etc/init/cppreopts.rc...
[   11.514879] init: Parsing file /system/etc/init/credstore.rc...
[   11.531887] init: Parsing file /system/etc/init/dmesgd.rc...
[   11.547165] init: Parsing file /system/etc/init/drmserver.rc...
[   11.558474] init: Parsing file /system/etc/init/dumpstate.rc...
[   11.569717] init: Parsing file /system/etc/init/flags_health_check.rc...
[   11.587869] init: Parsing file /system/etc/init/gatekeeperd.rc...
[   11.602398] init: Parsing file /system/etc/init/gpuservice.rc...
[   11.614719] init: Parsing file /system/etc/init/gsid.rc...
[   11.624495] init: Parsing file /system/etc/init/heapprofd.rc...
[   11.636554] init: Parsing file /system/etc/init/idmap2d.rc...
[   11.652528] init: Parsing file /system/etc/init/incidentd.rc...
[   11.663108] init: Parsing file /system/etc/init/init-debug.rc...
[   11.674732] init: Parsing file /system/etc/init/installd.rc...
[   11.689879] init: Parsing file /system/etc/init/kcmdlinectrl.rc...
[   11.706560] init: Parsing file /system/etc/init/keystore2.rc...
[   11.720983] init: Parsing file /system/etc/init/llkd-debuggable.rc...
[   11.732481] init: Parsing file /system/etc/init/llkd.rc...
[   11.742978] init: Parsing file /system/etc/init/lmkd.rc...
[   11.754150] init: Parsing file /system/etc/init/logcatd.rc...
[   11.765650] init: Parsing file /system/etc/init/logd.rc...
[   11.777523] init: Parsing file /system/etc/init/logtagd.rc...
[   11.790465] init: Parsing file /system/etc/init/lpdumpd.rc...
[   11.804733] init: Parsing file /system/etc/init/mdnsd.rc...
[   11.819602] init: Parsing file /system/etc/init/mediaextractor.rc...
[   11.832181] init: Parsing file /system/etc/init/mediametrics.rc...
[   11.846616] init: Parsing file /system/etc/init/mediaserver.rc...
[   11.859085] init: Parsing file /system/etc/init/misctrl.rc...
[   11.872578] init: Parsing file /system/etc/init/mtectrl.rc...
[   11.886398] init: Parsing file /system/etc/init/ndk_translation.rc...
[   11.899990] init: Parsing file /system/etc/init/netbpfload.rc...
[   11.913969] init: Parsing file /system/etc/init/netd.rc...
[   11.924575] init: Parsing file /system/etc/init/odsign.rc...
[   11.936717] init: Parsing file /system/etc/init/otapreopt.rc...
[   11.950765] init: Parsing file /system/etc/init/perfetto.rc...
[   11.964539] init: Parsing file /system/etc/init/prng_seeder.rc...
[   11.978723] init: Parsing file /system/etc/init/profcollectd.rc...
[   11.991420] init: Parsing file /system/etc/init/recovery-persist.rc...
[   12.005078] init: Parsing file /system/etc/init/recovery-refresh.rc...
[   12.019847] init: Parsing file /system/etc/init/rss_hwm_reset.rc...
[   12.034290] init: Parsing file /system/etc/init/servicemanager.rc...
[   12.050224] init: Parsing file /system/etc/init/simpleperf.rc...
[   12.063711] init: Parsing file /system/etc/init/snapuserd.rc...
[   12.077004] init: Parsing file /system/etc/init/storaged.rc...
[   12.090945] init: Parsing file /system/etc/init/surfaceflinger.rc...
[   12.103689] init: Parsing file /system/etc/init/tombstoned.rc...
[   12.115672] init: Parsing file /system/etc/init/traced_perf.rc...
[   12.125665] init: Parsing file /system/etc/init/uncrypt.rc...
[   12.137275] init: Parsing file /system/etc/init/update_engine.rc...
[   12.149764] init: Parsing file /system/etc/init/update_verifier.rc...
[   12.160606] init: Parsing file /system/etc/init/usbd.rc...
[   12.172158] init: Parsing file /system/etc/init/virtual_camera.hal.rc...
[   12.187037] init: Parsing file /system/etc/init/vold.rc...
[   12.200434] init: Parsing file /system/etc/init/wifi.rc...
[   12.214841] init: Parsing file /system/etc/init/wificond.rc...
[   12.230844] init: Parsing directory /system_ext/etc/init...
[   12.242257] init: Parsing file /system_ext/etc/init/android.hidl.allocator@1.0-service.rc...
[   12.259270] init: Parsing file /system_ext/etc/init/hwservicemanager.rc...
[   12.273795] init: Parsing file /system_ext/etc/init/init.system_ext.rc...
[   12.290870] init: Parsing directory /vendor/etc/init...
[   12.294759] init: Parsing file /vendor/etc/init/android.hardware.atrace@1.0-service.rc...
[   12.324643] init: Parsing file /vendor/etc/init/android.hardware.audio.service.rc...
[   12.355774] init: Parsing file /vendor/etc/init/android.hardware.biometrics.fingerprint-service.ranchu.rc...
[   12.379459] init: Parsing file /vendor/etc/init/android.hardware.camera.provider.ranchu.rc...
[   12.404662] init: Parsing file /vendor/etc/init/android.hardware.camera.provider@2.7-service-google.rc...
[   12.435925] init: Parsing file /vendor/etc/init/android.hardware.drm-service-lazy.clearkey.rc...
[   12.458727] init: Parsing file /vendor/etc/init/android.hardware.gatekeeper@1.0-service.software.rc...
[   12.482928] init: Parsing file /vendor/etc/init/android.hardware.gnss-service.ranchu.rc...
[   12.503256] init: Parsing file /vendor/etc/init/android.hardware.graphics.allocator@3.0-service.ranchu.rc...
[   12.541381] init: Parsing file /vendor/etc/init/android.hardware.health-service.example.rc...
[   12.561793] init: Parsing file /vendor/etc/init/android.hardware.media.c2@1.0-service-goldfish.rc...
[   12.575530] init: Parsing file /vendor/etc/init/android.hardware.security.keymint-service.rc...
[   12.591614] init: Parsing file /vendor/etc/init/android.hardware.sensors-service-multihal.rc...
[   12.605731] init: Parsing file /vendor/etc/init/android.hardware.thermal@2.0-service.rc...
[   12.622469] init: Parsing file /vendor/etc/init/android.hardware.usb-service.example.rc...
[   12.640737] init: Parsing file /vendor/etc/init/android.hardware.wifi-service.rc...
[   12.660716] init: Parsing file /vendor/etc/init/bluetooth-service-default.rc...
[   12.676636] init: Parsing file /vendor/etc/init/boringssl_self_test.rc...
[   12.691556] init: Added '/vendor/etc/boringssl_self_test.zygote64.rc' to import list
[   12.707169] init: Parsing file /vendor/etc/boringssl_self_test.zygote64.rc...
[   12.722958] init: Parsing file /vendor/etc/init/contexthub-default.rc...
[   12.735634] init: Parsing file /vendor/etc/init/dumpstate-default.rc...
[   12.749932] init: Parsing file /vendor/etc/init/face-example.rc...
[   12.764172] init: Parsing file /vendor/etc/init/health-storage-default.rc...
[   12.782371] init: Parsing file /vendor/etc/init/hostapd.android.rc...
[   12.797959] init: Parsing file /vendor/etc/init/hwc3.rc...
[   12.809041] init: Parsing file /vendor/etc/init/identity-default.rc...
[   12.822357] init: Parsing file /vendor/etc/init/lights-default.rc...
[   12.837095] init: Parsing file /vendor/etc/init/power-default.rc...
[   12.849691] init: Parsing file /vendor/etc/init/power.stats-default.rc...
[   12.862467] init: Parsing file /vendor/etc/init/rild_goldfish.rc...
[   12.875387] init: Parsing file /vendor/etc/init/vibrator-default.rc...
[   12.889150] init: Parsing file /odm/etc/init...
[   12.893015] init: Unable to read config file '/odm/etc/init': open() failed: No such file or directory
[   12.914393] init: Parsing file /product/etc/init...
[   12.918299] init: Unable to read config file '/product/etc/init': open() failed: No such file or directory
[   12.939419] init: processing action (SetupCgroups) from (<Builtin Action>:0)
[   12.981571] init: processing action (SetKptrRestrict) from (<Builtin Action>:0)
[   12.995494] init: processing action (TestPerfEventSelinux) from (<Builtin Action>:0)
[   13.013442] init: processing action (early-init) from (/system/etc/init/hw/init.rc:15)
[   13.031730] init: Command 'mkdir /acct/uid' action=early-init (/system/etc/init/hw/init.rc:30) took 0ms and failed: mkdir() failed on /acct/uid: Read-only file system
[   13.062011] init: starting service 'ueventd'...
[   13.086013] init: ... started service 'ueventd' has pid 88
[   13.106521] init: starting service 'apexd-bootstrap'...
[   13.108741] ueventd: ueventd started!
[   13.126950] init: ... started service 'apexd-bootstrap' has pid 89
[   13.137921] selinux: SELinux: Loaded file context from:
[   13.140785] init: SVC_EXEC service 'apexd-bootstrap' pid 89 (uid 0 gid 1000+0 context default) started; waiting...
[   13.150597] selinux: 		/system/etc/selinux/plat_file_contexts
[   13.177890] init: Command 'exec_start apexd-bootstrap' action=early-init (/system/etc/init/hw/init.rc:76) took 65ms and succeeded
[   13.182556] selinux: 		/system_ext/etc/selinux/system_ext_file_contexts
[   13.182560] selinux: 		/vendor/etc/selinux/vendor_file_contexts
[   13.182838] ueventd: Parsing file /system/etc/ueventd.rc...
[   13.243739] ueventd: Added '/vendor/etc/ueventd.rc' to import list
[   13.256818] ueventd: Added '/odm/etc/ueventd.rc' to import list
[   13.270162] ueventd: Parsing file /vendor/etc/ueventd.rc...
[   13.283467] ueventd: Parsing file /odm/etc/ueventd.rc...
[   13.294377] ueventd: Unable to read config file '/odm/etc/ueventd.rc': open() failed: No such file or directory
[   13.351767] apexd: Started. subcommand = --bootstrap
[   13.363833] cutils-trace: Error opening trace file: No such file or directory (2)
[   13.394625] apexd-bootstrap: Scanning /system/apex for pre-installed ApexFiles
[   13.414735] ueventd: Coldboot took 0.097 seconds
[   13.415801] apexd-bootstrap: Found pre-installed APEX /system/apex/com.google.android.art.apex
[   13.448691] apexd-bootstrap: Found pre-installed APEX /system/apex/com.google.android.healthfitness.apex
[   13.481763] apexd-bootstrap: Found pre-installed APEX /system/apex/com.android.i18n.apex
[   13.503390] apexd-bootstrap: Found pre-installed APEX /system/apex/com.android.apex.cts.shim.apex
[   13.533486] apexd-bootstrap: Found pre-installed APEX /system/apex/com.google.android.cellbroadcast.apex
[   13.556915] apexd-bootstrap: Found pre-installed APEX /system/apex/com.google.android.ipsec.apex
[   13.577436] apexd-bootstrap: Found pre-installed APEX /system/apex/com.google.android.profiling.capex
[   13.599900] apexd-bootstrap: Found pre-installed APEX /system/apex/com.google.android.devicelock.apex
[   13.623333] apexd-bootstrap: Found pre-installed APEX /system/apex/com.google.android.tzdata6.apex
[   13.645942] apexd-bootstrap: Found pre-installed APEX /system/apex/com.google.android.rkpd.apex
[   13.666344] apexd-bootstrap: Found pre-installed APEX /system/apex/com.google.android.adbd.apex
[   13.688909] apexd-bootstrap: Found pre-installed APEX /system/apex/com.google.android.uwb.apex
[   13.706900] apexd-bootstrap: Found pre-installed APEX /system/apex/com.google.android.adservices.apex
[   13.726142] apexd-bootstrap: Found pre-installed APEX /system/apex/com.google.android.appsearch.apex
[   13.746694] apexd-bootstrap: Found pre-installed APEX /system/apex/com.google.android.conscrypt.apex
[   13.765423] apexd-bootstrap: Found pre-installed APEX /system/apex/com.android.runtime.apex
[   13.783157] apexd-bootstrap: Found pre-installed APEX /system/apex/com.google.android.permission.apex
[   13.801837] apexd-bootstrap: Found pre-installed APEX /system/apex/com.google.android.btservices.apex
[   13.824320] apexd-bootstrap: Found pre-installed APEX /system/apex/com.google.android.scheduling.apex
[   13.843215] apexd-bootstrap: Found pre-installed APEX /system/apex/com.google.android.mediaprovider.apex
[   13.861749] apexd-bootstrap: Found pre-installed APEX /system/apex/com.google.android.neuralnetworks.apex
[   13.886859] apexd-bootstrap: Found pre-installed APEX /system/apex/com.google.android.media.apex
[   13.905220] apexd-bootstrap: Found pre-installed APEX /system/apex/com.google.android.configinfrastructure.apex
[   13.925355] apexd-bootstrap: Found pre-installed APEX /system/apex/com.google.android.sdkext.apex
[   13.945034] apexd-bootstrap: Found pre-installed APEX /system/apex/com.google.android.resolv.apex
[   13.967710] apexd-bootstrap: Found pre-installed APEX /system/apex/com.google.android.nfcservices.apex
[   13.987510] apexd-bootstrap: Found pre-installed APEX /system/apex/com.google.android.wifi.apex
[   14.003517] apexd-bootstrap: Found pre-installed APEX /system/apex/com.google.android.ondevicepersonalization.apex
[   14.025659] apexd-bootstrap: Found pre-installed APEX /system/apex/com.google.android.media.swcodec.apex
[   14.046025] apexd-bootstrap: Found pre-installed APEX /system/apex/com.google.mainline.primary.libs.apex
[   14.067640] apexd-bootstrap: Found pre-installed APEX /system/apex/com.google.android.extservices.apex
[   14.090211] apexd-bootstrap: Found pre-installed APEX /system/apex/com.google.android.os.statsd.apex
[   14.106033] apexd-bootstrap: Found pre-installed APEX /system/apex/com.android.virt.apex
[   14.125697] apexd-bootstrap: Found pre-installed APEX /system/apex/com.google.android.tethering.apex
[   14.148284] apexd-bootstrap: Scanning /system_ext/apex for pre-installed ApexFiles
[   14.162307] apexd-bootstrap: Found pre-installed APEX /system_ext/apex/com.android.compos.apex
[   14.176913] apexd-bootstrap: Scanning /product/apex for pre-installed ApexFiles
[   14.191105] apexd-bootstrap: /product/apex does not exist. Skipping
[   14.201743] apexd-bootstrap: Scanning /vendor/apex for pre-installed ApexFiles
[   14.217885] apexd-bootstrap: Found pre-installed APEX /vendor/apex/com.android.hardware.neuralnetworks.apex
[   14.241347] apexd-bootstrap: Found pre-installed APEX /vendor/apex/com.android.hardware.cas.apex
[   14.263584] apexd-bootstrap: Found pre-installed APEX /vendor/apex/com.android.hardware.rebootescrow.apex
[   14.283305] apexd-bootstrap: Found pre-installed APEX /vendor/apex/com.android.hardware.authsecret.apex
[   14.301701] apexd-bootstrap: Found pre-installed APEX /vendor/apex/com.google.android.widevine-11775005.apex
[   14.328044] apexd-bootstrap: Found sharedlibs APEX /system/apex/com.google.mainline.primary.libs.apex
[   14.346115] apexd-bootstrap: Found bootstrap APEX /system/apex/com.android.runtime.apex
[   14.360479] apexd-bootstrap: Found bootstrap APEX /system/apex/com.google.android.tzdata6.apex
[   14.377066] apexd-bootstrap: Found bootstrap APEX /system/apex/com.android.i18n.apex
[   14.391942] apexd-bootstrap: Need to pre-allocate 44 loop devices for 40 APEX packages
[   14.395791] apexd-bootstrap: No block apex metadata partition found, not adding block apexes
[   14.461083] apexd-bootstrap: Found 16 idle loopback devices that were pre-allocated by kernel. Allocated 28 more.
[   14.521797] loop0: detected capacity change from 0 to 9680
[   14.534571] loop1: detected capacity change from 0 to 71064
[   14.549902] loop2: detected capacity change from 0 to 1648
[   14.565887] EXT4-fs (loop1): mounted filesystem 7d1522e1-9dfa-5edb-a43e-98e3a4d20250 ro without journal. Quota mode: none.
[   14.565901] EXT4-fs (loop0): mounted filesystem 7d1522e1-9dfa-5edb-a43e-98e3a4d20250 ro without journal. Quota mode: none.
[   14.584180] apexd-bootstrap: Successfully mounted package /system/apex/com.android.i18n.apex on /apex/com.android.i18n@1 duration=57
[   14.628786] EXT4-fs (loop2): mounted filesystem 7d1522e1-9dfa-5edb-a43e-98e3a4d20250 ro without journal. Quota mode: none.
[   14.650495] apexd-bootstrap: Successfully mounted package /system/apex/com.android.runtime.apex on /apex/com.android.runtime@1 duration=129
[   14.663207] apexd-bootstrap: Successfully mounted package /system/apex/com.google.android.tzdata6.apex on /apex/com.android.tzdata@350820260 duration=128
[   14.703376] apexd-bootstrap: Activated 3 packages.
[   14.716838] SELinux: SELinux: Loaded file context from:
[   14.726006] SELinux: 		/system/etc/selinux/plat_file_contexts
[   14.729410] SELinux: 		/system_ext/etc/selinux/system_ext_file_contexts
[   14.747043] SELinux: 		/vendor/etc/selinux/vendor_file_contexts
[   14.760981] apexd-bootstrap: OnBootstrap done, duration=1364
[   14.772131] init: Service 'apexd-bootstrap' (pid 89) exited with status 0 waiting took 1.653000 seconds
[   14.789798] init: Sending signal 9 to service 'apexd-bootstrap' (pid 89) process group...
[   14.803469] libprocessgroup: Removed cgroup /sys/fs/cgroup/uid_0/pid_89
[   14.896374] init: linkerconfig generated /linkerconfig with mounted APEX modules info
[   14.912271] init: Command 'perform_apex_config --bootstrap' action=early-init (/system/etc/init/hw/init.rc:77) took 94ms and succeeded
[   14.935708] init: processing action (early-init) from (/init.environ.rc:2)
[   14.951240] init: processing action (early-init) from (/vendor/etc/init/hw/init.ranchu.rc:11)
[   14.967476] init: Command 'setprop ro.config.low_ram ${ro.boot.config.low_ram}' action=early-init (/vendor/etc/init/hw/init.ranchu.rc:15) took 0ms and failed: property 'ro.boot.config.low_ram' doesn't exist while expanding '${ro.boot.config.low_ram}'
[   15.008699] init: Command 'setprop ro.hardware.vulkan ${ro.boot.hardware.vulkan}' action=early-init (/vendor/etc/init/hw/init.ranchu.rc:18) took 0ms and failed: property 'ro.boot.hardware.vulkan' doesn't exist while expanding '${ro.boot.hardware.vulkan}'
[   15.052752] init: Command 'setprop dalvik.vm.checkjni ${ro.boot.dalvik.vm.checkjni}' action=early-init (/vendor/etc/init/hw/init.ranchu.rc:21) took 0ms and failed: property 'ro.boot.dalvik.vm.checkjni' doesn't exist while expanding '${ro.boot.dalvik.vm.checkjni}'
[   15.097054] init: Command 'setprop debug.stagefright.ccodec ${ro.boot.debug.stagefright.ccodec}' action=early-init (/vendor/etc/init/hw/init.ranchu.rc:23) took 0ms and failed: property 'ro.boot.debug.stagefright.ccodec' doesn't exist while expanding '${ro.boot.debug.stagefright.ccodec}'
[   15.142320] init: Command 'setprop debug.sf.nobootanimation ${ro.boot.debug.sf.nobootanimation}' action=early-init (/vendor/etc/init/hw/init.ranchu.rc:24) took 0ms and failed: property 'ro.boot.debug.sf.nobootanimation' doesn't exist while expanding '${ro.boot.debug.sf.nobootanimation}'
[   15.186612] init: Command 'setprop debug.angle.feature_overrides_enabled ${ro.boot.hardware.angle_feature_overrides_enabled}' action=early-init (/vendor/etc/init/hw/init.ranchu.rc:25) took 0ms and failed: property 'ro.boot.hardware.angle_feature_overrides_enabled' doesn't exist while expanding '${ro.boot.hardware.angle_feature_overrides_enabled}'
[   15.241497] init: Command 'setprop debug.angle.feature_overrides_disabled ${ro.boot.hardware.angle_feature_overrides_disabled}' action=early-init (/vendor/etc/init/hw/init.ranchu.rc:26) took 0ms and failed: property 'ro.boot.hardware.angle_feature_overrides_disabled' doesn't exist while expanding '${ro.boot.hardware.angle_feature_overrides_disabled}'
[   15.302421] init: starting service 'vendor.dlkm_loader'...
[   15.318316] init: ... started service 'vendor.dlkm_loader' has pid 141
[   15.335383] init: starting service 'exec 1 (/system/bin/modprobe -a -d /system/lib/modules zram.ko)'...
[   15.364678] init: ... started service 'exec 1 (/system/bin/modprobe -a -d /system/lib/modules zram.ko)' has pid 142
[   15.388164] init: SVC_EXEC service 'exec 1 (/system/bin/modprobe -a -d /system/lib/modules zram.ko)' pid 142 (uid 0 gid 0+0 context u:r:modprobe:s0) started; waiting...
[   15.391966] dlkm_loader: dlkm loader successfully initialized
[   15.412879] init: Command 'exec u:r:modprobe:s0 -- /system/bin/modprobe -a -d /system/lib/modules zram.ko' action=early-init (/vendor/etc/init/hw/init.ranchu.rc:30) took 78ms and succeeded
[   15.471458] dlkm_loader: Loading module /system/lib/modules/rfkill.ko with args ''
[   15.492584] dlkm_loader: Loaded kernel module /system/lib/modules/rfkill.ko
[   15.494586] dlkm_loader: Loading module /system/lib/modules/bluetooth.ko with args ''
[   15.494768] zram: Added device: zram0
[   15.540604] init: Service 'exec 1 (/system/bin/modprobe -a -d /system/lib/modules zram.ko)' (pid 142) exited with status 0 waiting took 0.176000 seconds
[   15.567365] init: Sending signal 9 to service 'exec 1 (/system/bin/modprobe -a -d /system/lib/modules zram.ko)' (pid 142) process group...
[   15.592812] libprocessgroup: Removed cgroup /sys/fs/cgroup/uid_0/pid_142
[   15.596171] init: processing action (ro.product.debugfs_restrictions.enabled=true && early-init) from (/system/etc/init/init-debug.rc:10)
[   15.610184] Bluetooth: Core ver 2.22
[   15.628643] init: processing action (ro.enable.native.bridge.exec=1 && early-init) from (/system/etc/init/ndk_translation.rc:2)
[   15.630216] NET: Registered PF_BLUETOOTH protocol family
[   15.652856] init: processing action (early-init) from (/system/etc/init/prng_seeder.rc:5)
[   15.655043] Bluetooth: HCI device and connection manager initialized
[   15.672504] init: starting service 'prng_seeder'...
[   15.683201] Bluetooth: HCI socket layer initialized
[   15.687125] init: Created socket '/dev/socket/prng_seeder', mode 666, user 1092, group 1092
[   15.698309] Bluetooth: L2CAP socket layer initialized
[   15.698337] Bluetooth: SCO socket layer initialized
[   15.729870] dlkm_loader: Loaded kernel module /system/lib/modules/bluetooth.ko
[   15.746074] dlkm_loader: Loading module /vendor/lib/modules/btintel.ko with args ''
[   15.762806] init: ... started service 'prng_seeder' has pid 144
[   15.773948] init: Command 'start prng_seeder' action=early-init (/system/etc/init/prng_seeder.rc:6) took 101ms and succeeded
[   15.796071] init: processing action (ro.product.cpu.abilist64=* && early-init) from (/vendor/etc/boringssl_self_test.zygote64.rc:1)
[   15.819394] init: starting service 'boringssl_self_test64_vendor'...
[   15.820611] dlkm_loader: Loaded kernel module /vendor/lib/modules/btintel.ko
[   15.846670] init: ... started service 'boringssl_self_test64_vendor' has pid 145
[   15.860003] dlkm_loader: Loading module /vendor/lib/modules/btrtl.ko with args ''
[   15.872167] init: SVC_EXEC service 'boringssl_self_test64_vendor' pid 145 (uid 0 gid 0+0 context default) started; waiting...
[   15.895419] init: Command 'exec_start boringssl_self_test64_vendor' action=ro.product.cpu.abilist64=* && early-init (/vendor/etc/boringssl_self_test.zygote64.rc:2) took 75ms and succeeded
[   15.923064] dlkm_loader: Loaded kernel module /vendor/lib/modules/btrtl.ko
[   15.923064] dlkm_loader: Loading module /system/lib/modules/btbcm.ko with args ''
[   15.956115] dlkm_loader: Loaded kernel module /system/lib/modules/btbcm.ko
[   15.970055] dlkm_loader: Loading module /vendor/lib/modules/btusb.ko with args ''
[   15.991298] usbcore: registered new interface driver btusb
[   16.004263] dlkm_loader: Loaded kernel module /vendor/lib/modules/btusb.ko
[   16.020094] dlkm_loader: Loading module /vendor/lib/modules/cfg80211.ko with args ''
[   16.072350] init: Service 'boringssl_self_test64_vendor' (pid 145) exited with status 0 waiting took 0.239000 seconds
[   16.096474] init: Sending signal 9 to service 'boringssl_self_test64_vendor' (pid 145) process group...
[   16.116114] libprocessgroup: Removed cgroup /sys/fs/cgroup/uid_0/pid_145
[   16.130911] init: processing action (ConnectEarlyStageSnapuserd) from (<Builtin Action>:0)
[   16.145518] init: processing action (wait_for_coldboot_done) from (<Builtin Action>:0)
[   16.162865] init: start_waiting_for_property("ro.cold_boot_done", "true"): already set
[   16.179797] init: processing action (SetMmapRndBits) from (<Builtin Action>:0)
[   16.194614] init: processing action (KeychordInit) from (<Builtin Action>:0)
[   16.198319] init: EVIOCSMASK not supported: Invalid argument
[   16.218042] init: processing action (init) from (/system/etc/init/hw/init.rc:101)
[   16.236565] init: Command 'copy /system/etc/prop.default /dev/urandom' action=init (/system/etc/init/hw/init.rc:106) took 0ms and failed: Could not read input file '/system/etc/prop.default': open() failed: No such file or directory
[   16.324065] init: Command 'write /dev/blkio/blkio.weight 1000' action=init (/system/etc/init/hw/init.rc:245) took 0ms and failed: Unable to write to file '/dev/blkio/blkio.weight': open() failed: Permission denied
[   16.362464] init: Command 'write /dev/blkio/background/blkio.weight 200' action=init (/system/etc/init/hw/init.rc:246) took 0ms and failed: Unable to write to file '/dev/blkio/background/blkio.weight': open() failed: Permission denied
[   16.399475] init: Command 'write /dev/blkio/blkio.group_idle 0' action=init (/system/etc/init/hw/init.rc:248) took 0ms and failed: Unable to write to file '/dev/blkio/blkio.group_idle': open() failed: Permission denied
[   16.433615] init: Command 'write /dev/blkio/background/blkio.group_idle 0' action=init (/system/etc/init/hw/init.rc:249) took 0ms and failed: Unable to write to file '/dev/blkio/background/blkio.group_idle': open() failed: Permission denied
[   16.516682] init: Command 'write /dev/cpu_variant:${ro.bionic.arch} ${ro.bionic.cpu_variant}' action=init (/system/etc/init/hw/init.rc:454) took 0ms and failed: property 'ro.bionic.cpu_variant' doesn't exist while expanding '${ro.bionic.cpu_variant}'
[   16.517451] cfg80211: Loading compiled-in X.509 certificates for regulatory database
[   16.554014] init: Command 'write /dev/cpu_variant:${ro.bionic.2nd_arch} ${ro.bionic.2nd_cpu_variant}' action=init (/system/etc/init/hw/init.rc:456) took 0ms and failed: property 'ro.bionic.2nd_arch' doesn't exist while expanding '/dev/cpu_variant:${ro.bionic.2nd_arch}'
[   16.562797] Loaded X.509 cert 'sforshee: 00b28ddf47aef9cea7'
[   16.601698] init: Command 'chmod 0444 /dev/cpu_variant:${ro.bionic.2nd_arch}' action=init (/system/etc/init/hw/init.rc:457) took 0ms and failed: property 'ro.bionic.2nd_arch' doesn't exist while expanding '/dev/cpu_variant:${ro.bionic.2nd_arch}'
[   16.610582] Loaded X.509 cert 'wens: 61c038651aabdcf94bd0ac7ff06c7248db18c600'
[   16.652692] init: starting service 'logd'...
[   16.658961] platform regulatory.0: Direct firmware load for regulatory.db failed with error -2
[   16.662782] init: Created socket '/dev/socket/logd', mode 666, user 1036, group 1036
[   16.679584] cfg80211: failed to load regulatory.db
[   16.702885] init: Created socket '/dev/socket/logdr', mode 666, user 1036, group 1036
[   16.702618] dlkm_loader: Loaded kernel module /vendor/lib/modules/cfg80211.ko
[   16.716935] init: Created socket '/dev/socket/logdw', mode 222, user 1036, group 1036
[   16.728275] dlkm_loader: Loading module /vendor/lib/modules/dummy-cpufreq.ko with args ''
[   16.762766] dlkm_loader: Loaded kernel module /vendor/lib/modules/dummy-cpufreq.ko
[   16.778285] dlkm_loader: Loading module /vendor/lib/modules/dummy_hcd.ko with args ''
[   16.796905] init: ... started service 'logd' has pid 148
[   16.810272] init: Command 'start logd' action=init (/system/etc/init/hw/init.rc:470) took 157ms and succeeded
[   16.828326] init: starting service 'lmkd'...
[   16.831142] init: Created socket '/dev/socket/lmkd', mode 660, user 1000, group 1000
[   16.850207] dummy_hcd dummy_hcd.0: USB Host+Gadget Emulator, driver 02 May 2005
[   16.864989] dummy_hcd dummy_hcd.0: Dummy host controller
[   16.876864] dummy_hcd dummy_hcd.0: new USB bus registered, assigned bus number 1
[   16.894840] init: ... started service 'lmkd' has pid 151
[   16.898471] init: Command 'start lmkd' action=init (/system/etc/init/hw/init.rc:477) took 75ms and succeeded
[   16.924213] usb usb1: New USB device found, idVendor=1d6b, idProduct=0002, bcdDevice= 6.06
[   16.938694] init: starting service 'servicemanager'...
[   16.950574] usb usb1: New USB device strings: Mfr=3, Product=2, SerialNumber=1
[   16.971957] usb usb1: Product: Dummy host controller
[   16.989897] usb usb1: Manufacturer: Linux 6.6.50-android15-8-g8adecb593e9b-ab12525588 dummy_hcd
[   17.009399] usb usb1: SerialNumber: dummy_hcd.0
[   17.020344] init: ... started service 'servicemanager' has pid 153
[   17.032468] hub 1-0:1.0: USB hub found
[   17.042684] init: Command 'start servicemanager' action=init (/system/etc/init/hw/init.rc:480) took 104ms and succeeded
[   17.065866] hub 1-0:1.0: 1 port detected
[   17.067506] servicemanager: Starting sm instance on /dev/binder
[   17.088940] dlkm_loader: Loaded kernel module /vendor/lib/modules/dummy_hcd.ko
[   17.103602] logd.auditd: start
[   17.109843] logd.klogd: 17115660400
[   17.111790] init: starting service 'hwservicemanager'...
[   17.132305] dlkm_loader: Loading module /vendor/lib/modules/failover.ko with args ''
[   17.150720] SELinux: SELinux: Loaded service context from:
[   17.151807] logd: Loaded bug_map file: /system_ext/etc/selinux/bug_map
[   17.174927] SELinux: 		/system/etc/selinux/plat_service_contexts
[   17.188227] logd: Loaded bug_map file: /vendor/etc/selinux/selinux_denial_metadata
[   17.203071] SELinux: 		/system_ext/etc/selinux/system_ext_service_contexts
[   17.206648] logd: Loaded bug_map file: /system/etc/selinux/bug_map
[   17.218092] dlkm_loader: Loaded kernel module /vendor/lib/modules/failover.ko
[   17.246760] SELinux: 		/vendor/etc/selinux/vendor_service_contexts
[   17.262989] init: ... started service 'hwservicemanager' has pid 160
[   17.266785] init: Command 'start hwservicemanager' action=init (/system/etc/init/hw/init.rc:481) took 170ms and succeeded
[   17.312197] dlkm_loader: Loading module /vendor/lib/modules/goldfish_address_space.ko with args ''
[   17.335896] goldfish_address_space: loading out-of-tree module taints kernel.
[   17.355541] init: Command 'start vndservicemanager' action=init (/system/etc/init/hw/init.rc:482) took 0ms and failed: service vndservicemanager not found
[   17.409965] init: processing action (ro.debuggable=1 && init) from (/system/etc/init/hw/init.rc:1320)
[   17.451695] init: starting service 'console'...
[   17.471730] dlkm_loader: Loaded kernel module /vendor/lib/modules/goldfish_address_space.ko
[   17.488851] dlkm_loader: Loading module /vendor/lib/modules/goldfish_battery.ko with args ''
[   17.513178] init: ... started service 'console' has pid 163
[   17.526204] dlkm_loader: Loaded kernel module /vendor/lib/modules/goldfish_battery.ko
[   17.541314] init: Command 'start console' action=ro.debuggable=1 && init (/system/etc/init/hw/init.rc:1321) took 89ms and succeeded
[   17.548882] dlkm_loader: Loading module /vendor/lib/modules/goldfish_pipe.ko with args ''
[   17.581988] init: processing action (init) from (/system/etc/init/hw/init.usb.rc:28)
[   17.604087] init: processing action (init) from (/vendor/etc/init/hw/init.ranchu.rc:32)
[   17.622749] dlkm_loader: Loaded kernel module /vendor/lib/modules/goldfish_pipe.ko
console:/ $ [   17.655399] dlkm_loader: Loading module /vendor/lib/modules/goldfish_sync.ko with args ''
[   17.676360] dlkm_loader: Loaded kernel module /vendor/lib/modules/goldfish_sync.ko
[   17.691376] init: starting service 'qemu-props'...
[   17.691536] dlkm_loader: Loading module /system/lib/modules/can-dev.ko with args ''
[   17.718814] CAN device driver interface
[   17.726289] init: ... started service 'qemu-props' has pid 165
[   17.740211] dlkm_loader: Loaded kernel module /system/lib/modules/can-dev.ko
[   17.748702] init: Command 'start qemu-props' action=init (/vendor/etc/init/hw/init.ranchu.rc:59) took 57ms and succeeded
[   17.763634] dlkm_loader: Loading module /vendor/lib/modules/gs_usb.ko with args ''
[   17.776405] init: processing action (ro.product.cpu.abilist64=* && init) from (/system/etc/init/hw/init.boringssl.zygote64.rc:1)
[   17.818760] usbcore: registered new interface driver gs_usb
[   17.820089] init: starting service 'boringssl_self_test64'...
[   17.838764] dlkm_loader: Loaded kernel module /vendor/lib/modules/gs_usb.ko
[   17.858526] dlkm_loader: Loading module /vendor/lib/modules/hci_vhci.ko with args ''
[   17.874167] init: ... started service 'boringssl_self_test64' has pid 166
[   17.889807] dlkm_loader: Loaded kernel module /vendor/lib/modules/hci_vhci.ko
[   17.894034] init: SVC_EXEC service 'boringssl_self_test64' pid 166 (uid 9999 gid 0+0 context default) started; waiting...
[   17.938752] init: Command 'exec_start boringssl_self_test64' action=ro.product.cpu.abilist64=* && init (/system/etc/init/hw/init.boringssl.zygote64.rc:2) took 120ms and succeeded
[   17.985037] dlkm_loader: Loading module /system/lib/modules/libarc4.ko with args ''
[   18.016830] init: Service 'boringssl_self_test64' (pid 166) exited with status 0 waiting took 0.173000 seconds
[   18.042114] dlkm_loader: Loaded kernel module /system/lib/modules/libarc4.ko
[   18.048130] init: Sending signal 9 to service 'boringssl_self_test64' (pid 166) process group...
[   18.081178] dlkm_loader: Loading module /vendor/lib/modules/mac80211.ko with args ''
[   18.097024] libprocessgroup: Removed cgroup /sys/fs/cgroup/uid_9999/pid_166
[   18.118169] init: processing action (init) from (/system/etc/init/audioserver.rc:60)
[   18.140987] init: processing action (init) from (/system/etc/init/perfetto.rc:153)
[   18.164330] init: processing action (late-init) from (/system/etc/init/hw/init.rc:526)
[   18.180978] init: processing action (late-init) from (/system/etc/init/atrace.rc:3)
[   18.275428] dlkm_loader: Loaded kernel module /vendor/lib/modules/mac80211.ko
[   18.278653] init: processing action (ro.boot.fastboot.boottrace= && late-init) from (/system/etc/init/atrace.rc:315)
[   18.305345] dlkm_loader: Loading module /vendor/lib/modules/mac80211_hwsim.ko with args 'radios=0
[   18.311095] init: processing action (late-init) from (/vendor/etc/init/android.hardware.atrace@1.0-service.rc:1)
[   18.332467] dlkm_loader: '
[   18.344916] init: processing action (queue_property_triggers) from (<Builtin Action>:0)
[   18.347061] mac80211_hwsim: initializing netlink
[   18.361297] init: processing action (early-fs) from (/system/etc/init/hw/init.rc:559)
[   18.390784] init: starting service 'vold'...
[   18.402418] dlkm_loader: Loaded kernel module /vendor/lib/modules/mac80211_hwsim.ko
[   18.422891] dlkm_loader: Loading module /vendor/lib/modules/mt76.ko with args ''
[   18.443086] init: ... started service 'vold' has pid 167
[   18.463506] init: Command 'start vold' action=early-fs (/system/etc/init/hw/init.rc:561) took 72ms and succeeded
[   18.484153] dlkm_loader: Loaded kernel module /vendor/lib/modules/mt76.ko
[   18.496677] init: processing action (early-fs) from (/vendor/etc/init/hw/init.ranchu.rc:1)
[   18.496764] init: service 'vold' requested start, but it is already running (flags: 2052)
[   18.531741] dlkm_loader: Loading module /vendor/lib/modules/mt76-usb.ko with args ''
[   18.534199] init: processing action (fs) from (/vendor/etc/init/hw/init.ranchu.rc:4)
[   18.563127] dlkm_loader: Loaded kernel module /vendor/lib/modules/mt76-usb.ko
[   18.576098] init: processing action (fs) from (/system/etc/init/logd.rc:29)
[   18.589558] dlkm_loader: Loading module /vendor/lib/modules/mt76x02-lib.ko with args ''
[   18.596299] init: processing action (fs) from (/system/etc/init/wifi.rc:25)
[   18.622377] dlkm_loader: Loaded kernel module /vendor/lib/modules/mt76x02-lib.ko
[   18.637133] init: processing action (post-fs) from (/system/etc/init/hw/init.rc:563)
[   18.642319] dlkm_loader: Loading module /vendor/lib/modules/mt76x0-common.ko with args ''
[   18.664611] init: starting service 'exec 2 (/system/bin/vdc checkpoint markBootAttempt)'...
[   18.685019] dlkm_loader: Loaded kernel module /vendor/lib/modules/mt76x0-common.ko
[   18.699950] dlkm_loader: Loading module /vendor/lib/modules/mt76x02-usb.ko with args ''
[   18.708350] init: ... started service 'exec 2 (/system/bin/vdc checkpoint markBootAttempt)' has pid 168
[   18.738235] dlkm_loader: Loaded kernel module /vendor/lib/modules/mt76x02-usb.ko
[   18.756837] init: SVC_EXEC service 'exec 2 (/system/bin/vdc checkpoint markBootAttempt)' pid 168 (uid 1000 gid 1000+0 context default) started; waiting...
[   18.763087] cutils-trace: Error opening trace file: Permission denied (13)
[   18.781892] dlkm_loader: Loading module /vendor/lib/modules/mt76x0u.ko with args ''
[   18.806543] init: Command 'exec - system system -- /system/bin/vdc checkpoint markBootAttempt' action=post-fs (/system/etc/init/hw/init.rc:564) took 142ms and succeeded
[   18.847214] usbcore: registered new interface driver mt76x0u
[   18.863208] dlkm_loader: Loaded kernel module /vendor/lib/modules/mt76x0u.ko
[   18.882156] dlkm_loader: Loading module /vendor/lib/modules/mt76x2-common.ko with args ''
[   18.907844] dlkm_loader: Loaded kernel module /vendor/lib/modules/mt76x2-common.ko
[   18.929550] dlkm_loader: Loading module /vendor/lib/modules/mt76x2u.ko with args ''
[   18.953274] usbcore: registered new interface driver mt76x2u
[   18.968759] dlkm_loader: Loaded kernel module /vendor/lib/modules/mt76x2u.ko
[   18.985639] dlkm_loader: Loading module /vendor/lib/modules/nd_virtio.ko with args ''
[   19.003211] dlkm_loader: Loaded kernel module /vendor/lib/modules/nd_virtio.ko
[   19.018147] dlkm_loader: Loading module /vendor/lib/modules/net_failover.ko with args ''
[   19.036344] dlkm_loader: Loaded kernel module /vendor/lib/modules/net_failover.ko
[   19.051966] dlkm_loader: Loading module /vendor/lib/modules/pulse8-cec.ko with args ''
[   19.071153] dlkm_loader: Loaded kernel module /vendor/lib/modules/pulse8-cec.ko
[   19.087317] dlkm_loader: Loading module /vendor/lib/modules/rtc-test.ko with args ''
[   19.105331] rtc-test rtc-test.0: registered as rtc1
[   19.117524] rtc-test rtc-test.1: registered as rtc2
[   19.129547] rtc-test rtc-test.2: registered as rtc3
[   19.132453] dlkm_loader: Loaded kernel module /vendor/lib/modules/rtc-test.ko
[   19.154392] dlkm_loader: Loading module /vendor/lib/modules/system_heap.ko with args ''
[   19.171619] dlkm_loader: Loaded kernel module /vendor/lib/modules/system_heap.ko
[   19.187740] dlkm_loader: Loading module /vendor/lib/modules/test_meminit.ko with args ''
[   19.252610] init: Service 'exec 2 (/system/bin/vdc checkpoint markBootAttempt)' (pid 168) exited with status 0 waiting took 0.566000 seconds
[   19.288330] test_meminit: all 11 tests in test_pages passed
[   19.300731] init: Sending signal 9 to service 'exec 2 (/system/bin/vdc checkpoint markBootAttempt)' (pid 168) process group...
[   19.331169] test_meminit: all 40 tests in test_kvmalloc passed
[   19.343083] libprocessgroup: Removed cgroup /sys/fs/cgroup/uid_1000/pid_168
[   19.375489] init: Command 'chown system cache /cache' action=post-fs (/system/etc/init/hw/init.rc:579) took 0ms and failed: lchown() failed: Read-only file system
[   19.402722] init: Command 'chmod 0770 /cache' action=post-fs (/system/etc/init/hw/init.rc:580) took 0ms and failed: fchmodat() failed: Read-only file system
[   19.430806] selinux: SELinux:  setxattr failed: /cache:  Read-only file system
[   19.446388] init: Command 'mkdir /cache/recovery 0770 system cache' action=post-fs (/system/etc/init/hw/init.rc:586) took 0ms and failed: mkdir() failed on /cache/recovery: Read-only file system
[   19.485990] init: Command 'mkdir /cache/backup_stage 0700 system system' action=post-fs (/system/etc/init/hw/init.rc:589) took 0ms and failed: mkdir() failed on /cache/backup_stage: Read-only file system
[   19.515687] test_meminit: all 70 tests in test_kmemcache passed
[   19.523927] init: Command 'mkdir /cache/backup 0700 system system' action=post-fs (/system/etc/init/hw/init.rc:590) took 0ms and failed: mkdir() failed on /cache/backup: Read-only file system
[   19.534969] test_meminit: all 10 tests in test_rcu_persistent passed
[   19.577483] test_meminit: all 131 tests passed!
[   19.579050] init: Command 'mkdir /cache/lost+found 0770 root root' action=post-fs (/system/etc/init/hw/init.rc:614) took 0ms and failed: mkdir() failed on /cache/lost+found: Read-only file system
[   19.623719] dlkm_loader: Loaded kernel module /vendor/lib/modules/test_meminit.ko
[   19.625020] selinux: SELinux: Skipping restorecon on directory(/metadata)
[   19.646495] dlkm_loader: Loading module /vendor/lib/modules/usbip-core.ko with args ''
[   19.666400] selinux: SELinux: Skipping restorecon on directory(/metadata/apex)
[   19.680339] dlkm_loader: Loaded kernel module /vendor/lib/modules/usbip-core.ko
[   19.686245] init: starting service 'aconfigd-platform-init'...
[   19.697598] dlkm_loader: Loading module /vendor/lib/modules/v4l2loopback.ko with args ''
[   19.729010] v4l2loopback driver version 0.12.7 loaded
[   19.731892] init: ... started service 'aconfigd-platform-init' has pid 175
[   19.750773] dlkm_loader: Loaded kernel module /vendor/lib/modules/v4l2loopback.ko
[   19.750786] dlkm_loader: Loading module /vendor/lib/modules/vhci-hcd.ko with args ''
[   19.764167] init: SVC_EXEC service 'aconfigd-platform-init' pid 175 (uid 1000 gid 1000+0 context default) started; waiting...
[   19.801033] vhci_hcd vhci_hcd.0: USB/IP Virtual Host Controller
[   19.813953] init: Command 'exec_start aconfigd-platform-init' action=post-fs (/system/etc/init/hw/init.rc:643) took 127ms and succeeded
[   19.837691] vhci_hcd vhci_hcd.0: new USB bus registered, assigned bus number 2
[   19.846501] init: Service 'aconfigd-platform-init' (pid 175) exited with status 0 waiting took 0.136000 seconds
[   19.851801] vhci_hcd: created sysfs vhci_hcd.0
[   19.867675] init: Sending signal 9 to service 'aconfigd-platform-init' (pid 175) process group...
[   19.870511] usb usb2: New USB device found, idVendor=1d6b, idProduct=0002, bcdDevice= 6.06
[   19.894080] libprocessgroup: Removed cgroup /sys/fs/cgroup/uid_1000/pid_175
[   19.905297] usb usb2: New USB device strings: Mfr=3, Product=2, SerialNumber=1
[   19.930510] usb usb2: Product: USB/IP Virtual Host Controller
[   19.933893] usb usb2: Manufacturer: Linux 6.6.50-android15-8-g8adecb593e9b-ab12525588 vhci_hcd
[   19.940173] init: processing action (post-fs) from (/system/etc/init/atrace_userdebug.rc:7)
[   19.955141] usb usb2: SerialNumber: vhci_hcd.0
[   19.977177] hub 2-0:1.0: USB hub found
[   19.982324] init: processing action (post-fs) from (/system/etc/init/gsid.rc:8)
[   19.985787] hub 2-0:1.0: 8 ports detected
[   20.001216] init: processing action (post-fs) from (/system/etc/init/recovery-refresh.rc:1)
[   20.014467] vhci_hcd vhci_hcd.0: USB/IP Virtual Host Controller
[   20.025572] init: starting service 'exec 3 (/system/bin/recovery-refresh)'...
[   20.033156] vhci_hcd vhci_hcd.0: new USB bus registered, assigned bus number 3
[   20.060311] usb usb3: We don't know the algorithms for LPM for this host, disabling LPM.
[   20.060541] init: ... started service 'exec 3 (/system/bin/recovery-refresh)' has pid 176
[   20.074453] usb usb3: New USB device found, idVendor=1d6b, idProduct=0003, bcdDevice= 6.06
[   20.074457] usb usb3: New USB device strings: Mfr=3, Product=2, SerialNumber=1
[   20.074459] usb usb3: Product: USB/IP Virtual Host Controller
[   20.074461] usb usb3: Manufacturer: Linux 6.6.50-android15-8-g8adecb593e9b-ab12525588 vhci_hcd
[   20.074463] usb usb3: SerialNumber: vhci_hcd.0
[   20.076105] hub 3-0:1.0: USB hub found
[   20.095637] init: Command 'exec_background - system log -- /system/bin/recovery-refresh' action=post-fs (/system/etc/init/recovery-refresh.rc:2) took 70ms and succeeded
[   20.106489] hub 3-0:1.0: 8 ports detected
[   20.121185] init: processing action (late-fs) from (/system/etc/init/hw/init.rc:645)
[   20.144821] dlkm_loader: Loaded kernel module /vendor/lib/modules/vhci-hcd.ko
[   20.151575] dlkm_loader: Loading module /vendor/lib/modules/virt_wifi.ko with args ''
[   20.166053] init: starting service 'system_suspend'...
[   20.248877] dlkm_loader: Loaded kernel module /vendor/lib/modules/virt_wifi.ko
[   20.262369] dlkm_loader: Loading module /vendor/lib/modules/virtio-gpu.ko with args ''
[   20.278230] dlkm_loader: Loaded kernel module /vendor/lib/modules/virtio-gpu.ko
[   20.292987] dlkm_loader: Loading module /vendor/lib/modules/virtio_balloon.ko with args ''
[   20.316264] dlkm_loader: Loaded kernel module /vendor/lib/modules/virtio_balloon.ko
[   20.333183] init: ... started service 'system_suspend' has pid 178
[   20.333198] dlkm_loader: Loading module /vendor/lib/modules/virtio_input.ko with args ''
[   20.346945] servicemanager: getDeviceHalManifest: Reading VINTF information.
[   20.380369] init: starting service 'keystore2'...
[   20.394499] input: virtio_input_multi_touch_1 as /devices/pci0000:00/0000:00:0d.0/virtio10/input/input3
[   20.394499] servicemanager: Loaded APEX Infos from /bootstrap-apex/apex-info-list.xml
[   20.435914] servicemanager: getDeviceHalManifest: Successfully processed VINTF information
[   20.457511] servicemanager: getFrameworkHalManifest: Reading VINTF information.
[   20.478756] init: ... started service 'keystore2' has pid 181
[   20.491501] servicemanager: Loaded APEX Infos from /bootstrap-apex/apex-info-list.xml
[   20.505551] init: starting service 'vendor.atrace-hal-1-0'...
[   20.520981] servicemanager: getFrameworkHalManifest: Successfully processed VINTF information
[   20.545645] input: virtio_input_multi_touch_2 as /devices/pci0000:00/0000:00:0e.0/virtio11/input/input4
[   20.555178] servicemanager: Caller(pid=178,uid=1000,sid=u:r:system_suspend:s0) Found android.system.suspend.ISystemSuspend/default in framework VINTF manifest.
[   20.595766] input: virtio_input_multi_touch_3 as /devices/pci0000:00/0000:00:0f.0/virtio12/input/input5
[   20.624119] input: virtio_input_multi_touch_4 as /devices/pci0000:00/0000:00:10.0/virtio13/input/input6
[   20.645611] init: ... started service 'vendor.atrace-hal-1-0' has pid 182
[   20.660177] init: starting service 'vendor.keymint-default'...
[   20.673817] input: virtio_input_multi_touch_5 as /devices/pci0000:00/0000:00:11.0/virtio14/input/input7
[   20.704528] input: virtio_input_multi_touch_6 as /devices/pci0000:00/0000:00:12.0/virtio15/input/input8
[   20.731772] input: virtio_input_multi_touch_7 as /devices/pci0000:00/0000:00:13.0/virtio16/input/input9
[   20.763865] input: virtio_input_multi_touch_8 as /devices/pci0000:00/0000:00:14.0/virtio17/input/input10
[   20.788832] init: ... started service 'vendor.keymint-default' has pid 183
[   20.799632] input: virtio_input_multi_touch_9 as /devices/pci0000:00/0000:00:15.0/virtio18/input/input11
[   20.830021] init: Command 'class_start early_hal' action=late-fs (/system/etc/init/hw/init.rc:652) took 668ms and succeeded
[   20.855770] init: Service 'exec 3 (/system/bin/recovery-refresh)' (pid 176) exited with status 254 oneshot service took 0.808000 seconds in background
[   20.885145] init: Sending signal 9 to service 'exec 3 (/system/bin/recovery-refresh)' (pid 176) process group...
[   20.907666] libprocessgroup: Removed cgroup /sys/fs/cgroup/uid_1000/pid_176
[   20.916951] input: virtio_input_multi_touch_10 as /devices/pci0000:00/0000:00:16.0/virtio19/input/input12
[   20.969704] input: virtio_input_multi_touch_11 as /devices/pci0000:00/0000:00:17.0/virtio20/input/input13
[   20.999176] dlkm_loader: Loaded kernel module /vendor/lib/modules/virtio_input.ko
[   21.024216] dlkm_loader: Loading module /vendor/lib/modules/virtio_net.ko with args ''
[   21.053269] servicemanager: Caller(pid=183,uid=9999,sid=u:r:hal_keymint_default:s0) Found android.hardware.security.keymint.IKeyMintDevice/default in device VINTF manifest.
[   21.084688] servicemanager: Caller(pid=183,uid=9999,sid=u:r:hal_keymint_default:s0) Found android.hardware.security.secureclock.ISecureClock/default in device VINTF manifest.
[   21.115623] servicemanager: Caller(pid=183,uid=9999,sid=u:r:hal_keymint_default:s0) Found android.hardware.security.sharedsecret.ISharedSecret/default in device VINTF manifest.
[   21.149173] servicemanager: Caller(pid=183,uid=9999,sid=u:r:hal_keymint_default:s0) Found android.hardware.security.keymint.IRemotelyProvisionedComponent/default in device VINTF manifest.
[   21.198307] dlkm_loader: Loaded kernel module /vendor/lib/modules/virtio_net.ko
[   21.214561] dlkm_loader: Loading module /vendor/lib/modules/virtio_pmem.ko with args ''
[   21.234091] dlkm_loader: Loaded kernel module /vendor/lib/modules/virtio_pmem.ko
[   21.249260] dlkm_loader: Loading module /vendor/lib/modules/virtio_snd.ko with args ''
[   21.271603] dlkm_loader: Loaded kernel module /vendor/lib/modules/virtio_snd.ko
[   21.285495] dlkm_loader: module vkms is blocklisted
[   21.296766] dlkm_loader: LoadWithAliases was unable to load vkms, tried: vkms
[   21.311416] dlkm_loader: module load count is 44
[   21.343848] servicemanager: Caller(pid=181,uid=1017,sid=u:r:keystore:s0) Found android.system.keystore2.IKeystoreService/default in framework VINTF manifest.
[   21.551594] init: starting service 'exec 4 (/system/bin/fsverity_init --load-verified-keys)'...
[   21.607198] init: ... started service 'exec 4 (/system/bin/fsverity_init --load-verified-keys)' has pid 189
[   21.626427] init: SVC_EXEC service 'exec 4 (/system/bin/fsverity_init --load-verified-keys)' pid 189 (uid 0 gid 0+0 context default) started; waiting...
[   21.651269] init: Command 'exec -- /system/bin/fsverity_init --load-verified-keys' action=late-fs (/system/etc/init/hw/init.rc:655) took 99ms and succeeded
[   21.681383] init: Service 'vendor.dlkm_loader' (pid 141) exited with status 0 oneshot service took 6.365000 seconds in background
[   21.701527] init: Sending signal 9 to service 'vendor.dlkm_loader' (pid 141) process group...
[   21.720623] libprocessgroup: Removed cgroup /sys/fs/cgroup/uid_0/pid_141
[   21.732843] init: Service 'exec 4 (/system/bin/fsverity_init --load-verified-keys)' (pid 189) exited with status 0 waiting took 0.162000 seconds
[   21.756935] init: Sending signal 9 to service 'exec 4 (/system/bin/fsverity_init --load-verified-keys)' (pid 189) process group...
[   21.777444] libprocessgroup: Removed cgroup /sys/fs/cgroup/uid_0/pid_189
[   21.906686] init: processing action (late-fs) from (/system/etc/init/hw/init.rc:662)
[   21.923859] init: processing action (late-fs) from (/vendor/etc/init/hw/init.ranchu.rc:7)
[   21.941584] init: [libfs_mgr] Invalid ext4 superblock on '/dev/block/vdc'
[   21.954593] init: [libfs_mgr] mount_with_alternatives(): skipping mount due to invalid magic, mountpoint=/data blk_dev=/dev/block/vdc rec[9].fs_type=ext4
[   21.982831] init: Calling: /system/bin/vdc cryptfs mountFstab /dev/block/vdc /data false 
[   22.033533] servicemanager: Caller(pid=167,uid=0,sid=u:r:vold:s0) Could not find android.hardware.boot.IBootControl/default in the VINTF manifest. No alternative instances declared in VINTF.
[   22.067525] vold: Error getting bootctrl v1.0 module.
[   22.078138] EXT4-fs: Ignoring removed nomblk_io_submit option
[   22.087467] EXT4-fs (dm-46): Using encoding defined by superblock: utf8-12.1.0 with flags 0x0
[   25.081458] EXT4-fs (dm-46): 5 orphan inodes deleted
[   25.090352] EXT4-fs (dm-46): recovery complete
[   25.106173] EXT4-fs (dm-46): mounted filesystem 57f8f4bc-abf4-655f-bf67-946fc0f9f25b r/w with ordered data mode. Quota mode: journalled.
[   25.132851] EXT4-fs (dm-46): unmounting filesystem 57f8f4bc-abf4-655f-bf67-946fc0f9f25b.
[   25.189831] e2fsck: e2fsck 1.46.6 (1-Feb-2023)
[   25.249450] e2fsck: Pass 1: Checking inodes, blocks, and sizes
[   25.874828] e2fsck: Pass 2: Checking directory structure
[   26.210425] e2fsck: Pass 3: Checking directory connectivity
[   26.256157] e2fsck: Pass 4: Checking reference counts
[   26.272328] e2fsck: Pass 5: Checking group summary information
[   26.317577] e2fsck: /dev/block/mapper/userdata: 5776/655360 files (4.7% non-contiguous), 372215/2621440 blocks
[   26.348672] EXT4-fs: Ignoring removed nomblk_io_submit option
[   26.367278] EXT4-fs (dm-46): Using encoding defined by superblock: utf8-12.1.0 with flags 0x0
[   26.393382] EXT4-fs (dm-46): mounted filesystem 57f8f4bc-abf4-655f-bf67-946fc0f9f25b r/w with ordered data mode. Quota mode: journalled.
[   26.431744] init: Userdata mounted using /vendor/etc/fstab.ranchu result : 7
[   26.444896] init: Command 'mount_all /vendor/etc/fstab.ranchu --late' action=late-fs (/vendor/etc/init/hw/init.ranchu.rc:9) took 4504ms and succeeded
[   26.476144] init: processing action (post-fs-data) from (/system/etc/init/hw/init.rc:676)
[   26.499799] init: starting service 'exec 5 (/system/bin/vdc checkpoint prepareCheckpoint)'...
[   26.606713] init: ... started service 'exec 5 (/system/bin/vdc checkpoint prepareCheckpoint)' has pid 203
[   26.645942] init: SVC_EXEC service 'exec 5 (/system/bin/vdc checkpoint prepareCheckpoint)' pid 203 (uid 1000 gid 1000+0 context default) started; waiting...
[   26.694758] init: Command 'exec - system system -- /system/bin/vdc checkpoint prepareCheckpoint' action=post-fs-data (/system/etc/init/hw/init.rc:681) took 195ms and succeeded
[   26.743598] init: Service 'exec 5 (/system/bin/vdc checkpoint prepareCheckpoint)' (pid 203) exited with status 0 waiting took 0.218000 seconds
[   26.795985] init: Sending signal 9 to service 'exec 5 (/system/bin/vdc checkpoint prepareCheckpoint)' (pid 203) process group...
[   26.850409] libprocessgroup: Removed cgroup /sys/fs/cgroup/uid_1000/pid_203
[   26.889743] init: starting service 'exec 6 (/system/bin/vdc --wait cryptfs enablefilecrypto)'...
[   26.923886] init: ... started service 'exec 6 (/system/bin/vdc --wait cryptfs enablefilecrypto)' has pid 204
[   26.967594] init: SVC_EXEC service 'exec 6 (/system/bin/vdc --wait cryptfs enablefilecrypto)' pid 204 (uid 0 gid 0+0 context default) started; waiting...
[   27.023370] init: Command 'installkey /data' action=post-fs-data (/system/etc/init/hw/init.rc:690) took 135ms and succeeded
[   27.101989] init: Service 'exec 6 (/system/bin/vdc --wait cryptfs enablefilecrypto)' (pid 204) exited with status 0 waiting took 0.178000 seconds
[   27.141599] init: Sending signal 9 to service 'exec 6 (/system/bin/vdc --wait cryptfs enablefilecrypto)' (pid 204) process group...
[   27.175847] libprocessgroup: Removed cgroup /sys/fs/cgroup/uid_0/pid_204
[   27.196348] init: Verified that /data/bootchart has the encryption policy 9fc7f0518923576568a89f0158042784 v2 modes 1/4 flags 0x2
[   27.232787] fscrypt: AES-256-CTS-CBC using implementation "cts-cbc-aes-aesni"
[   27.256825] fscrypt: AES-256-XTS using implementation "xts-aes-aesni"
[   27.281126] init: Verified that /data/vendor has the encryption policy 9fc7f0518923576568a89f0158042784 v2 modes 1/4 flags 0x2
[   27.317347] init: Verified that /data/anr has the encryption policy 9fc7f0518923576568a89f0158042784 v2 modes 1/4 flags 0x2
[   27.346846] init: Verified that /data/tombstones has the encryption policy 9fc7f0518923576568a89f0158042784 v2 modes 1/4 flags 0x2
[   27.379705] init: starting service 'tombstoned'...
[   27.394006] init: Created socket '/dev/socket/tombstoned_crash', mode 666, user 1000, group 1000
[   27.427671] init: Created socket '/dev/socket/tombstoned_intercept', mode 666, user 1000, group 1000
[   27.467368] init: Created socket '/dev/socket/tombstoned_java_trace', mode 666, user 1000, group 1000
[   27.545418] init: ... started service 'tombstoned' has pid 207
[   27.567388] init: Command 'start tombstoned' action=post-fs-data (/system/etc/init/hw/init.rc:708) took 187ms and succeeded
[   27.597125] init: Switched to default mount namespace
[   27.617761] init: Verified that /data/misc has the encryption policy 9fc7f0518923576568a89f0158042784 v2 modes 1/4 flags 0x2
[   27.659496] init: starting service 'exec 7 (/system/bin/vdc keymaster earlyBootEnded)'...
[   27.716904] init: ... started service 'exec 7 (/system/bin/vdc keymaster earlyBootEnded)' has pid 208
[   27.740043] init: SVC_EXEC service 'exec 7 (/system/bin/vdc keymaster earlyBootEnded)' pid 208 (uid 1000 gid 1000+0 context default) started; waiting...
[   27.779811] init: Command 'exec - system system -- /system/bin/vdc keymaster earlyBootEnded' action=post-fs-data (/system/etc/init/hw/init.rc:730) took 120ms and succeeded
[   27.883363] vold: keystore2 Keystore earlyBootEnded returned service specific error: -68
[   27.905555] init: Service 'exec 7 (/system/bin/vdc keymaster earlyBootEnded)' (pid 208) exited with status 0 waiting took 0.220000 seconds
[   27.938495] init: Sending signal 9 to service 'exec 7 (/system/bin/vdc keymaster earlyBootEnded)' (pid 208) process group...
[   27.967852] libprocessgroup: Removed cgroup /sys/fs/cgroup/uid_1000/pid_208
[   27.996253] init: Verified that /data/property has the encryption policy 9fc7f0518923576568a89f0158042784 v2 modes 1/4 flags 0x2
[   28.047159] init: Wait for property 'ro.persistent_properties.ready=true' took 6ms
[   28.077813] init: service 'logd' requested start, but it is already running (flags: 4)
[   28.101870] init: starting service 'logd-reinit'...
[   28.158166] init: ... started service 'logd-reinit' has pid 211
[   28.171582] logd: logd reinit
[   28.176992] init: Command 'start logd-reinit' action=post-fs-data (/system/etc/init/hw/init.rc:740) took 75ms and succeeded
[   28.202488] logd: FrameworkListener: read() failed (Connection reset by peer)
[   28.226216] init: Service 'logd-reinit' (pid 211) exited with status 0 oneshot service took 0.103000 seconds in background
[   28.286570] init: Sending signal 9 to service 'logd-reinit' (pid 211) process group...
[   28.307822] libprocessgroup: Removed cgroup /sys/fs/cgroup/uid_1036/pid_211
[   28.331619] init: Not setting encryption policy on: /data/apex
[   28.352920] init: Verified that /data/apex/decompressed has the encryption policy 9fc7f0518923576568a89f0158042784 v2 modes 1/4 flags 0x2
[   28.383681] init: Verified that /data/app-staging has the encryption policy 9fc7f0518923576568a89f0158042784 v2 modes 1/4 flags 0x2
[   28.421028] init: Verified that /data/apex/ota_reserved has the encryption policy 9fc7f0518923576568a89f0158042784 v2 modes 1/4 flags 0x2
[   28.460505] init: starting service 'apexd'...
[   28.518253] init: ... started service 'apexd' has pid 212
[   28.542533] init: Command 'restart apexd' action=post-fs-data (/system/etc/init/hw/init.rc:768) took 82ms and succeeded
[   28.551254] apexd: Started. subcommand = (null)
[   28.608784] apexd: Scanning /system/apex for pre-installed ApexFiles
[   28.643001] apexd: Found pre-installed APEX /system/apex/com.google.android.art.apex
[   28.667177] init: Command 'copy /data/misc/recovery/ro.build.fingerprint /data/misc/recovery/ro.build.fingerprint.1' action=post-fs-data (/system/etc/init/hw/init.rc:772) took 61ms and succeeded
[   28.667694] apexd: Found pre-installed APEX /system/apex/com.google.android.healthfitness.apex
[   28.750723] apexd: Found pre-installed APEX /system/apex/com.android.i18n.apex
[   28.774321] apexd: Found pre-installed APEX /system/apex/com.android.apex.cts.shim.apex
[   28.783053] init: Command 'write /data/misc/recovery/ro.build.fingerprint ${ro.build.fingerprint}' action=post-fs-data (/system/etc/init/hw/init.rc:775) took 55ms and succeeded
[   28.802008] apexd: Found pre-installed APEX /system/apex/com.google.android.cellbroadcast.apex
[   28.867545] apexd: Found pre-installed APEX /system/apex/com.google.android.ipsec.apex
[   28.889032] apexd: Found pre-installed APEX /system/apex/com.google.android.profiling.capex
[   28.907865] apexd: Found pre-installed APEX /system/apex/com.google.android.devicelock.apex
[   28.924502] apexd: Found pre-installed APEX /system/apex/com.google.android.tzdata6.apex
[   28.942727] apexd: Found pre-installed APEX /system/apex/com.google.android.rkpd.apex
[   28.966002] apexd: Found pre-installed APEX /system/apex/com.google.android.adbd.apex
[   28.984599] apexd: Found pre-installed APEX /system/apex/com.google.android.uwb.apex
[   29.000046] apexd: Found pre-installed APEX /system/apex/com.google.android.adservices.apex
[   29.025105] apexd: Found pre-installed APEX /system/apex/com.google.android.appsearch.apex
[   29.054423] init: Command 'mkdir /data/misc/nfc/logs 0770 nfc nfc' action=post-fs-data (/system/etc/init/hw/init.rc:792) took 54ms and succeeded
[   29.054442] apexd: Found pre-installed APEX /system/apex/com.google.android.conscrypt.apex
[   29.138764] apexd: Found pre-installed APEX /system/apex/com.android.runtime.apex
[   29.174169] apexd: Found pre-installed APEX /system/apex/com.google.android.permission.apex
[   29.204511] apexd: Found pre-installed APEX /system/apex/com.google.android.btservices.apex
[   29.236422] apexd: Found pre-installed APEX /system/apex/com.google.android.scheduling.apex
[   29.267893] apexd: Found pre-installed APEX /system/apex/com.google.android.mediaprovider.apex
[   29.301451] apexd: Found pre-installed APEX /system/apex/com.google.android.neuralnetworks.apex
[   29.329858] apexd: Found pre-installed APEX /system/apex/com.google.android.media.apex
[   29.360468] apexd: Found pre-installed APEX /system/apex/com.google.android.configinfrastructure.apex
[   29.390752] apexd: Found pre-installed APEX /system/apex/com.google.android.sdkext.apex
[   29.419074] apexd: Found pre-installed APEX /system/apex/com.google.android.resolv.apex
[   29.444569] apexd: Found pre-installed APEX /system/apex/com.google.android.nfcservices.apex
[   29.471324] apexd: Found pre-installed APEX /system/apex/com.google.android.wifi.apex
[   29.489485] apexd: Found pre-installed APEX /system/apex/com.google.android.ondevicepersonalization.apex
[   29.514595] apexd: Found pre-installed APEX /system/apex/com.google.android.media.swcodec.apex
[   29.532849] apexd: Found pre-installed APEX /system/apex/com.google.mainline.primary.libs.apex
[   29.558223] apexd: Found pre-installed APEX /system/apex/com.google.android.extservices.apex
[   29.590710] init: Command 'mkdir /data/misc/wifi/sockets 0770 wifi wifi' action=post-fs-data (/system/etc/init/hw/init.rc:809) took 58ms and succeeded
[   29.590791] apexd: Found pre-installed APEX /system/apex/com.google.android.os.statsd.apex
[   29.663222] apexd: Found pre-installed APEX /system/apex/com.android.virt.apex
[   29.691230] apexd: Found pre-installed APEX /system/apex/com.google.android.tethering.apex
[   29.730362] apexd: Scanning /system_ext/apex for pre-installed ApexFiles
[   29.761410] apexd: Found pre-installed APEX /system_ext/apex/com.android.compos.apex
[   29.797114] apexd: Scanning /product/apex for pre-installed ApexFiles
[   29.827526] apexd: /product/apex does not exist. Skipping
[   29.843455] apexd: Scanning /vendor/apex for pre-installed ApexFiles
[   29.840023] init: Verified that /data/local has the encryption policy 9fc7f0518923576568a89f0158042784 v2 modes 1/4 flags 0x2
[   29.864338] apexd: Found pre-installed APEX /vendor/apex/com.android.hardware.neuralnetworks.apex
[   29.901453] init: Command 'mkdir /data/local 0751 root root encryption=Require' action=post-fs-data (/system/etc/init/hw/init.rc:816) took 136ms and succeeded
[   29.956089] apexd: Found pre-installed APEX /vendor/apex/com.android.hardware.cas.apex
[   29.982307] apexd: Found pre-installed APEX /vendor/apex/com.android.hardware.rebootescrow.apex
[   30.006300] apexd: Found pre-installed APEX /vendor/apex/com.android.hardware.authsecret.apex
[   30.027286] apexd: Found pre-installed APEX /vendor/apex/com.google.android.widevine-11775005.apex
[   30.049203] apexd: No block apex metadata partition found, not adding block apexes
[   30.064704] apexd: Populating APEX database from mounts...
[   30.080656] apexd: 0 packages restored.
[   30.088388] apexd: Marking APEXd as starting
[   30.099452] apexd: Scanning /metadata/apex/sessions looking for sessions to be activated.
[   30.119620] apexd: Scanning /data/apex/active for data ApexFiles
[   30.134819] apexd: Selecting APEX for activation
[   30.144251] apexd: Processing compressed APEX
[   30.157330] apexd: Processing compressed APEX /system/apex/com.google.android.art.apex
[   30.180548] init: starting service 'exec 8 (/bin/rm -rf /data/misc/virtualizationservice)'...
[   30.214287] apexd: Skipping decompression for /system/apex/com.google.android.art.apex
[   30.234069] apexd: Processing compressed APEX /system/apex/com.google.android.permission.apex
[   30.267464] init: ... started service 'exec 8 (/bin/rm -rf /data/misc/virtualizationservice)' has pid 213
[   30.304063] init: SVC_EXEC service 'exec 8 (/bin/rm -rf /data/misc/virtualizationservice)' pid 213 (uid 1081 gid 1000+0 context default) started; waiting...
[   30.365088] init: Command 'exec - virtualizationservice system -- /bin/rm -rf /data/misc/virtualizationservice' action=post-fs-data (/system/etc/init/hw/init.rc:855) took 189ms and succeeded
[   30.455159] apexd: Skipping decompression for /system/apex/com.google.android.permission.apex
[   30.484279] apexd: Processing compressed APEX /system/apex/com.google.android.healthfitness.apex
[   30.484050] init: Service 'exec 8 (/bin/rm -rf /data/misc/virtualizationservice)' (pid 213) exited with status 1 waiting took 0.276000 seconds
[   30.550130] init: Sending signal 9 to service 'exec 8 (/bin/rm -rf /data/misc/virtualizationservice)' (pid 213) process group...
[   30.590674] libprocessgroup: Removed cgroup /sys/fs/cgroup/uid_1081/pid_213
[   30.611374] init: Not setting encryption policy on: /data/preloads
[   30.635251] apexd: Skipping decompression for /system/apex/com.google.android.healthfitness.apex
[   30.674426] init: Verified that /data/app-private has the encryption policy 9fc7f0518923576568a89f0158042784 v2 modes 1/4 flags 0x2
[   30.674443] apexd: Processing compressed APEX /system/apex/com.google.android.profiling.capex
[   30.714092] init: Command 'mkdir /data/app-private 0771 system system encryption=Require' action=post-fs-data (/system/etc/init/hw/init.rc:866) took 68ms and succeeded
[   30.782298] init: Verified that /data/app-ephemeral has the encryption policy 9fc7f0518923576568a89f0158042784 v2 modes 1/4 flags 0x2
[   30.821905] apexd: Skipping decompression for /system/apex/com.google.android.profiling.capex
[   30.830961] init: Verified that /data/app-asec has the encryption policy 9fc7f0518923576568a89f0158042784 v2 modes 1/4 flags 0x2
[   30.845113] apexd: Processing compressed APEX /system/apex/com.google.android.appsearch.apex
[   30.877519] init: Command 'mkdir /data/app-asec 0700 root root encryption=Require' action=post-fs-data (/system/etc/init/hw/init.rc:868) took 56ms and succeeded
[   30.965378] init: Verified that /data/app-lib has the encryption policy 9fc7f0518923576568a89f0158042784 v2 modes 1/4 flags 0x2
[   31.021136] init: Command 'mkdir /data/app-lib 0771 system system encryption=Require' action=post-fs-data (/system/etc/init/hw/init.rc:869) took 57ms and succeeded
[   31.071585] apexd: Skipping decompression for /system/apex/com.google.android.appsearch.apex
[   31.074478] init: Verified that /data/app has the encryption policy 9fc7f0518923576568a89f0158042784 v2 modes 1/4 flags 0x2
[   31.097647] apexd: Processing compressed APEX /system/apex/com.google.android.ipsec.apex
[   31.150593] init: Command 'mkdir /data/app 0771 system system encryption=Require' action=post-fs-data (/system/etc/init/hw/init.rc:870) took 81ms and succeeded
[   31.191752] init: Verified that /data/app-metadata has the encryption policy 9fc7f0518923576568a89f0158042784 v2 modes 1/4 flags 0x2
[   31.220936] apexd: Skipping decompression for /system/apex/com.google.android.ipsec.apex
[   31.228949] init: Verified that /data/fonts has the encryption policy 9fc7f0518923576568a89f0158042784 v2 modes 1/4 flags 0x2
[   31.236958] apexd: Processing compressed APEX /system/apex/com.google.android.adbd.apex
[   31.285046] init: Verified that /data/dalvik-cache has the encryption policy 9fc7f0518923576568a89f0158042784 v2 modes 1/4 flags 0x2
[   31.320261] init: Verified that /data/ota has the encryption policy 9fc7f0518923576568a89f0158042784 v2 modes 1/4 flags 0x2
[   31.351181] apexd: Skipping decompression for /system/apex/com.google.android.adbd.apex
[   31.354701] init: Verified that /data/ota_package has the encryption policy 9fc7f0518923576568a89f0158042784 v2 modes 1/4 flags 0x2
[   31.369103] apexd: Processing compressed APEX /system/apex/com.google.android.media.swcodec.apex
[   31.434855] init: Command 'mkdir /data/ota_package 0770 system cache encryption=Require' action=post-fs-data (/system/etc/init/hw/init.rc:898) took 84ms and succeeded
[   31.498555] init: Verified that /data/resource-cache has the encryption policy 9fc7f0518923576568a89f0158042784 v2 modes 1/4 flags 0x2
[   31.552479] init: Command 'mkdir /data/resource-cache 0771 system system encryption=Require' action=post-fs-data (/system/etc/init/hw/init.rc:901) took 57ms and succeeded
[   31.593863] init: Not setting encryption policy on: /data/lost+found
[   31.594110] apexd: Skipping decompression for /system/apex/com.google.android.media.swcodec.apex
[   31.624489] init: Verified that /data/drm has the encryption policy 9fc7f0518923576568a89f0158042784 v2 modes 1/4 flags 0x2
[   31.636789] apexd: Processing compressed APEX /system/apex/com.google.android.adservices.apex
[   31.671735] init: Verified that /data/mediadrm has the encryption policy 9fc7f0518923576568a89f0158042784 v2 modes 1/4 flags 0x2
[   31.730038] init: Command 'mkdir /data/mediadrm 0770 mediadrm mediadrm encryption=Require' action=post-fs-data (/system/etc/init/hw/init.rc:917) took 66ms and succeeded
[   31.773384] init: Verified that /data/nfc has the encryption policy 9fc7f0518923576568a89f0158042784 v2 modes 1/4 flags 0x2
[   31.805030] apexd: Skipping decompression for /system/apex/com.google.android.adservices.apex
[   31.813571] init: Verified that /data/backup has the encryption policy 9fc7f0518923576568a89f0158042784 v2 modes 1/4 flags 0x2
[   31.831701] apexd: Processing compressed APEX /system/apex/com.google.android.uwb.apex
[   31.857254] init: Command 'mkdir /data/backup 0700 system system encryption=Require' action=post-fs-data (/system/etc/init/hw/init.rc:925) took 52ms and succeeded
[   31.923295] init: Verified that /data/ss has the encryption policy 9fc7f0518923576568a89f0158042784 v2 modes 1/4 flags 0x2
[   31.954420] init: Verified that /data/system has the encryption policy 9fc7f0518923576568a89f0158042784 v2 modes 1/4 flags 0x2
[   31.986289] apexd: Skipping decompression for /system/apex/com.google.android.uwb.apex
[   32.011222] apexd: Processing compressed APEX /system/apex/com.google.android.extservices.apex
[   32.020340] selinux: SELinux: Skipping restorecon on directory(/data/system/shutdown-checkpoints)
[   32.078126] init: Command 'restorecon_recursive /data/system/shutdown-checkpoints' action=post-fs-data (/system/etc/init/hw/init.rc:938) took 58ms and succeeded
[   32.137405] init: Not setting encryption policy on: /data/media
[   32.162723] init: Not setting encryption policy on: /data/misc_ce
[   32.185407] init: Not setting encryption policy on: /data/misc_de
[   32.185758] apexd: Skipping decompression for /system/apex/com.google.android.extservices.apex
[   32.210809] init: Not setting encryption policy on: /data/system_ce
[   32.229579] apexd: Processing compressed APEX /system/apex/com.google.android.mediaprovider.apex
[   32.269213] init: Command 'mkdir /data/system_ce 0550 system system encryption=None' action=post-fs-data (/system/etc/init/hw/init.rc:956) took 58ms and succeeded
[   32.329610] init: Not setting encryption policy on: /data/system_de
[   32.351784] init: Not setting encryption policy on: /data/user
[   32.369026] init: Not setting encryption policy on: /data/user_de
[   32.392659] apexd: Skipping decompression for /system/apex/com.google.android.mediaprovider.apex
[   32.414097] init: Not setting encryption policy on: /data/vendor_ce
[   32.422225] apexd: Processing compressed APEX /system/apex/com.google.android.os.statsd.apex
[   32.445975] init: Not setting encryption policy on: /data/vendor_de
[   32.482059] init: Not setting encryption policy on: /data/storage_area
[   32.503540] init: starting service 'exec 9 (/system/bin/chattr +F /data/media)'...
[   32.526828] apexd: Skipping decompression for /system/apex/com.google.android.os.statsd.apex
[   32.554949] apexd: Processing compressed APEX /system/apex/com.google.android.rkpd.apex
[   32.588598] apexd: Skipping decompression for /system/apex/com.google.android.rkpd.apex
[   32.619304] apexd: Processing compressed APEX /system/apex/com.google.android.media.apex
[   32.637826] init: ... started service 'exec 9 (/system/bin/chattr +F /data/media)' has pid 214
[   32.703073] init: SVC_EXEC service 'exec 9 (/system/bin/chattr +F /data/media)' pid 214 (uid 1023 gid 1023+0 context default) started; waiting...
[   32.763574] init: Command 'exec - media_rw media_rw -- /system/bin/chattr +F /data/media' action=post-fs-data (/system/etc/init/hw/init.rc:970) took 260ms and succeeded
[   32.823121] init: Service 'exec 9 (/system/bin/chattr +F /data/media)' (pid 214) exited with status 0 waiting took 0.293000 seconds
[   32.868159] init: Sending signal 9 to service 'exec 9 (/system/bin/chattr +F /data/media)' (pid 214) process group...
[   32.918580] libprocessgroup: Removed cgroup /sys/fs/cgroup/uid_1023/pid_214
[   32.920225] apexd: Skipping decompression for /system/apex/com.google.android.media.apex
[   32.975310] apexd: Processing compressed APEX /system/apex/com.google.android.conscrypt.apex
[   33.018311] init: Verified that /data/cache has the encryption policy 9fc7f0518923576568a89f0158042784 v2 modes 1/4 flags 0x2
[   33.066038] apexd: Skipping decompression for /system/apex/com.google.android.conscrypt.apex
[   33.096147] apexd: Processing compressed APEX /system/apex/com.google.android.wifi.apex
[   33.096174] init: Verified that /data/rollback has the encryption policy 9fc7f0518923576568a89f0158042784 v2 modes 1/4 flags 0x2
[   33.170372] init: Command 'mkdir /data/rollback 0700 system system encryption=DeleteIfNecessary' action=post-fs-data (/system/etc/init/hw/init.rc:1015) took 88ms and succeeded
[   33.221864] init: Verified that /data/rollback-observer has the encryption policy 9fc7f0518923576568a89f0158042784 v2 modes 1/4 flags 0x2
[   33.268390] init: Verified that /data/rollback-history has the encryption policy 9fc7f0518923576568a89f0158042784 v2 modes 1/4 flags 0x2
[   33.314271] apexd: Skipping decompression for /system/apex/com.google.android.wifi.apex
[   33.327677] hrtimer: interrupt took 9384400 ns
[   33.349568] apexd: Processing compressed APEX /system/apex/com.google.android.sdkext.apex
[   33.363656] init: Verified that /data/incremental has the encryption policy 9fc7f0518923576568a89f0158042784 v2 modes 1/4 flags 0x2
[   33.427647] init: Command 'mkdir /data/incremental 0771 system system encryption=Require' action=post-fs-data (/system/etc/init/hw/init.rc:1020) took 114ms and succeeded
[   33.503533] apexd: Skipping decompression for /system/apex/com.google.android.sdkext.apex
[   33.550542] apexd: Processing compressed APEX /system/apex/com.google.android.configinfrastructure.apex
[   33.599896] apexd: Skipping decompression for /system/apex/com.google.android.configinfrastructure.apex
[   33.634792] apexd: Processing compressed APEX /system/apex/com.google.android.resolv.apex
[   33.681648] apexd: Skipping decompression for /system/apex/com.google.android.resolv.apex
[   33.719968] apexd: Processing compressed APEX /system/apex/com.google.android.cellbroadcast.apex
[   33.762496] apexd: Skipping decompression for /system/apex/com.google.android.cellbroadcast.apex
[   33.791809] apexd: Processing compressed APEX /system/apex/com.google.android.neuralnetworks.apex
[   33.824008] apexd: Skipping decompression for /system/apex/com.google.android.neuralnetworks.apex
[   33.847548] apexd: Processing compressed APEX /system/apex/com.google.android.scheduling.apex
[   33.880367] apexd: Skipping decompression for /system/apex/com.google.android.scheduling.apex
[   33.897290] apexd: Processing compressed APEX /system/apex/com.google.android.ondevicepersonalization.apex
[   33.931723] apexd: Skipping decompression for /system/apex/com.google.android.ondevicepersonalization.apex
[   33.957136] apexd: Processing compressed APEX /system/apex/com.google.android.tethering.apex
[   34.001370] apexd: Skipping decompression for /system/apex/com.google.android.tethering.apex
[   34.037262] loop3: detected capacity change from 0 to 7192
[   34.068474] loop4: detected capacity change from 0 to 71064
[   34.095027] loop5: detected capacity change from 0 to 536
[   34.118063] loop6: detected capacity change from 0 to 720
[   34.139422] loop7: detected capacity change from 0 to 14800
[   34.159518] EXT4-fs (loop3): mounted filesystem 7d1522e1-9dfa-5edb-a43e-98e3a4d20250 ro without journal. Quota mode: none.
[   34.160295] EXT4-fs (loop4): mounted filesystem 7d1522e1-9dfa-5edb-a43e-98e3a4d20250 ro without journal. Quota mode: none.
[   34.243106] EXT4-fs (loop5): mounted filesystem 7d1522e1-9dfa-5edb-a43e-98e3a4d20250 ro without journal. Quota mode: none.
[   34.249653] loop8: detected capacity change from 0 to 10176
[   34.278736] apexd: Successfully mounted package /system/apex/com.android.apex.cts.shim.apex on /apex/com.android.apex.cts.shim@1 duration=225
[   34.347600] apexd: Successfully mounted package /system_ext/apex/com.android.compos.apex on /apex/com.android.compos@2 duration=311
[   34.382565] apexd: Successfully mounted package /system/apex/com.android.i18n.apex on /apex/com.android.i18n@1 duration=332
[   34.400549] loop9: detected capacity change from 0 to 1648
[   34.423891] loop10: detected capacity change from 0 to 536
[   34.436472] EXT4-fs (loop6): mounted filesystem 7d1522e1-9dfa-5edb-a43e-98e3a4d20250 ro without journal. Quota mode: none.
[   34.436562] EXT4-fs (loop8): mounted filesystem 7d1522e1-9dfa-5edb-a43e-98e3a4d20250 ro without journal. Quota mode: none.
[   34.472237] EXT4-fs (loop7): mounted filesystem 7d1522e1-9dfa-5edb-a43e-98e3a4d20250 ro without journal. Quota mode: none.
[   34.472826] apexd: Successfully mounted package /vendor/apex/com.google.android.widevine-11775005.apex on /apex/com.google.android.widevine@190240428 duration=412
[   34.518446] apexd: Successfully mounted package /vendor/apex/com.android.hardware.authsecret.apex on /apex/com.android.hardware.authsecret@1 duration=457
[   34.549823] loop11: detected capacity change from 0 to 760
[   34.616210] EXT4-fs (loop9): mounted filesystem 7d1522e1-9dfa-5edb-a43e-98e3a4d20250 ro without journal. Quota mode: none.
[   34.669243] apexd: Successfully mounted package /system/apex/com.google.android.devicelock.apex on /apex/com.android.devicelock@1 duration=556
[   34.702665] EXT4-fs (loop10): mounted filesystem 7d1522e1-9dfa-5edb-a43e-98e3a4d20250 ro without journal. Quota mode: none.
[   34.749988] apexd: Successfully mounted package /system/apex/com.google.android.tzdata6.apex on /apex/com.android.tzdata@350820260 duration=689
[   34.774458] apexd: Successfully mounted package /vendor/apex/com.android.hardware.cas.apex on /apex/com.android.hardware.cas@1 duration=713
[   34.863651] loop12: detected capacity change from 0 to 9680
[   34.897246] loop13: detected capacity change from 0 to 40472
[   34.919144] EXT4-fs (loop12): mounted filesystem 7d1522e1-9dfa-5edb-a43e-98e3a4d20250 ro without journal. Quota mode: none.
[   34.956561] loop14: detected capacity change from 0 to 2712
[   34.969613] apexd: Successfully mounted package /system/apex/com.android.runtime.apex on /apex/com.android.runtime@1 duration=907
[   34.975112] EXT4-fs (loop11): mounted filesystem 7d1522e1-9dfa-5edb-a43e-98e3a4d20250 ro without journal. Quota mode: none.
[   35.020016] apexd: Successfully mounted package /vendor/apex/com.android.hardware.rebootescrow.apex on /apex/com.android.hardware.rebootescrow@1 duration=957
[   35.053233] loop15: detected capacity change from 0 to 13312
[   35.066317] EXT4-fs (loop13): mounted filesystem 7d1522e1-9dfa-5edb-a43e-98e3a4d20250 ro without journal. Quota mode: none.
[   35.077093] loop16: detected capacity change from 0 to 148016
[   35.097353] apexd: Successfully mounted package /system/apex/com.google.android.btservices.apex on /apex/com.android.btservices@342010060 duration=1035
[   35.137569] EXT4-fs (loop14): mounted filesystem 7d1522e1-9dfa-5edb-a43e-98e3a4d20250 ro without journal. Quota mode: none.
[   35.142726] EXT4-fs (loop15): mounted filesystem 7d1522e1-9dfa-5edb-a43e-98e3a4d20250 ro without journal. Quota mode: none.
[   35.160165] loop17: detected capacity change from 0 to 29336
[   35.185811] apexd: Successfully mounted package /system/apex/com.google.android.nfcservices.apex on /apex/com.android.nfcservices@352090000 duration=1123
[   35.205976] apexd: Successfully mounted package /system/apex/com.google.mainline.primary.libs.apex on /apex/com.google.mainline.primary.libs@350726000 duration=1144
[   35.278498] EXT4-fs (loop16): mounted filesystem 7d1522e1-9dfa-5edb-a43e-98e3a4d20250 ro without journal. Quota mode: none.
[   35.354633] loop18: detected capacity change from 0 to 56216
[   35.355417] apexd: Successfully mounted package /system/apex/com.android.virt.apex on /apex/com.android.virt@2 duration=1292
[   35.411575] loop19: detected capacity change from 0 to 47576
[   35.414449] device-mapper: verity: sha256 using shash "sha256-ni" (multibuffer)
[   35.433745] device-mapper: verity: sha256 using shash "sha256-ni" (multibuffer)
[   35.469631] EXT4-fs (loop17): mounted filesystem 7d1522e1-9dfa-5edb-a43e-98e3a4d20250 ro without journal. Quota mode: none.
[   35.499453] loop20: detected capacity change from 0 to 25240
[   35.514719] loop21: detected capacity change from 0 to 1280
[   35.515408] device-mapper: verity: sha256 using shash "sha256-ni" (multibuffer)
[   35.538864] device-mapper: verity: sha256 using shash "sha256-ni" (multibuffer)
[   35.570560] apexd: Successfully mounted package /vendor/apex/com.android.hardware.neuralnetworks.apex on /apex/com.android.hardware.neuralnetworks@1 duration=1506
[   35.622179] loop22: detected capacity change from 0 to 9576
[   35.636716] EXT4-fs (dm-45): mounted filesystem 7d1522e1-9dfa-5edb-a43e-98e3a4d20250 ro without journal. Quota mode: none.
[   35.659782] device-mapper: verity: sha256 using shash "sha256-ni" (multibuffer)
[   35.671970] apexd: Successfully mounted package /data/apex/decompressed/com.android.art@350820300.decompressed.apex on /apex/com.android.art@350820300 duration=1604
[   35.691197] EXT4-fs (dm-44): mounted filesystem 7d1522e1-9dfa-5edb-a43e-98e3a4d20250 ro without journal. Quota mode: none.
[   35.774863] loop23: detected capacity change from 0 to 1752
[   35.802353] EXT4-fs (dm-38): mounted filesystem 7d1522e1-9dfa-5edb-a43e-98e3a4d20250 ro without journal. Quota mode: none.
[   35.802416] apexd: Successfully mounted package /data/apex/decompressed/com.android.permission@350820360.decompressed.apex on /apex/com.android.permission@350820360 duration=1709
[   35.850551] apexd: Successfully mounted package /data/apex/decompressed/com.android.appsearch@350820300.decompressed.apex on /apex/com.android.appsearch@350820300 duration=1758
[   35.981753] device-mapper: verity: sha256 using shash "sha256-ni" (multibuffer)
[   36.010295] loop24: detected capacity change from 0 to 13624
[   36.023824] EXT4-fs (dm-42): mounted filesystem 7d1522e1-9dfa-5edb-a43e-98e3a4d20250 ro without journal. Quota mode: none.
[   36.033392] EXT4-fs (dm-39): mounted filesystem 7d1522e1-9dfa-5edb-a43e-98e3a4d20250 ro without journal. Quota mode: none.
[   36.070467] device-mapper: verity: sha256 using shash "sha256-ni" (multibuffer)
[   36.100472] apexd: Successfully mounted package /data/apex/decompressed/com.android.healthfitness@350820300.decompressed.apex on /apex/com.android.healthfitness@350820300 duration=2006
[   36.131378] loop25: detected capacity change from 0 to 60680
[   36.164793] apexd: Successfully mounted package /data/apex/decompressed/com.android.profiling@352090000.decompressed.apex on /apex/com.android.profiling@352090000 duration=2070
[   36.230424] loop26: detected capacity change from 0 to 44976
[   36.235619] EXT4-fs (dm-36): mounted filesystem 7d1522e1-9dfa-5edb-a43e-98e3a4d20250 ro without journal. Quota mode: none.
[   36.249549] device-mapper: verity: sha256 using shash "sha256-ni" (multibuffer)
[   36.296109] loop27: detected capacity change from 0 to 9416
[   36.298084] device-mapper: verity: sha256 using shash "sha256-ni" (multibuffer)
[   36.312153] apexd: Successfully mounted package /data/apex/decompressed/com.android.ipsec@350820300.decompressed.apex on /apex/com.android.ipsec@350820300 duration=2217
[   36.351999] device-mapper: verity: sha256 using shash "sha256-ni" (multibuffer)
[   36.380871] loop28: detected capacity change from 0 to 13688
[   36.410032] EXT4-fs (dm-35): mounted filesystem 7d1522e1-9dfa-5edb-a43e-98e3a4d20250 ro without journal. Quota mode: none.
[   36.431627] device-mapper: verity: sha256 using shash "sha256-ni" (multibuffer)
[   36.468830] apexd: Successfully mounted package /data/apex/decompressed/com.android.adbd@350820300.decompressed.apex on /apex/com.android.adbd@350820300 duration=2365
[   36.509569] EXT4-fs (dm-34): mounted filesystem 7d1522e1-9dfa-5edb-a43e-98e3a4d20250 ro without journal. Quota mode: none.
[   36.537297] loop29: detected capacity change from 0 to 36520
[   36.546727] device-mapper: verity: sha256 using shash "sha256-ni" (multibuffer)
[   36.595035] loop30: detected capacity change from 0 to 7080
[   36.629121] apexd: Successfully mounted package /data/apex/decompressed/com.android.media.swcodec@350820300.decompressed.apex on /apex/com.android.media.swcodec@350820300 duration=2525
[   36.655285] loop31: detected capacity change from 0 to 2776
[   36.688104] device-mapper: verity: sha256 using shash "sha256-ni" (multibuffer)
[   36.721297] loop32: detected capacity change from 0 to 11864
[   36.749138] EXT4-fs (dm-32): mounted filesystem 7d1522e1-9dfa-5edb-a43e-98e3a4d20250 ro without journal. Quota mode: none.
[   36.758988] device-mapper: verity: sha256 using shash "sha256-ni" (multibuffer)
[   36.797939] apexd: Successfully mounted package /data/apex/decompressed/com.android.adservices@350820260.decompressed.apex on /apex/com.android.adservices@350820260 duration=2693
[   36.862677] EXT4-fs (dm-31): mounted filesystem 7d1522e1-9dfa-5edb-a43e-98e3a4d20250 ro without journal. Quota mode: none.
[   36.866623] device-mapper: verity: sha256 using shash "sha256-ni" (multibuffer)
[   36.906728] apexd: Successfully mounted package /data/apex/decompressed/com.android.uwb@350820300.decompressed.apex on /apex/com.android.uwb@350820300 duration=2801
[   36.967172] loop33: detected capacity change from 0 to 10096
[   36.987475] EXT4-fs (dm-30): mounted filesystem 7d1522e1-9dfa-5edb-a43e-98e3a4d20250 ro without journal. Quota mode: none.
[   36.991277] EXT4-fs (dm-29): mounted filesystem 7d1522e1-9dfa-5edb-a43e-98e3a4d20250 ro without journal. Quota mode: none.
[   37.009161] apexd: Successfully mounted package /data/apex/decompressed/com.android.extservices@350820303.decompressed.apex on /apex/com.android.extservices@350820303 duration=2903
[   37.047960] device-mapper: verity: sha256 using shash "sha256-ni" (multibuffer)
[   37.105460] loop34: detected capacity change from 0 to 17680
[   37.126222] apexd: Successfully mounted package /data/apex/decompressed/com.android.mediaprovider@350820300.decompressed.apex on /apex/com.android.mediaprovider@350820300 duration=3019
[   37.209904] EXT4-fs (dm-27): mounted filesystem 7d1522e1-9dfa-5edb-a43e-98e3a4d20250 ro without journal. Quota mode: none.
[   37.210622] device-mapper: verity: sha256 using shash "sha256-ni" (multibuffer)
[   37.264636] EXT4-fs (dm-26): mounted filesystem 7d1522e1-9dfa-5edb-a43e-98e3a4d20250 ro without journal. Quota mode: none.
[   37.291441] apexd: Successfully mounted package /data/apex/decompressed/com.android.rkpd@350820300.decompressed.apex on /apex/com.android.rkpd@350820300 duration=3155
[   37.303734] EXT4-fs (dm-28): mounted filesystem 7d1522e1-9dfa-5edb-a43e-98e3a4d20250 ro without journal. Quota mode: none.
[   37.377466] apexd: Successfully mounted package /data/apex/decompressed/com.android.os.statsd@350820260.decompressed.apex on /apex/com.android.os.statsd@350820260 duration=3269
[   37.424817] loop35: detected capacity change from 0 to 1640
[   37.448761] loop36: detected capacity change from 0 to 1344
[   37.448809] device-mapper: verity: sha256 using shash "sha256-ni" (multibuffer)
[   37.480694] apexd: Successfully mounted package /data/apex/decompressed/com.android.media@350820300.decompressed.apex on /apex/com.android.media@350820300 duration=3371
[   37.480323] device-mapper: verity: sha256 using shash "sha256-ni" (multibuffer)
[   37.533231] loop37: detected capacity change from 0 to 9464
[   37.553872] EXT4-fs (dm-24): mounted filesystem 7d1522e1-9dfa-5edb-a43e-98e3a4d20250 ro without journal. Quota mode: none.
[   37.578433] apexd: Successfully mounted package /data/apex/decompressed/com.android.conscrypt@350820300.decompressed.apex on /apex/com.android.conscrypt@350820300 duration=3465
[   37.606425] loop38: detected capacity change from 0 to 36728
[   37.616849] device-mapper: verity: sha256 using shash "sha256-ni" (multibuffer)
[   37.632992] loop39: detected capacity change from 0 to 10720
[   37.642371] EXT4-fs (dm-19): mounted filesystem 7d1522e1-9dfa-5edb-a43e-98e3a4d20250 ro without journal. Quota mode: none.
[   37.677757] device-mapper: verity: sha256 using shash "sha256-ni" (multibuffer)
[   37.699111] apexd: Successfully mounted package /data/apex/decompressed/com.android.wifi@350820300.decompressed.apex on /apex/com.android.wifi@350820300 duration=3584
[   37.755724] loop40: detected capacity change from 0 to 536
[   37.756417] device-mapper: verity: sha256 using shash "sha256-ni" (multibuffer)
[   37.803366] EXT4-fs (dm-17): mounted filesystem 7d1522e1-9dfa-5edb-a43e-98e3a4d20250 ro without journal. Quota mode: none.
[   37.805587] EXT4-fs (dm-14): mounted filesystem 7d1522e1-9dfa-5edb-a43e-98e3a4d20250 ro without journal. Quota mode: none.
[   37.844482] device-mapper: verity: sha256 using shash "sha256-ni" (multibuffer)
[   37.884287] loop41: detected capacity change from 0 to 30392
[   37.885709] apexd: Successfully mounted package /data/apex/decompressed/com.android.sdkext@350820300.decompressed.apex on /apex/com.android.sdkext@350820300 duration=3770
[   38.004325] EXT4-fs (dm-13): mounted filesystem 7d1522e1-9dfa-5edb-a43e-98e3a4d20250 ro without journal. Quota mode: none.
[   38.005388] apexd: Successfully mounted package /data/apex/decompressed/com.android.cellbroadcast@350820300.decompressed.apex on /apex/com.android.cellbroadcast@350820300 duration=3888
[   38.100814] apexd: Successfully mounted package /data/apex/decompressed/com.android.resolv@350820300.decompressed.apex on /apex/com.android.resolv@350820300 duration=3984
[   38.104116] device-mapper: verity: sha256 using shash "sha256-ni" (multibuffer)
[   38.150836] EXT4-fs (dm-16): mounted filesystem 7d1522e1-9dfa-5edb-a43e-98e3a4d20250 ro without journal. Quota mode: none.
[   38.150764] loop42: detected capacity change from 0 to 33544
[   38.174384] apexd: Successfully mounted package /data/apex/decompressed/com.android.configinfrastructure@350820300.decompressed.apex on /apex/com.android.configinfrastructure@350820300 duration=4058
[   38.232297] EXT4-fs (dm-18): mounted filesystem 7d1522e1-9dfa-5edb-a43e-98e3a4d20250 ro without journal. Quota mode: none.
[   38.234516] device-mapper: verity: sha256 using shash "sha256-ni" (multibuffer)
[   38.257150] apexd: Successfully mounted package /data/apex/decompressed/com.android.neuralnetworks@350820300.decompressed.apex on /apex/com.android.neuralnetworks@350820300 duration=4140
[   38.337339] EXT4-fs (dm-22): mounted filesystem 7d1522e1-9dfa-5edb-a43e-98e3a4d20250 ro without journal. Quota mode: none.
[   38.379842] apexd: Successfully mounted package /data/apex/decompressed/com.android.scheduling@350820300.decompressed.apex on /apex/com.android.scheduling@350820300 duration=4253
[   38.437280] EXT4-fs (dm-8): mounted filesystem 7d1522e1-9dfa-5edb-a43e-98e3a4d20250 ro without journal. Quota mode: none.
[   38.440340] EXT4-fs (dm-11): mounted filesystem 7d1522e1-9dfa-5edb-a43e-98e3a4d20250 ro without journal. Quota mode: none.
[   38.467411] apexd: Successfully mounted package /data/apex/decompressed/com.android.tethering@350820300.decompressed.apex on /apex/com.android.tethering@350820300 duration=4328
[   38.500489] apexd: Successfully mounted package /data/apex/decompressed/com.android.ondevicepersonalization@350820260.decompressed.apex on /apex/com.android.ondevicepersonalization@350820260 duration=4362
[   38.640529] apexd: Activated 40 packages.
[   38.657585] apexd: OnStart done, duration=8560
[   38.679491] AidlLazyServiceRegistrar: Registering service apexservice
[   38.748027] SELinux: SELinux: Loaded file context from:
[   38.775138] SELinux: 		/system/etc/selinux/plat_file_contexts
[   38.800327] SELinux: 		/system_ext/etc/selinux/system_ext_file_contexts
[   38.828771] SELinux: 		/vendor/etc/selinux/vendor_file_contexts
[   38.855955] apexd: Marking APEXd as activated
[   38.874781] init: Wait for property 'apexd.status=activated' took 5324ms
[   38.976764] init: Parsing file /apex/com.android.adbd/etc/init.rc...
[   38.994339] init: Parsing file /apex/com.android.art/etc/init.rc...
[   39.013245] init: Parsing file /apex/com.android.compos/etc/init.rc...
[   39.038011] init: Parsing file /apex/com.android.hardware.authsecret/etc/android.hardware.authsecret-service.example.rc...
[   39.076223] init: Parsing file /apex/com.android.hardware.cas/etc/cas-default.rc...
[   39.098937] init: Parsing file /apex/com.android.hardware.neuralnetworks/etc/android.hardware.neuralnetworks-service-sample-all.rc...
[   39.137081] init: Parsing file /apex/com.android.hardware.neuralnetworks/etc/android.hardware.neuralnetworks-service-sample-limited.rc...
[   39.190118] init: Parsing file /apex/com.android.hardware.neuralnetworks/etc/android.hardware.neuralnetworks-shim-service-sample.rc...
[   39.243947] init: Parsing file /apex/com.android.hardware.rebootescrow/etc/rebootescrow-default.rc...
[   39.281341] init: Parsing file /apex/com.android.media.swcodec/etc/mediaswcodec.32rc...
[   39.317637] init: Parsing file /apex/com.android.media/etc/mediatranscoding.32rc...
[   39.347983] init: Parsing file /apex/com.android.os.statsd/etc/init.rc...
[   39.368926] init: Parsing file /apex/com.android.sdkext/etc/derive_classpath.rc...
[   39.403841] init: Parsing file /apex/com.android.sdkext/etc/derive_sdk.rc...
[   39.433623] init: Parsing file /apex/com.android.tethering/etc/init.34rc...
[   39.468750] init: Parsing file /apex/com.android.tethering/etc/netbpfload.35rc...
[   39.500351] init: Parsing file /apex/com.android.virt/etc/vfio_handler.rc...
[   39.525677] init: Parsing file /apex/com.android.virt/etc/virtualizationservice.rc...
[   39.547709] init: Parsing file /apex/com.google.android.widevine/etc/com.google.android.widevine.rc...
[   39.646320] init: linkerconfig generated /linkerconfig with mounted APEX modules info
[   39.680983] init: Command 'perform_apex_config' action=post-fs-data (/system/etc/init/hw/init.rc:1032) took 778ms and succeeded
[   39.712537] init: starting service 'aconfigd-mainline-init'...
[   39.764748] init: ... started service 'aconfigd-mainline-init' has pid 328
[   39.785202] init: SVC_EXEC service 'aconfigd-mainline-init' pid 328 (uid 1000 gid 1000+0 context default) started; waiting...
[   39.821461] init: Command 'exec_start aconfigd-mainline-init' action=post-fs-data (/system/etc/init/hw/init.rc:1033) took 109ms and succeeded
[   39.862210] init: Service 'aconfigd-mainline-init' (pid 328) exited with status 0 waiting took 0.137000 seconds
[   39.896321] init: Sending signal 9 to service 'aconfigd-mainline-init' (pid 328) process group...
[   39.930894] libprocessgroup: Removed cgroup /sys/fs/cgroup/uid_1000/pid_328
[   39.961858] init: starting service 'aconfigd'...
[   39.981190] init: Created socket '/dev/socket/aconfigd', mode 666, user 1000, group 1000
[   40.024447] init: ... started service 'aconfigd' has pid 329
[   40.054863] init: Command 'start aconfigd' action=post-fs-data (/system/etc/init/hw/init.rc:1034) took 93ms and succeeded
[   40.101694] init: Service 'aconfigd' (pid 329) exited with status 0 oneshot service took 0.084000 seconds in background
[   40.135268] init: Sending signal 9 to service 'aconfigd' (pid 329) process group...
[   40.159291] libprocessgroup: Removed cgroup /sys/fs/cgroup/uid_1000/pid_329
[   40.180527] init: starting service 'derive_sdk'...
[   40.244150] init: ... started service 'derive_sdk' has pid 330
[   40.256941] init: SVC_EXEC service 'derive_sdk' pid 330 (uid 9999 gid 9999+0 context default) started; waiting...
[   40.284625] init: Command 'exec_start derive_sdk' action=post-fs-data (/system/etc/init/hw/init.rc:1039) took 105ms and succeeded
[   40.334529] init: Service 'derive_sdk' (pid 330) exited with status 0 waiting took 0.138000 seconds
[   40.355670] init: Sending signal 9 to service 'derive_sdk' (pid 330) process group...
[   40.376379] libprocessgroup: Removed cgroup /sys/fs/cgroup/uid_9999/pid_330
[   40.397796] init: starting service 'exec 10 (/system/bin/vdc --wait cryptfs init_user0)'...
[   40.447820] init: ... started service 'exec 10 (/system/bin/vdc --wait cryptfs init_user0)' has pid 331
[   40.471851] init: SVC_EXEC service 'exec 10 (/system/bin/vdc --wait cryptfs init_user0)' pid 331 (uid 0 gid 0+0 context default) started; waiting...
[   40.503652] init: Command 'init_user0' action=post-fs-data (/system/etc/init/hw/init.rc:1041) took 106ms and succeeded
[   40.661651] init: Service 'exec 10 (/system/bin/vdc --wait cryptfs init_user0)' (pid 331) exited with status 0 waiting took 0.241000 seconds
[   40.703375] init: Sending signal 9 to service 'exec 10 (/system/bin/vdc --wait cryptfs init_user0)' (pid 331) process group...
[   40.752149] libprocessgroup: Removed cgroup /sys/fs/cgroup/uid_0/pid_331
[   40.786718] selinux: SELinux: Skipping restorecon on directory(/data)
[   40.816918] init: starting service 'derive_classpath'...
[   40.895910] init: ... started service 'derive_classpath' has pid 334
[   40.915132] init: SVC_EXEC service 'derive_classpath' pid 334 (uid 1000 gid 1000+1 context default) started; waiting...
[   40.952387] init: Command 'exec_start derive_classpath' action=post-fs-data (/system/etc/init/hw/init.rc:1048) took 135ms and succeeded
[   41.099221] init: Service 'derive_classpath' (pid 334) exited with status 0 waiting took 0.253000 seconds
[   41.122194] init: Sending signal 9 to service 'derive_classpath' (pid 334) process group...
[   41.139825] libprocessgroup: Removed cgroup /sys/fs/cgroup/uid_1000/pid_334
[   41.154759] init: starting service 'art_boot'...
[   41.193054] init: ... started service 'art_boot' has pid 335
[   41.207045] init: SVC_EXEC service 'art_boot' pid 335 (uid 0 gid 0+0 context default) started; waiting...
[   41.234272] init: Command 'exec_start art_boot' action=post-fs-data (/system/etc/init/hw/init.rc:1054) took 80ms and succeeded
[   41.288081] init: Service 'art_boot' (pid 335) exited with status 0 waiting took 0.118000 seconds
[   41.316716] init: Sending signal 9 to service 'art_boot' (pid 335) process group...
[   41.342309] libprocessgroup: Removed cgroup /sys/fs/cgroup/uid_0/pid_335
[   41.366884] init: starting service 'odsign'...
[   41.457265] init: ... started service 'odsign' has pid 336
[   41.480927] init: Command 'start odsign' action=post-fs-data (/system/etc/init/hw/init.rc:1059) took 114ms and succeeded
[   41.865216] fs-verity: sha256 using implementation "sha256-ni" (multibuffer)
[   42.275614] init: Wait for property 'odsign.key.done=1' took 746ms
[   42.297742] init: starting service 'apexd-snapshotde'...
[   42.387057] init: ... started service 'apexd-snapshotde' has pid 339
[   42.417442] init: SVC_EXEC service 'apexd-snapshotde' pid 339 (uid 0 gid 1000+0 context default) started; waiting...
[   42.441400] apexd: Started. subcommand = --snapshotde
[   42.463548] init: Command 'exec_start apexd-snapshotde' action=post-fs-data (/system/etc/init/hw/init.rc:1073) took 165ms and succeeded
[   42.529335] init: Sending signal 9 to service 'odsign' (pid 336) process group...
[   42.558962] apexd-snapshotde: Marking APEXd as ready
[   42.568681] libprocessgroup: Removed cgroup /sys/fs/cgroup/uid_0/pid_336
[   42.607659] init: Control message: Processed ctl.stop for 'odsign' from pid: 336 (/system/bin/odsign)
[   42.645599] init: Service 'odsign' (pid 336) received signal 9
[   42.669136] init: Sending signal 9 to service 'odsign' (pid 336) process group...
[   42.700944] libprocessgroup: Failed to write 1 to /sys/fs/cgroup/uid_0/pid_336/cgroup.kill: No such file or directory
[   42.745176] libprocessgroup: Failed to open /sys/fs/cgroup/uid_0/pid_336/cgroup.procs: No such file or directory
[   42.776246] init: Service 'apexd-snapshotde' (pid 339) exited with status 0 waiting took 0.449000 seconds
[   42.803648] init: Sending signal 9 to service 'apexd-snapshotde' (pid 339) process group...
[   42.827055] libprocessgroup: Removed cgroup /sys/fs/cgroup/uid_0/pid_339
[   42.847960] init: processing action (post-fs-data) from (/system/etc/init/hw/init.usb.rc:6)
[   42.865361] init: Verified that /data/adb has the encryption policy 9fc7f0518923576568a89f0158042784 v2 modes 1/4 flags 0x2
[   42.891161] init: processing action (post-fs-data) from (/vendor/etc/init/hw/init.ranchu.rc:61)
[   42.918321] init: starting service 'qemu-device-state'...
[   42.981144] init: ... started service 'qemu-device-state' has pid 340
[   43.000312] init: Command 'start qemu-device-state' action=post-fs-data (/vendor/etc/init/hw/init.ranchu.rc:65) took 82ms and succeeded
[   43.033315] init: Service 'qemu-device-state' (pid 340) exited with status 0 oneshot service took 0.101000 seconds in background
[   43.080499] init: Sending signal 9 to service 'qemu-device-state' (pid 340) process group...
[   43.120032] libprocessgroup: Removed cgroup /sys/fs/cgroup/uid_0/pid_340
[   43.154715] init: starting service 'ranchu-adb-setup'...
[   43.222496] init: ... started service 'ranchu-adb-setup' has pid 342
[   43.237261] /system_ext/bin/init.ranchu.adb.setup.sh: '/data/misc/adb/adb_keys' already exists, skipping
[   43.256459] init: Command 'start ranchu-adb-setup' action=post-fs-data (/vendor/etc/init/hw/init.ranchu.rc:66) took 102ms and succeeded
[   43.341023] init: Service 'ranchu-adb-setup' (pid 342) exited with status 0 oneshot service took 0.156000 seconds in background
[   43.380771] init: Sending signal 9 to service 'ranchu-adb-setup' (pid 342) process group...
[   43.414384] libprocessgroup: Removed cgroup /sys/fs/cgroup/uid_1000/pid_342
[   43.437999] init: processing action (ro.boot.qemu.virtiowifi=1 && post-fs-data) from (/vendor/etc/init/hw/init.ranchu.rc:112)
[   43.473962] init: starting service 'ranchu-net'...
[   43.532241] init: ... started service 'ranchu-net' has pid 343
[   43.551348] init: Command 'start ranchu-net' action=ro.boot.qemu.virtiowifi=1 && post-fs-data (/vendor/etc/init/hw/init.ranchu.rc:113) took 77ms and succeeded
[   43.603377] init: processing action (post-fs-data) from (/system/etc/init/bootstat.rc:9)
[   43.639221] init: processing action (ro.boot.dynamic_partitions=true && ro.debuggable=1 && post-fs-data) from (/system/etc/init/clean_scratch_files.rc:1)
[   43.690151] init: starting service 'exec 11 (/system/bin/clean_scratch_files)'...
[   43.745063] init: ... started service 'exec 11 (/system/bin/clean_scratch_files)' has pid 347
[   43.771718] init: Command 'exec_background - root root -- /system/bin/clean_scratch_files' action=ro.boot.dynamic_partitions=true && ro.debuggable=1 && post-fs-data (/system/etc/init/clean_scratch_files.rc:2) took 82ms and succeeded
[   43.843291] init: starting service 'dhcpclient_wifi'...
[   43.879566] init: ... started service 'dhcpclient_wifi' has pid 349
[   43.902879] init: Control message: Processed ctl.start for 'dhcpclient_wifi' from pid: 348 (setprop ctl.start dhcpclient_wifi)
[   43.946267] init: processing action (post-fs-data) from (/system/etc/init/gsid.rc:17)
[   43.978136] init: Service 'ranchu-net' (pid 343) exited with status 0 oneshot service took 0.484000 seconds in background
[   44.023026] init: Sending signal 9 to service 'ranchu-net' (pid 343) process group...
[   44.056149] libprocessgroup: Removed cgroup /sys/fs/cgroup/uid_0/pid_343
[   44.082628] init: Service 'exec 11 (/system/bin/clean_scratch_files)' (pid 347) exited with status 0 oneshot service took 0.362000 seconds in background
[   44.128773] init: Sending signal 9 to service 'exec 11 (/system/bin/clean_scratch_files)' (pid 347) process group...
[   44.166541] libprocessgroup: Removed cgroup /sys/fs/cgroup/uid_0/pid_347
[   44.192012] init: Not setting encryption policy on: /data/gsi
[   44.212502] init: processing action (post-fs-data) from (/system/etc/init/incidentd.rc:21)
[   44.239953] init: processing action (post-fs-data) from (/system/etc/init/logtagd.rc:4)
[   44.264443] init: processing action (post-fs-data) from (/system/etc/init/otapreopt.rc:3)
[   44.286468] init: starting service 'exec 12 (/system/bin/otapreopt_slot)'...
[   44.343727] init: ... started service 'exec 12 (/system/bin/otapreopt_slot)' has pid 351
[   44.365958] init: SVC_EXEC service 'exec 12 (/system/bin/otapreopt_slot)' pid 351 (uid 0 gid 0+0 context default) started; waiting...
[   44.391538] init: Command 'exec - root -- /system/bin/otapreopt_slot' action=post-fs-data (/system/etc/init/otapreopt.rc:4) took 105ms and succeeded
[   44.431396] init: Service 'exec 12 (/system/bin/otapreopt_slot)' (pid 351) exited with status 1 waiting took 0.120000 seconds
[   44.456085] init: Sending signal 9 to service 'exec 12 (/system/bin/otapreopt_slot)' (pid 351) process group...
[   44.478703] libprocessgroup: Removed cgroup /sys/fs/cgroup/uid_0/pid_351
[   44.517374] selinux: SELinux:  Could not stat /data/dalvik-cache/arm: No such file or directory.
[   44.540612] selinux: SELinux:  Could not stat /data/dalvik-cache/arm64: No such file or directory.
[   44.569141] selinux: SELinux:  Could not stat /data/dalvik-cache/riscv64: No such file or directory.
[   44.595030] selinux: SELinux:  Could not stat /data/dalvik-cache/x86: No such file or directory.
[   44.631046] init: Command 'restorecon_recursive /data/dalvik-cache/arm /data/dalvik-cache/arm64 /data/dalvik-cache/riscv64 /data/dalvik-cache/x86 /data/dalvik-cache/x86_64' action=post-fs-data (/system/etc/init/otapreopt.rc:8) took 126ms and succeeded
[   44.732502] init: processing action (post-fs-data) from (/system/etc/init/perfetto.rc:76)
[   44.766122] init: Command 'rm /data/misc/perfetto-traces/.guardraildata' action=post-fs-data (/system/etc/init/perfetto.rc:77) took 1ms and failed: unlink() failed: No such file or directory
[   44.844870] init: processing action (post-fs-data) from (/system/etc/init/profcollectd.rc:9)
[   44.887206] init: processing action (post-fs-data) from (/system/etc/init/recovery-persist.rc:1)
[   44.926989] init: starting service 'exec 13 (/system/bin/recovery-persist)'...
[   45.027446] init: ... started service 'exec 13 (/system/bin/recovery-persist)' has pid 354
[   45.066669] init: Command 'exec_background - system log -- /system/bin/recovery-persist' action=post-fs-data (/system/etc/init/recovery-persist.rc:3) took 139ms and succeeded
[   45.129491] init: Service 'exec 13 (/system/bin/recovery-persist)' (pid 354) exited with status 0 oneshot service took 0.160000 seconds in background
[   45.167469] init: Sending signal 9 to service 'exec 13 (/system/bin/recovery-persist)' (pid 354) process group...
[   45.202905] libprocessgroup: Removed cgroup /sys/fs/cgroup/uid_1000/pid_354
[   45.227354] init: processing action (post-fs-data) from (/system/etc/init/wifi.rc:18)
[   45.258246] selinux: SELinux: Skipping restorecon on directory(/data/misc/apexdata/com.android.wifi)
[   45.280002] init: processing action (post-fs-data) from (/vendor/etc/init/hostapd.android.rc:9)
[   45.300587] init: processing action (sys.init.perf_lsm_hooks=1 && load_bpf_programs) from (/system/etc/init/hw/init.rc:1258)
[   45.326052] init: processing action (load_bpf_programs) from (/system/etc/init/netbpfload.rc:17)
[   45.345652] init: starting service 'bpfloader'...
[   45.405222] init: ... started service 'bpfloader' has pid 355
[   45.425788] init: SVC_EXEC service 'bpfloader' pid 355 (uid 0 gid 0+7 context default) started; waiting...
[   45.449828] init: Command 'exec_start bpfloader' action=load_bpf_programs (/system/etc/init/netbpfload.rc:18) took 105ms and succeeded
[   45.503549] NetBpfLoad: NetBpfLoad v0.46 (/apex/com.android.tethering/bin/netbpfload) api:35/35 kver:6060032 (64-on-x86-64) uid:0 rc:01
[   45.528940] NetBpfLoad: Tethering APEX version 350820300
[   45.548052] NetBpfLoad: Section bpfloader_min_ver value is 2 [0x2]
[   45.567014] NetBpfLoad: Section bpfloader_max_ver value is 19 [0x13]
[   45.584958] NetBpfLoad: Section size_of_bpf_map_def value is 120 [0x78]
[   45.609231] NetBpfLoad: Section size_of_bpf_prog_def value is 92 [0x5c]
[   45.630795] NetBpfLoad: BpfLoader version 0x0002e ignoring ELF object /apex/com.android.tethering/etc/bpf/test.o with max ver 0x00013
[   45.695713] NetBpfLoad: Section bpfloader_min_ver value is 2 [0x2]
[   45.729289] NetBpfLoad: Section bpfloader_max_ver value is 25 [0x19]
[   45.759221] NetBpfLoad: Section netbpfload_min_ver value is 45 [0x2d]
[   45.789316] NetBpfLoad: Section size_of_bpf_map_def value is 120 [0x78]
[   45.821527] NetBpfLoad: Section size_of_bpf_prog_def value is 92 [0x5c]
[   45.847318] NetBpfLoad: BpfLoader version 0x0002e ignoring ELF object /apex/com.android.tethering/etc/bpf/offload.o with max ver 0x00019
[   45.897309] NetBpfLoad: Section bpfloader_min_ver value is 25 [0x19]
[   45.914821] NetBpfLoad: Section bpfloader_max_ver value is 65536 [0x10000]
[   45.936897] NetBpfLoad: Section netbpfload_min_ver value is 45 [0x2d]
[   45.956865] NetBpfLoad: Section size_of_bpf_map_def value is 120 [0x78]
[   45.973880] NetBpfLoad: Section size_of_bpf_prog_def value is 92 [0x5c]
[   45.998618] NetBpfLoad: BpfLoader version 0x0002e processing ELF object /apex/com.android.tethering/etc/bpf/offload@mainline.o with ver [0x00019,0x10000)
[   46.047630] NetBpfLoad: map /sys/fs/bpf/tethering/map_offload_tether_error_map id 1
[   46.076276] NetBpfLoad: map /sys/fs/bpf/tethering/map_offload_tether_stats_map id 2
[   46.101099] NetBpfLoad: map /sys/fs/bpf/tethering/map_offload_tether_limit_map id 3
[   46.119960] NetBpfLoad: map /sys/fs/bpf/tethering/map_offload_tether_downstream6_map id 4
[   46.135936] NetBpfLoad: map /sys/fs/bpf/tethering/map_offload_tether_downstream64_map id 5
[   46.155443] NetBpfLoad: map /sys/fs/bpf/tethering/map_offload_tether_upstream6_map id 6
[   46.174603] NetBpfLoad: map /sys/fs/bpf/tethering/map_offload_tether_downstream4_map id 7
[   46.196181] NetBpfLoad: map /sys/fs/bpf/tethering/map_offload_tether_upstream4_map id 8
[   46.220524] NetBpfLoad: map /sys/fs/bpf/tethering/map_offload_tether_dev_map id 9
[   46.247302] NetBpfLoad: prog /sys/fs/bpf/tethering/prog_offload_schedcls_tether_downstream6_ether id 1
[   46.286696] NetBpfLoad: prog /sys/fs/bpf/tethering/prog_offload_schedcls_tether_upstream6_ether id 2
[   46.310183] NetBpfLoad: prog /sys/fs/bpf/tethering/prog_offload_schedcls_tether_downstream6_rawip id 3
[   46.333355] NetBpfLoad: prog /sys/fs/bpf/tethering/prog_offload_schedcls_tether_upstream6_rawip id 4
[   46.360698] NetBpfLoad: prog /sys/fs/bpf/tethering/prog_offload_schedcls_tether_downstream4_rawip id 5
[   46.395701] NetBpfLoad: prog /sys/fs/bpf/tethering/prog_offload_schedcls_tether_upstream4_rawip id 6
[   46.430565] NetBpfLoad: prog /sys/fs/bpf/tethering/prog_offload_schedcls_tether_downstream4_ether id 7
[   46.463541] NetBpfLoad: prog /sys/fs/bpf/tethering/prog_offload_schedcls_tether_upstream4_ether id 8
[   46.490951] NetBpfLoad: prog /sys/fs/bpf/tethering/prog_offload_xdp_tether_downstream_ether id 9
[   46.518320] NetBpfLoad: prog /sys/fs/bpf/tethering/prog_offload_xdp_tether_downstream_rawip id 10
[   46.546601] NetBpfLoad: prog /sys/fs/bpf/tethering/prog_offload_xdp_tether_upstream_ether id 11
[   46.569392] NetBpfLoad: prog /sys/fs/bpf/tethering/prog_offload_xdp_tether_upstream_rawip id 12
[   46.608660] NetBpfLoad: Section bpfloader_min_ver value is 43 [0x2b]
[   46.633241] NetBpfLoad: Section bpfloader_max_ver value is 65536 [0x10000]
[   46.647205] NetBpfLoad: Section size_of_bpf_map_def value is 120 [0x78]
[   46.664590] NetBpfLoad: Section size_of_bpf_prog_def value is 92 [0x5c]
[   46.684602] NetBpfLoad: BpfLoader version 0x0002e processing ELF object /apex/com.android.tethering/etc/bpf/test@mainline.o with ver [0x0002b,0x10000)
[   46.715459] NetBpfLoad: map /sys/fs/bpf/tethering/map_test_tether_downstream6_map id 10
[   46.732036] NetBpfLoad: map /sys/fs/bpf/tethering/map_test_tether2_downstream6_map id 11
[   46.749544] NetBpfLoad: map /sys/fs/bpf/tethering/map_test_tether3_downstream6_map id 12
[   46.765634] NetBpfLoad: map /sys/fs/bpf/tethering/map_test_bitmap id 13
[   46.780524] NetBpfLoad: prog /sys/fs/bpf/tethering/prog_test_xdp_drop_ipv4_udp_ether id 13
[   46.803338] NetBpfLoad: Section bpfloader_min_ver value is 19 [0x13]
[   46.815496] NetBpfLoad: Section bpfloader_max_ver value is 65536 [0x10000]
[   46.830251] NetBpfLoad: Section netbpfload_min_ver value is 45 [0x2d]
[   46.842920] NetBpfLoad: Section size_of_bpf_map_def value is 120 [0x78]
[   46.855748] NetBpfLoad: Section size_of_bpf_prog_def value is 92 [0x5c]
[   46.859500] NetBpfLoad: BpfLoader version 0x0002e processing ELF object /apex/com.android.tethering/etc/bpf/netd_shared/netd.o with ver [0x00013,0x10000)
[   46.892219] NetBpfLoad: map configuration_map selinux_context [fs_bpf_netd_readonly            ] -> 4 -> 'fs_bpf_netd_readonly' (netd_readonly/)
[   46.925022] NetBpfLoad: map /sys/fs/bpf/netd_shared/map_netd_configuration_map id 14
[   46.941918] NetBpfLoad: map /sys/fs/bpf/netd_shared/map_netd_cookie_tag_map id 15
[   46.959006] NetBpfLoad: map uid_counterset_map selinux_context [fs_bpf_net_shared               ] -> 3 -> 'fs_bpf_net_shared' (net_shared/)
[   46.987761] NetBpfLoad: map /sys/fs/bpf/netd_shared/map_netd_uid_counterset_map id 16
[   46.991325] NetBpfLoad: map app_uid_stats_map selinux_context [fs_bpf_net_shared               ] -> 3 -> 'fs_bpf_net_shared' (net_shared/)
[   47.030343] NetBpfLoad: map /sys/fs/bpf/netd_shared/map_netd_app_uid_stats_map id 17
[   47.043870] NetBpfLoad: map stats_map_A selinux_context [fs_bpf_netd_readonly            ] -> 4 -> 'fs_bpf_netd_readonly' (netd_readonly/)
[   47.068498] NetBpfLoad: map /sys/fs/bpf/netd_shared/map_netd_stats_map_A id 18
[   47.080765] NetBpfLoad: map stats_map_B selinux_context [fs_bpf_netd_readonly            ] -> 4 -> 'fs_bpf_netd_readonly' (netd_readonly/)
[   47.099328] NetBpfLoad: map /sys/fs/bpf/netd_shared/map_netd_stats_map_B id 19
[   47.112787] NetBpfLoad: map iface_stats_map selinux_context [fs_bpf_net_shared               ] -> 3 -> 'fs_bpf_net_shared' (net_shared/)
[   47.134184] NetBpfLoad: map /sys/fs/bpf/netd_shared/map_netd_iface_stats_map id 20
[   47.147253] NetBpfLoad: map uid_owner_map selinux_context [fs_bpf_netd_readonly            ] -> 4 -> 'fs_bpf_netd_readonly' (netd_readonly/)
[   47.170056] NetBpfLoad: map /sys/fs/bpf/netd_shared/map_netd_uid_owner_map id 21
[   47.187556] NetBpfLoad: map uid_permission_map selinux_context [fs_bpf_netd_readonly            ] -> 4 -> 'fs_bpf_netd_readonly' (netd_readonly/)
[   47.215850] NetBpfLoad: map /sys/fs/bpf/netd_shared/map_netd_uid_permission_map id 22
[   47.230415] NetBpfLoad: map ingress_discard_map selinux_context [fs_bpf_net_shared               ] -> 3 -> 'fs_bpf_net_shared' (net_shared/)
[   47.261204] NetBpfLoad: map /sys/fs/bpf/netd_shared/map_netd_ingress_discard_map id 23
[   47.279785] NetBpfLoad: map /sys/fs/bpf/netd_shared/map_netd_lock_array_test_map id 24
[   47.297394] NetBpfLoad: map /sys/fs/bpf/netd_shared/map_netd_lock_hash_test_map id 25
[   47.314224] NetBpfLoad: map iface_index_name_map selinux_context [fs_bpf_net_shared               ] -> 3 -> 'fs_bpf_net_shared' (net_shared/)
[   47.337961] NetBpfLoad: map /sys/fs/bpf/netd_shared/map_netd_iface_index_name_map id 26
[   47.352781] NetBpfLoad: map packet_trace_enabled_map selinux_context [fs_bpf_net_shared               ] -> 3 -> 'fs_bpf_net_shared' (net_shared/)
[   47.375053] NetBpfLoad: map /sys/fs/bpf/netd_shared/map_netd_packet_trace_enabled_map id 27
[   47.391652] NetBpfLoad: map packet_trace_ringbuf selinux_context [fs_bpf_net_shared               ] -> 3 -> 'fs_bpf_net_shared' (net_shared/)
[   47.411454] NetBpfLoad: map /sys/fs/bpf/netd_shared/map_netd_packet_trace_ringbuf id 28
[   47.430099] NetBpfLoad: map data_saver_enabled_map selinux_context [fs_bpf_netd_readonly            ] -> 4 -> 'fs_bpf_netd_readonly' (netd_readonly/)
[   47.458630] NetBpfLoad: map /sys/fs/bpf/netd_shared/map_netd_data_saver_enabled_map id 29
[   47.476616] NetBpfLoad: prog cgroupskb_ingress_stats$trace selinux_context [fs_bpf_netd_readonly            ] -> 4 -> 'fs_bpf_netd_readonly' (netd_readonly/)
[   47.510810] NetBpfLoad: prog /sys/fs/bpf/netd_shared/prog_netd_cgroupskb_ingress_stats id 14
[   47.532270] NetBpfLoad: prog cgroupskb_ingress_stats$4_19 selinux_context [fs_bpf_netd_readonly            ] -> 4 -> 'fs_bpf_netd_readonly' (netd_readonly/)
[   47.562252] NetBpfLoad: prog /sys/fs/bpf/netd_shared/prog_netd_cgroupskb_ingress_stats id 14
[   47.581951] NetBpfLoad: prog cgroupskb_egress_stats$trace selinux_context [fs_bpf_netd_readonly            ] -> 4 -> 'fs_bpf_netd_readonly' (netd_readonly/)
[   47.625634] NetBpfLoad: prog /sys/fs/bpf/netd_shared/prog_netd_cgroupskb_egress_stats id 15
[   47.647112] NetBpfLoad: prog cgroupskb_egress_stats$4_19 selinux_context [fs_bpf_netd_readonly            ] -> 4 -> 'fs_bpf_netd_readonly' (netd_readonly/)
[   47.686739] NetBpfLoad: prog /sys/fs/bpf/netd_shared/prog_netd_cgroupskb_egress_stats id 15
[   47.717254] NetBpfLoad: prog /sys/fs/bpf/netd_shared/prog_netd_skfilter_egress_xtbpf id 16
[   47.733089] NetBpfLoad: prog /sys/fs/bpf/netd_shared/prog_netd_skfilter_ingress_xtbpf id 17
[   47.746152] NetBpfLoad: prog schedact_ingress_account selinux_context [fs_bpf_net_shared               ] -> 3 -> 'fs_bpf_net_shared' (net_shared/)
[   47.771819] NetBpfLoad: prog /sys/fs/bpf/netd_shared/prog_netd_schedact_ingress_account id 18
[   47.787449] NetBpfLoad: prog /sys/fs/bpf/netd_shared/prog_netd_skfilter_allowlist_xtbpf id 19
[   47.801948] NetBpfLoad: prog /sys/fs/bpf/netd_shared/prog_netd_skfilter_denylist_xtbpf id 20
[   47.816557] NetBpfLoad: prog cgroupsock_inet_create selinux_context [fs_bpf_netd_readonly            ] -> 4 -> 'fs_bpf_netd_readonly' (netd_readonly/)
[   47.839671] NetBpfLoad: prog /sys/fs/bpf/netd_shared/prog_netd_cgroupsock_inet_create id 21
[   47.853608] NetBpfLoad: prog cgroupsockrelease_inet_release selinux_context [fs_bpf_netd_readonly            ] -> 4 -> 'fs_bpf_netd_readonly' (netd_readonly/)
[   47.876958] NetBpfLoad: prog /sys/fs/bpf/netd_shared/prog_netd_cgroupsockrelease_inet_release id 22
[   47.891152] NetBpfLoad: prog connect4_inet4_connect selinux_context [fs_bpf_netd_readonly            ] -> 4 -> 'fs_bpf_netd_readonly' (netd_readonly/)
[   47.914071] NetBpfLoad: prog /sys/fs/bpf/netd_shared/prog_netd_connect4_inet4_connect id 23
[   47.931612] NetBpfLoad: prog connect6_inet6_connect selinux_context [fs_bpf_netd_readonly            ] -> 4 -> 'fs_bpf_netd_readonly' (netd_readonly/)
[   47.955218] NetBpfLoad: prog /sys/fs/bpf/netd_shared/prog_netd_connect6_inet6_connect id 24
[   47.969067] NetBpfLoad: prog recvmsg4_udp4_recvmsg selinux_context [fs_bpf_netd_readonly            ] -> 4 -> 'fs_bpf_netd_readonly' (netd_readonly/)
[   47.989724] NetBpfLoad: prog /sys/fs/bpf/netd_shared/prog_netd_recvmsg4_udp4_recvmsg id 25
[   47.992514] NetBpfLoad: prog recvmsg6_udp6_recvmsg selinux_context [fs_bpf_netd_readonly            ] -> 4 -> 'fs_bpf_netd_readonly' (netd_readonly/)
[   48.051239] NetBpfLoad: prog /sys/fs/bpf/netd_shared/prog_netd_recvmsg6_udp6_recvmsg id 26
[   48.083398] NetBpfLoad: prog sendmsg4_udp4_sendmsg selinux_context [fs_bpf_netd_readonly            ] -> 4 -> 'fs_bpf_netd_readonly' (netd_readonly/)
[   48.117574] NetBpfLoad: prog /sys/fs/bpf/netd_shared/prog_netd_sendmsg4_udp4_sendmsg id 27
[   48.139540] NetBpfLoad: prog sendmsg6_udp6_sendmsg selinux_context [fs_bpf_netd_readonly            ] -> 4 -> 'fs_bpf_netd_readonly' (netd_readonly/)
[   48.173921] NetBpfLoad: prog /sys/fs/bpf/netd_shared/prog_netd_sendmsg6_udp6_sendmsg id 28
[   48.197208] NetBpfLoad: prog getsockopt_prog selinux_context [fs_bpf_netd_readonly            ] -> 4 -> 'fs_bpf_netd_readonly' (netd_readonly/)
[   48.230314] NetBpfLoad: prog /sys/fs/bpf/netd_shared/prog_netd_getsockopt_prog id 29
[   48.250664] NetBpfLoad: prog setsockopt_prog selinux_context [fs_bpf_netd_readonly            ] -> 4 -> 'fs_bpf_netd_readonly' (netd_readonly/)
[   48.287293] NetBpfLoad: prog /sys/fs/bpf/netd_shared/prog_netd_setsockopt_prog id 30
[   48.306951] NetBpfLoad: Section bpfloader_min_ver value is 43 [0x2b]
[   48.326282] NetBpfLoad: Section bpfloader_max_ver value is 65536 [0x10000]
[   48.347276] NetBpfLoad: Section size_of_bpf_map_def value is 120 [0x78]
[   48.361656] NetBpfLoad: Section size_of_bpf_prog_def value is 92 [0x5c]
[   48.365504] NetBpfLoad: BpfLoader version 0x0002e processing ELF object /apex/com.android.tethering/etc/bpf/net_shared/gentle.o with ver [0x0002b,0x10000)
[   48.397025] NetBpfLoad: map /sys/fs/bpf/net_shared/map_gentle_test id 30
[   48.411248] NetBpfLoad: prog /sys/fs/bpf/net_shared/prog_gentle_skfilter_accept id 31
[   48.427850] NetBpfLoad: Section bpfloader_min_ver value is 19 [0x13]
[   48.445045] NetBpfLoad: Section bpfloader_max_ver value is 65536 [0x10000]
[   48.459198] NetBpfLoad: Section netbpfload_min_ver value is 45 [0x2d]
[   48.462842] NetBpfLoad: Section size_of_bpf_map_def value is 120 [0x78]
[   48.482881] NetBpfLoad: Section size_of_bpf_prog_def value is 92 [0x5c]
[   48.495602] NetBpfLoad: BpfLoader version 0x0002e processing ELF object /apex/com.android.tethering/etc/bpf/net_shared/dscpPolicy.o with ver [0x00013,0x10000)
[   48.525159] NetBpfLoad: map /sys/fs/bpf/net_shared/map_dscpPolicy_socket_policy_cache_map id 31
[   48.543557] NetBpfLoad: map /sys/fs/bpf/net_shared/map_dscpPolicy_ipv4_dscp_policies_map id 32
[   48.557515] NetBpfLoad: map /sys/fs/bpf/net_shared/map_dscpPolicy_ipv6_dscp_policies_map id 33
[   48.804123] NetBpfLoad: prog /sys/fs/bpf/net_shared/prog_dscpPolicy_schedcls_set_dscp_ether id 32
[   48.821675] NetBpfLoad: Section bpfloader_min_ver value is 19 [0x13]
[   48.833403] NetBpfLoad: Section bpfloader_max_ver value is 65536 [0x10000]
[   48.846606] NetBpfLoad: Section netbpfload_min_ver value is 45 [0x2d]
[   48.858716] NetBpfLoad: Section size_of_bpf_map_def value is 120 [0x78]
[   48.870173] NetBpfLoad: Section size_of_bpf_prog_def value is 92 [0x5c]
[   48.882095] NetBpfLoad: BpfLoader version 0x0002e processing ELF object /apex/com.android.tethering/etc/bpf/net_shared/block.o with ver [0x00013,0x10000)
[   48.905456] NetBpfLoad: map /sys/fs/bpf/net_shared/map_block_blocked_ports_map id 34
[   48.922427] NetBpfLoad: prog bind4_block_port pin_subdir [netd_readonly/                  ] -> 4 -> 'netd_readonly/'
[   48.939628] NetBpfLoad: prog /sys/fs/bpf/netd_readonly/prog_block_bind4_block_port id 33
[   48.955084] NetBpfLoad: prog bind6_block_port pin_subdir [netd_readonly/                  ] -> 4 -> 'netd_readonly/'
[   48.975398] NetBpfLoad: prog /sys/fs/bpf/netd_readonly/prog_block_bind6_block_port id 34
[   48.989297] NetBpfLoad: Section bpfloader_min_ver value is 19 [0x13]
[   48.992890] NetBpfLoad: Section bpfloader_max_ver value is 65536 [0x10000]
[   49.012380] NetBpfLoad: Section netbpfload_min_ver value is 45 [0x2d]
[   49.026310] NetBpfLoad: Section size_of_bpf_map_def value is 120 [0x78]
[   49.030010] NetBpfLoad: Section size_of_bpf_prog_def value is 92 [0x5c]
[   49.048422] NetBpfLoad: BpfLoader version 0x0002e processing ELF object /apex/com.android.tethering/etc/bpf/net_shared/clatd.o with ver [0x00013,0x10000)
[   49.076390] NetBpfLoad: map /sys/fs/bpf/net_shared/map_clatd_clat_ingress6_map id 35
[   49.089478] NetBpfLoad: map /sys/fs/bpf/net_shared/map_clatd_clat_egress4_map id 36
[   49.103928] NetBpfLoad: prog /sys/fs/bpf/net_shared/prog_clatd_schedcls_ingress6_clat_ether id 35
[   49.128912] NetBpfLoad: prog /sys/fs/bpf/net_shared/prog_clatd_schedcls_ingress6_clat_rawip id 36
[   49.151448] NetBpfLoad: prog /sys/fs/bpf/net_shared/prog_clatd_schedcls_egress4_clat_rawip id 37
[   49.170355] NetBpfLoad: done, transferring control to platform bpfloader.
[   49.194983] BpfLoader: Platform BpfLoader loading optional ELF object /system/etc/bpf/gpuWork.o with license Apache 2.0
[   49.224502] BpfLoader: Platform BpfLoader loading optional ELF object /system/etc/bpf/timeInState.o with license GPL
[   49.268097] BpfLoader: Platform BpfLoader loading optional ELF object /system/etc/bpf/fuseMedia.o with license GPL
[   49.286446] BpfLoader: No maps section could be found in elf object
[   49.307395] BpfLoader: Platform BpfLoader loading critical for BPF Ringbuf test ELF object /system/etc/bpf/bpfRingbufProg.o with license Apache 2.0
[   49.342341] BpfLoader: Platform BpfLoader loading optional ELF object /system/etc/bpf/bpfMemEventsTest.o with license GPL
[   49.372379] BpfLoader: Platform BpfLoader loading optional ELF object /system/etc/bpf/gpuMem.o with license Apache 2.0
[   49.398831] BpfLoader: Platform BpfLoader loading optional ELF object /system/etc/bpf/bpfMemEvents.o with license GPL
[   49.431791] BpfLoader: Platform BpfLoader loading optional ELF object /system/etc/bpf/uprobestats/BitmapAllocation.o with license GPL
[   49.472239] NetBpfLoad: success.
[   49.481227] init: Service 'bpfloader' (pid 355) exited with status 0 waiting took 4.126000 seconds
[   49.503711] init: Sending signal 9 to service 'bpfloader' (pid 355) process group...
[   49.530060] libprocessgroup: Removed cgroup /sys/fs/cgroup/uid_0/pid_355
[   49.549754] init: processing action (zygote-start) from (/system/etc/init/hw/init.rc:1092)
[   49.566877] init: start_waiting_for_property("odsign.verification.done", "1"): already set
[   49.583290] init: starting service 'update_verifier'...
[   49.624146] init: ... started service 'update_verifier' has pid 356
[   49.639341] init: SVC_EXEC service 'update_verifier' pid 356 (uid 0 gid 2001+1 context default) started; waiting...
[   49.665171] init: Command 'exec_start update_verifier' action=zygote-start (/system/etc/init/hw/init.rc:1095) took 82ms and succeeded
[   49.687976] init: Service 'update_verifier' (pid 356) exited with status 0 waiting took 0.091000 seconds
[   49.704235] init: Sending signal 9 to service 'update_verifier' (pid 356) process group...
[   49.721521] libprocessgroup: Removed cgroup /sys/fs/cgroup/uid_0/pid_356
[   49.736879] init: starting service 'statsd'...
[   49.745267] init: Created socket '/dev/socket/statsdw', mode 222, user 1066, group 1066
[   49.766907] init: ... started service 'statsd' has pid 357
[   49.780093] init: starting service 'netd'...
[   49.789701] init: Created socket '/dev/socket/dnsproxyd', mode 660, user 0, group 3003
[   49.807060] init: Created socket '/dev/socket/mdns', mode 660, user 0, group 1000
[   49.825561] init: Created socket '/dev/socket/fwmarkd', mode 660, user 0, group 3003
[   49.861974] init: ... started service 'netd' has pid 358
[   49.873967] init: Command 'start netd' action=zygote-start (/system/etc/init/hw/init.rc:1097) took 94ms and succeeded
[   49.897091] init: starting service 'zygote'...
[   49.907007] init: Created socket '/dev/socket/zygote', mode 660, user 0, group 1000
[   49.924293] init: Created socket '/dev/socket/usap_pool_primary', mode 660, user 0, group 1000
[   49.957770] init: ... started service 'zygote' has pid 363
[   49.971555] init: Command 'start zygote' action=zygote-start (/system/etc/init/hw/init.rc:1098) took 74ms and succeeded
[   49.995803] init: Command 'start zygote_secondary' action=zygote-start (/system/etc/init/hw/init.rc:1099) took 0ms and failed: service zygote_secondary not found
[   50.025687] init: processing action (zygote-start) from (/vendor/etc/init/hw/init.ranchu.rc:68)
[   50.048980] init: processing action (firmware_mounts_complete) from (/system/etc/init/hw/init.rc:522)
[   50.070897] init: processing action (early-boot) from (/system/etc/init/installd.rc:7)
[   50.118975] init: processing action (early-boot) from (/system/etc/init/kcmdlinectrl.rc:17)
[   50.140139] init: starting service 'exec 14 (/system/bin/kcmdlinectrl update-props)'...
[   50.192045] init: ... started service 'exec 14 (/system/bin/kcmdlinectrl update-props)' has pid 366
[   50.211048] init: Command 'exec_background -- /system/bin/kcmdlinectrl update-props' action=early-boot (/system/etc/init/kcmdlinectrl.rc:18) took 71ms and succeeded
[   50.239349] init: processing action (boot) from (/system/etc/init/hw/init.rc:1109)
[   50.262095] init: Command 'symlink /sys/fs/f2fs/${dev.mnt.dev.data} /dev/sys/fs/by-name/userdata' action=boot (/system/etc/init/hw/init.rc:1132) took 0ms and failed: property 'dev.mnt.dev.data' doesn't exist while expanding '/sys/fs/f2fs/${dev.mnt.dev.data}'
[   50.309659] init: Service 'exec 14 (/system/bin/kcmdlinectrl update-props)' (pid 366) exited with status 1 oneshot service took 0.140000 seconds in background
[   50.345899] init: Sending signal 9 to service 'exec 14 (/system/bin/kcmdlinectrl update-props)' (pid 366) process group...
[   50.373300] libprocessgroup: Removed cgroup /sys/fs/cgroup/uid_0/pid_366
[   50.390778] init: Command 'symlink /sys/class/block/${dev.mnt.dev.data} /dev/sys/block/by-name/userdata' action=boot (/system/etc/init/hw/init.rc:1137) took 0ms and failed: property 'dev.mnt.dev.data' doesn't exist while expanding '/sys/class/block/${dev.mnt.dev.data}'
[   50.451004] init: Command 'symlink /sys/class/block/${dev.mnt.rootdisk.data} /dev/sys/block/by-name/rootdisk' action=boot (/system/etc/init/hw/init.rc:1138) took 0ms and failed: property 'dev.mnt.rootdisk.data' doesn't exist while expanding '/sys/class/block/${dev.mnt.rootdisk.data}'
[   50.522683] init: starting service 'hidl_memory'...
[   50.566691] init: ... started service 'hidl_memory' has pid 370
[   50.579161] init: starting service 'vendor.audio-hal'...
[   50.638387] init: ... started service 'vendor.audio-hal' has pid 371
[   50.658107] init: starting service 'vendor.camera-provider-ranchu'...
[   50.702492] init: ... started service 'vendor.camera-provider-ranchu' has pid 372
[   50.735541] init: starting service 'vendor.camera-provider-2-7-google'...
[   50.794387] init: ... started service 'vendor.camera-provider-2-7-google' has pid 379
[   50.816369] init: starting service 'vendor.gatekeeper-1-0'...
[   50.861506] init: ... started service 'vendor.gatekeeper-1-0' has pid 381
[   50.880934] init: starting service 'vendor.gralloc-3-0'...
[   50.928137] servicemanager: getDeviceHalManifest: Reloading VINTF information.
[   50.930668] servicemanager: getDeviceHalManifest: Reading VINTF information.
[   50.967974] init: ... started service 'vendor.gralloc-3-0' has pid 384
[   50.986333] init: starting service 'vendor.health-default'...
[   51.010510] init: ... started service 'vendor.health-default' has pid 390
[   51.015809] servicemanager: Loaded APEX Infos from /apex/apex-info-list.xml
[   51.039597] init: starting service 'android-hardware-media-c2-goldfish-hal-1-0'...
[   51.040061] servicemanager: getDeviceHalManifest: Successfully processed VINTF information
[   51.074201] servicemanager: getFrameworkHalManifest: Reloading VINTF information.
[   51.111357] servicemanager: getFrameworkHalManifest: Reading VINTF information.
[   51.138467] init: ... started service 'android-hardware-media-c2-goldfish-hal-1-0' has pid 391
[   51.158560] servicemanager: Loaded APEX Infos from /apex/apex-info-list.xml
[   51.176243] init: starting service 'vendor.sensors-hal-multihal'...
[   51.194062] servicemanager: getFrameworkHalManifest: Successfully processed VINTF information
[   51.215289] servicemanager: Caller(pid=358,uid=0,sid=u:r:netd:s0) Found android.system.net.netd.INetd/default in framework VINTF manifest.
[   51.250403] init: ... started service 'vendor.sensors-hal-multihal' has pid 392
[   51.268058] init: starting service 'vendor.thermal-hal-2-0-mock'...
[   51.342591] init: ... started service 'vendor.thermal-hal-2-0-mock' has pid 393
[   51.361674] healthd: batteryCapacityLevelPath not found
[   51.392769] init: starting service 'vendor.usb_default'...
[   51.408308] healthd: batteryChargeTimeToFullNowPath. not found
[   51.441652] healthd: batteryFullChargeDesignCapacityUahPath. not found
[   51.459554] healthd: batteryStateOfHealthPath not found
[   51.475271] healthd: batteryHealthStatusPath not found
[   51.486749] healthd: batteryManufacturingDatePath not found
[   51.515334] healthd: batteryFirstUsageDatePath not found
[   51.567197] healthd: chargingStatePath not found
[   51.592874] init: ... started service 'vendor.usb_default' has pid 394
[   51.614416] servicemanager: Caller(pid=392,uid=1000,sid=u:r:hal_sensors_default:s0) Found android.hardware.sensors.ISensors/default in device VINTF manifest.
[   51.642216] init: starting service 'vendor.wifi_hal_legacy'...
[   51.650438] healthd: chargingPolicyPath not found
[   51.685234] init: ... started service 'vendor.wifi_hal_legacy' has pid 399
[   51.719422] servicemanager: Caller(pid=394,uid=1000,sid=u:r:hal_usb_default:s0) Found android.hardware.usb.IUsb/default in device VINTF manifest.
[   51.747023] init: starting service 'vendor.bluetooth-default'...
[   51.784247] servicemanager: Caller(pid=390,uid=1000,sid=u:r:hal_health_default:s0) Found android.hardware.health.IHealth/default in device VINTF manifest.
[   51.835430] healthd: battery l=100 v=5000 t=25.0 h=2 st=4 c=900000 fc=3000000 cc=10 chg=
[   51.851609] servicemanager: Caller(pid=372,uid=1000,sid=u:r:hal_camera_default:s0) Found android.hardware.camera.provider.ICameraProvider/internal/1 in device VINTF manifest.
[   51.861404] init: ... started service 'vendor.bluetooth-default' has pid 402
[   51.897806] init: starting service 'vendor.contexthub-default'...
[   51.950420] init: ... started service 'vendor.contexthub-default' has pid 405
[   51.977886] servicemanager: Caller(pid=402,uid=1002,sid=u:r:hal_bluetooth_default:s0) Found android.hardware.bluetooth.IBluetoothHci/default in device VINTF manifest.
[   52.016048] init: starting service 'vendor.hwcomposer-3'...
[   52.070139] servicemanager: Caller(pid=405,uid=1080,sid=u:r:hal_contexthub_default:s0) Found android.hardware.contexthub.IContextHub/default in device VINTF manifest.
[   52.145475] init: ... started service 'vendor.hwcomposer-3' has pid 408
[   52.192798] init: starting service 'vendor.identity-default'...
[   52.209307] servicemanager: Caller(pid=399,uid=1010,sid=u:r:hal_wifi_default:s0) Found android.hardware.wifi.IWifi/default in device VINTF manifest.
[   52.255089] servicemanager: Caller(pid=371,uid=1041,sid=u:r:hal_audio_default:s0) Found android.hardware.bluetooth.audio.IBluetoothAudioProviderFactory/default in device VINTF manifest.
[   52.304977] init: ... started service 'vendor.identity-default' has pid 409
[   52.325669] init: starting service 'vendor.light-default'...
[   52.397005] init: ... started service 'vendor.light-default' has pid 411
[   52.444248] init: starting service 'vendor.power-default'...
[   52.477106] servicemanager: Caller(pid=409,uid=9999,sid=u:r:hal_identity_default:s0) Found android.hardware.identity.IIdentityCredentialStore/default in device VINTF manifest.
[   52.547401] init: ... started service 'vendor.power-default' has pid 413
[   52.574906] servicemanager: Caller(pid=408,uid=1000,sid=u:r:hal_graphics_composer_default:s0) Found android.hardware.graphics.composer3.IComposer/default in device VINTF manifest.
[   52.615442] init: starting service 'vendor.power.stats-default'...
[   52.659531] servicemanager: Caller(pid=413,uid=9999,sid=u:r:hal_power_default:s0) Found android.hardware.power.IPower/default in device VINTF manifest.
[   52.692935] servicemanager: Caller(pid=379,uid=1000,sid=u:r:hal_camera_default:s0) Found android.hardware.camera.provider.ICameraProvider/internal/0 in device VINTF manifest.
[   52.733862] init: ... started service 'vendor.power.stats-default' has pid 414
[   52.749133] servicemanager: Caller(pid=411,uid=9999,sid=u:r:hal_light_default:s0) Found android.hardware.light.ILights/default in device VINTF manifest.
[   52.765301] init: starting service 'vendor.vibrator-default'...
[   52.810979] init: ... started service 'vendor.vibrator-default' has pid 416
[   52.830485] servicemanager: Caller(pid=414,uid=1000,sid=u:r:hal_power_stats_default:s0) Found android.hardware.power.stats.IPowerStats/default in device VINTF manifest.
[   52.854273] init: starting service 'vendor.authsecret_default'...
[   52.887718] init: ... started service 'vendor.authsecret_default' has pid 417
[   52.905338] init: starting service 'vendor.cas-default'...
[   52.938602] init: ... started service 'vendor.cas-default' has pid 418
[   52.964989] servicemanager: Caller(pid=417,uid=1064,sid=u:r:hal_authsecret_default:s0) Found android.hardware.authsecret.IAuthSecret/default in device VINTF manifest.
[   52.995823] init: starting service 'neuralnetworks_hal_service_aidl_sample_all'...
[   53.012253] servicemanager: Caller(pid=416,uid=9999,sid=u:r:hal_vibrator_default:s0) Found android.hardware.vibrator.IVibrator/default in device VINTF manifest.
[   53.040881] servicemanager: Caller(pid=416,uid=9999,sid=u:r:hal_vibrator_default:s0) Found android.hardware.vibrator.IVibratorManager/default in device VINTF manifest.
[   53.069290] servicemanager: Caller(pid=418,uid=1013,sid=u:r:hal_cas_default:s0) Found android.hardware.cas.IMediaCasService/default in device VINTF manifest.
[   53.107794] init: ... started service 'neuralnetworks_hal_service_aidl_sample_all' has pid 421
[   53.128410] init: starting service 'neuralnetworks_hal_service_aidl_sample_limited'...
[   53.160026] init: ... started service 'neuralnetworks_hal_service_aidl_sample_limited' has pid 422
[   53.182239] init: starting service 'neuralnetworks_hal_service_shim_sample'...
[   53.234062] init: ... started service 'neuralnetworks_hal_service_shim_sample' has pid 423
[   53.284255] init: starting service 'vendor.rebootescrow-default'...
[   53.353912] init: ... started service 'vendor.rebootescrow-default' has pid 424
[   53.386640] init: starting service 'vendor.drm-widevine-hal'...
[   53.465894] servicemanager: Caller(pid=424,uid=1000,sid=u:r:hal_rebootescrow_default:s0) Found android.hardware.rebootescrow.IRebootEscrow/default in device VINTF manifest.
[   53.504124] init: ... started service 'vendor.drm-widevine-hal' has pid 425
[   53.520372] init: Command 'class_start hal' action=boot (/system/etc/init/hw/init.rc:1215) took 2998ms and succeeded
[   53.544554] servicemanager: Caller(pid=422,uid=1000,sid=u:r:hal_neuralnetworks_sample:s0) Found android.hardware.neuralnetworks.IDevice/nnapi-sample_quant in device VINTF manifest.
[   53.573693] init: service 'ueventd' requested start, but it is already running (flags: 2084)
[   53.605786] init: service 'console' requested start, but it is already running (flags: 2196)
[   53.626820] servicemanager: Caller(pid=421,uid=1000,sid=u:r:hal_neuralnetworks_sample:s0) Found android.hardware.neuralnetworks.IDevice/nnapi-sample_all in device VINTF manifest.
[   53.661258] init: service 'apexd' requested start, but it is already running (flags: 134)
[   53.681229] init: starting service 'audioserver'...
[   53.726171] init: ... started service 'audioserver' has pid 426
[   53.740479] init: starting service 'credstore'...
[   53.784662] servicemanager: Caller(pid=423,uid=1000,sid=u:r:hal_neuralnetworks_sample:s0) Found android.hardware.neuralnetworks.IDevice/nnapi-sample_sl_shim in device VINTF manifest.
[   53.828350] init: ... started service 'credstore' has pid 427
[   53.841681] init: starting service 'gpu'...
[   53.873313] init: ... started service 'gpu' has pid 428
[   53.890311] init: service 'lmkd' requested start, but it is already running (flags: 36)
[   53.906107] init: starting service 'misctrl'...
[   53.954677] init: ... started service 'misctrl' has pid 429
[   54.004197] init: service 'servicemanager' requested start, but it is already running (flags: 2084)
[   54.052510] init: starting service 'surfaceflinger'...
[   54.079848] init: Could not create socket 'pdx/system/vr/display/client': Failed to bind socket 'pdx/system/vr/display/client': No such file or directory
[   54.109990] init: Could not create socket 'pdx/system/vr/display/manager': Failed to bind socket 'pdx/system/vr/display/manager': No such file or directory
[   54.145629] init: Could not create socket 'pdx/system/vr/display/vsync': Failed to bind socket 'pdx/system/vr/display/vsync': No such file or directory
[   54.184307] servicemanager: Caller(pid=425,uid=1013,sid=u:r:hal_drm_widevine:s0) Found android.hardware.drm.IDrmFactory/widevine in device VINTF manifest.
[   54.234750] init: ... started service 'surfaceflinger' has pid 434
[   54.255183] init: service 'vold' requested start, but it is already running (flags: 2052)
[   54.273433] init: Command 'class_start core' action=boot (/system/etc/init/hw/init.rc:1217) took 699ms and succeeded
[   54.309642] init: Service 'misctrl' (pid 429) exited with status 1 oneshot service took 0.389000 seconds in background
[   54.344820] init: Sending signal 9 to service 'misctrl' (pid 429) process group...
[   54.369376] libprocessgroup: Removed cgroup /sys/fs/cgroup/uid_0/pid_429
[   54.401313] init: processing action (persist.sys.usb.config=* && boot) from (/system/etc/init/hw/init.usb.rc:109)
[   54.443276] init: processing action (boot) from (/vendor/etc/init/hw/init.ranchu.rc:74)
[   54.464224] init: processing action (boot) from (/system/etc/init/dumpstate.rc:1)
[   54.491687] init: processing action (boot) from (/system/etc/init/gsid.rc:25)
[   54.518925] init: starting service 'exec 15 (/system/bin/gsid run-startup-tasks)'...
[   54.564582] init: ... started service 'exec 15 (/system/bin/gsid run-startup-tasks)' has pid 437
[   54.585232] init: Command 'exec_background - root root -- /system/bin/gsid run-startup-tasks' action=boot (/system/etc/init/gsid.rc:26) took 67ms and succeeded
[   54.622098] init: processing action (persist.device_config.aconfig_flags.profcollect_native_boot.enabled= && boot) from (/system/etc/init/profcollectd.rc:19)
[   54.657004] servicemanager: Caller(pid=426,uid=1041,sid=u:r:audioserver:s0) Could not find android.hardware.audio.core.IModule/default in the VINTF manifest. No alternative instances declared in VINTF.
[   54.703118] init: starting service 'exec 16 (/system/bin/profcollectctl reset)'...
[   54.721573] servicemanager: Caller(pid=426,uid=1041,sid=u:r:audioserver:s0) Could not find android.hardware.audio.effect.IFactory/default in the VINTF manifest. No alternative instances declared in VINTF.
[   54.783418] init: ... started service 'exec 16 (/system/bin/profcollectctl reset)' has pid 440
[   54.817201] init: Command 'exec_background - root shell -- /system/bin/profcollectctl reset' action=persist.device_config.aconfig_flags.profcollect_native_boot.enabled= && boot (/system/etc/init/profcollectd.rc:20) took 164ms and succeeded
[   54.864424] init: Service 'exec 15 (/system/bin/gsid run-startup-tasks)' (pid 437) exited with status 0 oneshot service took 0.311000 seconds in background
[   54.891203] init: Sending signal 9 to service 'exec 15 (/system/bin/gsid run-startup-tasks)' (pid 437) process group...
[   54.916708] libprocessgroup: Removed cgroup /sys/fs/cgroup/uid_0/pid_437
[   54.930722] init: processing action (enable_property_trigger) from (<Builtin Action>:0)
[   54.947415] init: processing action (bootreceiver.enable=1 && ro.product.cpu.abilist64=*) from (/system/etc/init/hw/init.rc:666)
[   54.985377] servicemanager: Caller(pid=426,uid=1041,sid=u:r:audioserver:s0) Could not find android.hardware.audio.effect.IFactory/default in the VINTF manifest. No alternative instances declared in VINTF.
[   55.024159] servicemanager: Caller(pid=426,uid=1041,sid=u:r:audioserver:s0) Could not find android.hardware.audio.core.IModule/default in the VINTF manifest. No alternative instances declared in VINTF.
[   55.061827] init: Command 'write /sys/kernel/tracing/instances/bootreceiver/buffer_size_kb 1' action=bootreceiver.enable=1 && ro.product.cpu.abilist64=* (/system/etc/init/hw/init.rc:672) took 81ms and succeeded
[   55.116677] type=1400 audit(1790705281.284:5): avc:  denied  { write } for  comm="init" name="error_report_end" dev="tracefs" ino=7399 scontext=u:r:init:s0 tcontext=u:object_r:debugfs_bootreceiver_tracing:s0 tclass=dir permissive=0
[   55.153837] init: processing action (net.tcp_def_init_rwnd=*) from (/system/etc/init/hw/init.rc:1247)
[   55.173936] init: processing action (security.perf_harden=1) from (/system/etc/init/hw/init.rc:1272)
[   55.198903] init: processing action (ro.debuggable=1) from (/system/etc/init/hw/init.rc:1309)
[   55.229926] init: processing action (sys.usb.config=adb && sys.usb.configfs=0) from (/system/etc/init/hw/init.usb.rc:41)
[   55.278099] init: Command 'write /sys/class/android_usb/android0/enable 0' action=sys.usb.config=adb && sys.usb.configfs=0 (/system/etc/init/hw/init.usb.rc:42) took 0ms and failed: Unable to write to file '/sys/class/android_usb/android0/enable': open() failed: Permission denied
[   55.350406] init: Command 'write /sys/class/android_usb/android0/idVendor 18d1' action=sys.usb.config=adb && sys.usb.configfs=0 (/system/etc/init/hw/init.usb.rc:43) took 0ms and failed: Unable to write to file '/sys/class/android_usb/android0/idVendor': open() failed: Permission denied
[   55.421721] init: Service 'exec 16 (/system/bin/profcollectctl reset)' (pid 440) exited with status 0 oneshot service took 0.668000 seconds in background
[   55.453553] init: Sending signal 9 to service 'exec 16 (/system/bin/profcollectctl reset)' (pid 440) process group...
[   55.480626] libprocessgroup: Removed cgroup /sys/fs/cgroup/uid_0/pid_440
[   55.497075] init: Command 'write /sys/class/android_usb/android0/idProduct 4EE7' action=sys.usb.config=adb && sys.usb.configfs=0 (/system/etc/init/hw/init.usb.rc:44) took 0ms and failed: Unable to write to file '/sys/class/android_usb/android0/idProduct': open() failed: Permission denied
[   55.539644] init: Command 'write /sys/class/android_usb/android0/functions ${sys.usb.config}' action=sys.usb.config=adb && sys.usb.configfs=0 (/system/etc/init/hw/init.usb.rc:45) took 0ms and failed: Unable to write to file '/sys/class/android_usb/android0/functions': open() failed: Permission denied
[   55.589771] init: Command 'write /sys/class/android_usb/android0/enable 1' action=sys.usb.config=adb && sys.usb.configfs=0 (/system/etc/init/hw/init.usb.rc:46) took 0ms and failed: Unable to write to file '/sys/class/android_usb/android0/enable': open() failed: Permission denied
[   55.643864] init: starting service 'adbd'...
[   55.652548] init: Created socket '/dev/socket/adbd', mode 660, user 1000, group 1000
[   55.687804] init: ... started service 'adbd' has pid 450
[   55.701279] init: Command 'start adbd' action=sys.usb.config=adb && sys.usb.configfs=0 (/system/etc/init/hw/init.usb.rc:47) took 58ms and succeeded
[   55.733846] init: processing action (vendor.qemu.timezone=*) from (/vendor/etc/init/hw/init.ranchu.rc:104)
[   55.768583] init: processing action (vendor.qemu.vport.bluetooth=*) from (/vendor/etc/init/hw/init.ranchu.rc:176)
[   55.799858] init: processing action (apexd.status=ready && ro.product.cpu.abilist64=*) from (/system/etc/init/hw/init.boringssl.zygote64.rc:3)
[   55.824529] init: starting service 'boringssl_self_test_apex64'...
[   55.863709] init: ... started service 'boringssl_self_test_apex64' has pid 451
[   55.879721] init: SVC_EXEC service 'boringssl_self_test_apex64' pid 451 (uid 9999 gid 0+0 context default) started; waiting...
[   55.905665] init: Command 'exec_start boringssl_self_test_apex64' action=apexd.status=ready && ro.product.cpu.abilist64=* (/system/etc/init/hw/init.boringssl.zygote64.rc:4) took 81ms and succeeded
[   55.964106] servicemanager: Caller(pid=434,uid=1000,sid=u:r:surfaceflinger:s0) Found android.hardware.graphics.composer3.IComposer/default in device VINTF manifest.
[   55.995912] servicemanager: Caller(pid=408,uid=1000,sid=u:r:hal_graphics_composer_default:s0) Could not find android.hardware.graphics.allocator.IAllocator/default in the VINTF manifest. No alternative instances declared in VINTF.
[   56.217167] servicemanager: Caller(pid=434,uid=1000,sid=u:r:surfaceflinger:s0) Could not find android.hardware.graphics.allocator.IAllocator/default in the VINTF manifest. No alternative instances declared in VINTF.
[   56.270193] init: Service 'boringssl_self_test_apex64' (pid 451) exited with status 0 waiting took 0.433000 seconds
[   56.299003] init: Sending signal 9 to service 'boringssl_self_test_apex64' (pid 451) process group...
[   56.327163] libprocessgroup: Removed cgroup /sys/fs/cgroup/uid_9999/pid_451
[   56.345079] init: processing action (ro.persistent_properties.ready=true) from (/system/etc/init/atrace.rc:407)
[   56.368677] init: processing action (init.svc.audioserver=running) from (/system/etc/init/audioserver.rc:37)
[   56.392970] init: service 'vendor.audio-hal' requested start, but it is already running (flags: 4)
[   56.420103] init: starting service 'mdnsd'...
[   56.431080] init: Created socket '/dev/socket/mdnsd', mode 660, user 1020, group 3003
[   56.491614] init: ... started service 'mdnsd' has pid 462
[   56.524734] init: Control message: Processed ctl.start for 'mdnsd' from pid: 450 (/apex/com.android.adbd/bin/adbd --root_seclabel=u:r:su:s0)
[   56.563391] init: Command 'start vendor.audio-hal-aidl' action=init.svc.audioserver=running (/system/etc/init/audioserver.rc:39) took 0ms and failed: service vendor.audio-hal-aidl not found
[   56.638167] init: starting service 'bootanim'...
[   56.700361] init: ... started service 'bootanim' has pid 472
[   56.720036] init: Control message: Processed ctl.start for 'bootanim' from pid: 434 (/system/bin/surfaceflinger)
[   56.761636] init: Command 'start vendor.audio-effect-hal-aidl' action=init.svc.audioserver=running (/system/etc/init/audioserver.rc:40) took 0ms and failed: service vendor.audio-effect-hal-aidl not found
[   56.803231] init: Command 'start vendor.audio-hal-4-0-msd' action=init.svc.audioserver=running (/system/etc/init/audioserver.rc:41) took 0ms and failed: service vendor.audio-hal-4-0-msd not found
[   56.879962] init: Command 'start audio_proxy_service' action=init.svc.audioserver=running (/system/etc/init/audioserver.rc:42) took 0ms and failed: service audio_proxy_service not found
[   56.941198] init: processing action (ro.persistent_properties.ready=true) from (/system/etc/init/bootstat.rc:57)
[   56.966700] init: processing action (ro.persistent_properties.ready=true) from (/system/etc/init/bootstat.rc:61)
[   57.021206] init: starting service 'exec 17 (/system/bin/bootstat --set_system_boot_reason)'...
[   57.099463] init: ... started service 'exec 17 (/system/bin/bootstat --set_system_boot_reason)' has pid 483
[   57.169502] init: Command 'exec_background - system log -- /system/bin/bootstat --set_system_boot_reason' action=ro.persistent_properties.ready=true (/system/etc/init/bootstat.rc:64) took 148ms and succeeded
[   57.278410] init: Service 'exec 17 (/system/bin/bootstat --set_system_boot_reason)' (pid 483) exited with status 0 oneshot service took 0.198000 seconds in background
[   57.383917] init: Sending signal 9 to service 'exec 17 (/system/bin/bootstat --set_system_boot_reason)' (pid 483) process group...
[   57.436375] libprocessgroup: Removed cgroup /sys/fs/cgroup/uid_1000/pid_483
[   57.483589] init: processing action (bootreceiver.enable=1 && ro.product.cpu.abilist64=*) from (/system/etc/init/dmesgd.rc:7)
[   57.546343] init: processing action (drm.service.enabled=true) from (/system/etc/init/drmserver.rc:8)
[   57.611696] init: starting service 'drm'...
[   57.674267] init: ... started service 'drm' has pid 506
[   57.741860] init: Command 'start drm' action=drm.service.enabled=true (/system/etc/init/drmserver.rc:9) took 130ms and succeeded
[   57.811010] init: processing action (persist.heapprofd.enable= && traced.lazy.heapprofd=) from (/system/etc/init/heapprofd.rc:49)
[   57.880886] init: processing action (ro.debuggable=1) from (/system/etc/init/llkd-debuggable.rc:1)
[   57.919517] init: processing action (ro.debuggable=*) from (/system/etc/init/llkd.rc:2)
[   57.947000] init: processing action (persist.device_config.lmkd_native.thrashing_limit_critical=*) from (/system/etc/init/lmkd.rc:47)
[   58.001611] init: processing action (ro.dalvik.vm.isa.arm=x86 && ro.enable.native.bridge.exec=1) from (/system/etc/init/ndk_translation.rc:5)
[   58.063044] init: processing action (ro.dalvik.vm.isa.arm64=x86_64 && ro.enable.native.bridge.exec=1) from (/system/etc/init/ndk_translation.rc:9)
[   58.148022] init: processing action (debug.atrace.user_initiated= && persist.traced.enable=1) from (/system/etc/init/perfetto.rc:47)
[   58.178038] init: starting service 'traced_probes'...
[   58.234359] init: ... started service 'traced_probes' has pid 521
[   58.272318] init: Command 'start traced_probes' action=debug.atrace.user_initiated= && persist.traced.enable=1 (/system/etc/init/perfetto.rc:48) took 94ms and succeeded
[   58.342475] init: processing action (persist.traced.enable=1) from (/system/etc/init/perfetto.rc:50)
[   58.388464] init: starting service 'traced'...
[   58.415241] init: Created socket '/dev/socket/traced_consumer', mode 666, user 0, group 0
[   58.460748] init: Created socket '/dev/socket/traced_producer', mode 666, user 0, group 0
[   58.529540] init: ... started service 'traced' has pid 524
[   58.569119] init: Command 'start traced' action=persist.traced.enable=1 (/system/etc/init/perfetto.rc:68) took 181ms and succeeded
[   58.613882] init: service 'traced_probes' requested start, but it is already running (flags: 132)
[   58.655311] init: processing action (ro.persistent_properties.ready=true) from (/system/etc/init/perfetto.rc:119)
[   58.717589] init: processing action (persist.debug.perfetto.persistent_sysui_tracing_for_bugreport=) from (/system/etc/init/perfetto.rc:178)
[   58.758766] init: processing action (persist.traced_perf.enable= && sys.init.perf_lsm_hooks=1 && traced.lazy.traced_perf=) from (/system/etc/init/traced_perf.rc:43)
[   58.864719] init: processing action (init.svc.ranchu-adb-setup=stopped) from (/system_ext/etc/init/init.system_ext.rc:1)
[   58.913878] init: service 'adbd' requested start, but it is already running (flags: 132)
[   58.943308] init: processing action (apex.all.ready=true) from (/apex/com.google.android.widevine/etc/com.google.android.widevine.rc:1)
[   58.992475] init: processing action (nonencrypted) from (/system/etc/init/hw/init.rc:1219)
[   59.008683] servicemanager: Caller(pid=472,uid=1003,sid=u:r:bootanim:s0) Could not find android.hardware.graphics.allocator.IAllocator/default in the VINTF manifest. No alternative instances declared in VINTF.
[   59.048798] init: starting service 'goldfish-logcat'...
[   59.080685] init: ... started service 'goldfish-logcat' has pid 533
[   59.109669] logd: logdr: UID=1036 GID=0 PID=533 b tail=0 logMask=99 pid=0 start=0ns deadline=0ns
[   59.131155] init: starting service 'bt_vhci_forwarder'...
[   59.197873] init: ... started service 'bt_vhci_forwarder' has pid 535
[   59.231362] init: service 'zygote' requested start, but it is already running (flags: 4)
[   59.267005] init: starting service 'cameraserver'...
[   59.333251] init: ... started service 'cameraserver' has pid 536
[   59.357135] init: service 'drm' requested start, but it is already running (flags: 132)
[   59.390816] init: starting service 'idmap2d'...
[   59.445128] init: ... started service 'idmap2d' has pid 537
[   59.476438] init: starting service 'incidentd'...
[   59.549931] init: ... started service 'incidentd' has pid 538
[   59.581434] init: starting service 'installd'...
[   59.669626] init: ... started service 'installd' has pid 540
[   59.694107] main[363]: memfd_create() called without MFD_EXEC or MFD_NOEXEC_SEAL set
[   59.747328] init: service 'mdnsd' requested start, but it is already running (flags: 134)
[   59.766232] init: starting service 'mediaextractor'...
[   59.956295] init: ... started service 'mediaextractor' has pid 545
[   59.971298] init: starting service 'mediametrics'...
[   60.030941] init: ... started service 'mediametrics' has pid 552
[   60.064996] init: starting service 'media'...
[   60.123844] init: ... started service 'media' has pid 554
[   60.177845] init: service 'netd' requested start, but it is already running (flags: 4)
[   60.235291] init: starting service 'storaged'...
[   60.296100] init: Could not open file '/d/mmc0/mmc0:0001/ext_csd': Failed to open file '/d/mmc0/mmc0:0001/ext_csd': No such file or directory
[   60.479407] init: ... started service 'storaged' has pid 563
[   60.533568] init: starting service 'wificond'...
[   60.690408] init: ... started service 'wificond' has pid 564
[   60.741772] init: starting service 'vendor.ril-daemon'...
[   60.791257] servicemanager: Caller(pid=564,uid=1010,sid=u:r:wificond:s0) Could not find android.hardware.net.nlinterceptor.IInterceptor/default in the VINTF manifest. No alternative instances declared in VINTF.
[   60.879811] init: ... started service 'vendor.ril-daemon' has pid 565
[   60.969815] init: starting service 'media.swcodec'...
[   61.003439] servicemanager: Caller(pid=536,uid=1047,sid=u:r:cameraserver:s0) Found android.frameworks.cameraservice.service.ICameraService/default in framework VINTF manifest.
[   61.124358] init: ... started service 'media.swcodec' has pid 566
[   61.139030] init: service 'statsd' requested start, but it is already running (flags: 4)
[   61.158419] servicemanager: Caller(pid=536,uid=1047,sid=u:r:cameraserver:s0) Found android.frameworks.cameraservice.service.ICameraService/default in framework VINTF manifest.
[   61.223502] init: Command 'class_start main' action=nonencrypted (/system/etc/init/hw/init.rc:1220) took 2175ms and succeeded
[   61.310796] servicemanager: Caller(pid=563,uid=0,sid=u:r:storaged:s0) Found android.hardware.health.IHealth/default in device VINTF manifest.
[   61.367086] init: starting service 'gatekeeperd'...
[   61.469414] init: ... started service 'gatekeeperd' has pid 573
[   61.507589] init: service 'traced' requested start, but it is already running (flags: 132)
[   61.575160] init: service 'traced_probes' requested start, but it is already running (flags: 132)
[   61.643684] init: starting service 'usbd'...
[   61.668097] servicemanager: Caller(pid=573,uid=1000,sid=u:r:gatekeeperd:s0) Could not find android.hardware.gatekeeper.IGatekeeper/default in the VINTF manifest. No alternative instances declared in VINTF.
[   61.733798] init: ... started service 'usbd' has pid 575
[   61.768677] init: Command 'class_start late_start' action=nonencrypted (/system/etc/init/hw/init.rc:1221) took 401ms and succeeded
[   61.821252] init: processing action (load_persist_props_action) from (/system/etc/init/flags_health_check.rc:1)
[   61.923138] init: Verified that /data/server_configurable_flags has the encryption policy 9fc7f0518923576568a89f0158042784 v2 modes 1/4 flags 0x2
[   62.004640] init: Command 'mkdir /data/server_configurable_flags 0775 system system encryption=Require' action=load_persist_props_action (/system/etc/init/flags_health_check.rc:4) took 93ms and succeeded
[   62.083339] servicemanager: Caller(pid=426,uid=1041,sid=u:r:audioserver:s0) Could not find android.hardware.audio.effect.IFactory/default in the VINTF manifest. No alternative instances declared in VINTF.
[   62.145485] init: service 'adbd' requested start, but it is already running (flags: 132)
[   62.200891] servicemanager: Caller(pid=426,uid=1041,sid=u:r:audioserver:s0) Could not find android.hardware.audio.core.IModule/default in the VINTF manifest. No alternative instances declared in VINTF.
[   62.228119] init: Control message: Processed ctl.start for 'adbd' from pid: 575 (/system/bin/usbd)
[   62.284166] init: starting service 'exec 18 (/system/bin/flags_health_check BOOT_FAILURE)'...
[   62.304725] servicemanager: Caller(pid=575,uid=0,sid=u:r:usbd:s0) Could not find android.hardware.usb.gadget.IUsbGadget/default in the VINTF manifest. No alternative instances declared in VINTF.
[   62.391638] init: ... started service 'exec 18 (/system/bin/flags_health_check BOOT_FAILURE)' has pid 578
[   62.485807] init: SVC_EXEC service 'exec 18 (/system/bin/flags_health_check BOOT_FAILURE)' pid 578 (uid 1000 gid 1000+0 context default) started; waiting...
[   62.552255] servicemanager: Caller(pid=566,uid=1046,sid=u:r:mediaswcodec:s0) Found android.hardware.media.c2.IComponentStore/software in framework VINTF manifest.
[   62.592770] init: Command 'exec - system system -- /system/bin/flags_health_check BOOT_FAILURE' action=load_persist_props_action (/system/etc/init/flags_health_check.rc:5) took 308ms and succeeded
[   62.679058] servicemanager: Caller(pid=566,uid=1046,sid=u:r:mediaswcodec:s0) Found android.hardware.media.c2.IComponentStore/software in framework VINTF manifest.
[   62.722913] init: Service 'usbd' (pid 575) exited with status 0 oneshot service took 1.006000 seconds in background
[   62.754512] servicemanager: Caller(pid=426,uid=1041,sid=u:r:audioserver:s0) Found android.system.suspend.ISystemSuspend/default in framework VINTF manifest.
[   62.811657] init: Sending signal 9 to service 'usbd' (pid 575) process group...
[   62.853917] servicemanager: Caller(pid=565,uid=1001,sid=u:r:rild:s0) Found android.hardware.radio.data.IRadioData/slot1 in device VINTF manifest.
[   62.887128] libprocessgroup: Removed cgroup /sys/fs/cgroup/uid_0/pid_575
[   62.915858] init: Service 'exec 18 (/system/bin/flags_health_check BOOT_FAILURE)' (pid 578) exited with status 0 waiting took 0.541000 seconds
[   62.959080] servicemanager: Caller(pid=565,uid=1001,sid=u:r:rild:s0) Found android.system.suspend.ISystemSuspend/default in framework VINTF manifest.
[   63.019430] init: Sending signal 9 to service 'exec 18 (/system/bin/flags_health_check BOOT_FAILURE)' (pid 578) process group...
[   63.073580] servicemanager: Caller(pid=565,uid=1001,sid=u:r:rild:s0) Found android.hardware.radio.data.IRadioData/slot1 in device VINTF manifest.
[   63.168014] servicemanager: Caller(pid=565,uid=1001,sid=u:r:rild:s0) Found android.hardware.radio.messaging.IRadioMessaging/slot1 in device VINTF manifest.
[   63.208310] libprocessgroup: Removed cgroup /sys/fs/cgroup/uid_1000/pid_578
[   63.268504] init: processing action (load_persist_props_action) from (/system/etc/init/logcatd.rc:29)
[   63.303145] servicemanager: Caller(pid=565,uid=1001,sid=u:r:rild:s0) Found android.hardware.radio.messaging.IRadioMessaging/slot1 in device VINTF manifest.
[   63.348726] init: processing action (llk.enable=0) from (/system/etc/init/llkd.rc:12)
[   63.391490] init: processing action (khungtask.enable=1) from (/system/etc/init/llkd.rc:18)
[   63.444438] servicemanager: Caller(pid=565,uid=1001,sid=u:r:rild:s0) Found android.hardware.radio.modem.IRadioModem/slot1 in device VINTF manifest.
[   63.479118] init: processing action (llk.enable=0) from (/system/etc/init/llkd.rc:12)
[   63.521020] init: processing action (khungtask.enable=0) from (/system/etc/init/llkd.rc:21)
[   63.578262] servicemanager: Caller(pid=565,uid=1001,sid=u:r:rild:s0) Found android.hardware.radio.modem.IRadioModem/slot1 in device VINTF manifest.
[   63.623189] init: processing action (init.svc.media=*) from (/system/etc/init/mediaserver.rc:1)
[   63.755830] servicemanager: Caller(pid=565,uid=1001,sid=u:r:rild:s0) Found android.hardware.radio.network.IRadioNetwork/slot1 in device VINTF manifest.
[   63.825607] servicemanager: Caller(pid=565,uid=1001,sid=u:r:rild:s0) Found android.hardware.radio.network.IRadioNetwork/slot1 in device VINTF manifest.
[   63.861993] init: processing action (khungtask.enable=true) from (/system/etc/init/llkd.rc:25)
[   63.931504] init: processing action (khungtask.enable=false) from (/system/etc/init/llkd.rc:31)
[   63.972383] servicemanager: Caller(pid=565,uid=1001,sid=u:r:rild:s0) Found android.hardware.radio.sim.IRadioSim/slot1 in device VINTF manifest.
[   64.032613] servicemanager: Caller(pid=565,uid=1001,sid=u:r:rild:s0) Found android.hardware.radio.sim.IRadioSim/slot1 in device VINTF manifest.
[   64.116336] servicemanager: Caller(pid=565,uid=1001,sid=u:r:rild:s0) Found android.hardware.radio.voice.IRadioVoice/slot1 in device VINTF manifest.
[   64.174959] servicemanager: Caller(pid=565,uid=1001,sid=u:r:rild:s0) Found android.hardware.radio.voice.IRadioVoice/slot1 in device VINTF manifest.
[   64.275840] servicemanager: Caller(pid=565,uid=1001,sid=u:r:rild:s0) Found android.hardware.radio.ims.IRadioIms/slot1 in device VINTF manifest.
[   64.355456] servicemanager: Caller(pid=565,uid=1001,sid=u:r:rild:s0) Found android.hardware.radio.ims.IRadioIms/slot1 in device VINTF manifest.
[   64.406457] servicemanager: Caller(pid=565,uid=1001,sid=u:r:rild:s0) Found android.hardware.radio.ims.media.IImsMedia/default in device VINTF manifest.
[   64.502811] servicemanager: Caller(pid=565,uid=1001,sid=u:r:rild:s0) Found android.hardware.radio.ims.media.IImsMedia/default in device VINTF manifest.
[   64.537073] servicemanager: Caller(pid=565,uid=1001,sid=u:r:rild:s0) Found android.hardware.radio.modem.IRadioModem/slot1 in device VINTF manifest.
[   64.586312] servicemanager: Caller(pid=565,uid=1001,sid=u:r:rild:s0) Found android.hardware.radio.modem.IRadioModem/slot1 in device VINTF manifest.
[   64.650105] servicemanager: Service 'android.hardware.radio.modem.IRadioModem/slot1' originally registered from PID 565 but it is being registered again from PID 565. Bad state? Late death notification? Multiple instances installed?
[   64.782838] BpBinder: onLastStrongRef automatically unlinking death recipients: 
[   64.831657] servicemanager: Caller(pid=565,uid=1001,sid=u:r:rild:s0) Found android.hardware.radio.sim.IRadioSim/slot1 in device VINTF manifest.
[   64.914656] servicemanager: Caller(pid=565,uid=1001,sid=u:r:rild:s0) Found android.hardware.radio.sim.IRadioSim/slot1 in device VINTF manifest.
[   64.977052] servicemanager: Service 'android.hardware.radio.sim.IRadioSim/slot1' originally registered from PID 565 but it is being registered again from PID 565. Bad state? Late death notification? Multiple instances installed?
[   65.080427] BpBinder: onLastStrongRef automatically unlinking death recipients: 
[   65.168123] servicemanager: Caller(pid=565,uid=1001,sid=u:r:rild:s0) Found android.hardware.radio.config.IRadioConfig/default in device VINTF manifest.
[   65.213867] servicemanager: Caller(pid=565,uid=1001,sid=u:r:rild:s0) Could not find android.hardware.radio.sap.ISap/slot1 in the VINTF manifest. No alternative instances declared in VINTF.
[   65.357177] servicemanager: Caller(pid=426,uid=1041,sid=u:r:audioserver:s0) Could not find android.hardware.audio.effect.IFactory/default in the VINTF manifest. No alternative instances declared in VINTF.
[   65.470229] servicemanager: Caller(pid=426,uid=1041,sid=u:r:audioserver:s0) Could not find android.hardware.audio.core.IModule/default in the VINTF manifest. No alternative instances declared in VINTF.
[   65.586492] servicemanager: Caller(pid=426,uid=1041,sid=u:r:audioserver:s0) Since 'activity' could not be found trying to start it as a lazy AIDL service. (if it's not configured to be a lazy service, it may be stuck starting or still starting).
[   65.704224] init: Control message: Could not find 'aidl/activity' for ctl.interface_start from pid: 153 (/system/bin/servicemanager)
[   65.802472] servicemanager: Caller(pid=426,uid=1041,sid=u:r:audioserver:s0) Tried to start aidl service activity as a lazy service, but was unable to. Usually this happens when a service is not installed, but if the service is intended to be used as a lazy service, then it may be configured incorrectly.
[   66.801084] servicemanager: Caller(pid=426,uid=1041,sid=u:r:audioserver:s0) Since 'activity' could not be found trying to start it as a lazy AIDL service. (if it's not configured to be a lazy service, it may be stuck starting or still starting).
[   66.903621] init: Control message: Could not find 'aidl/activity' for ctl.interface_start from pid: 153 (/system/bin/servicemanager)
[   67.069551] servicemanager: Caller(pid=426,uid=1041,sid=u:r:audioserver:s0) Tried to start aidl service activity as a lazy service, but was unable to. Usually this happens when a service is not installed, but if the service is intended to be used as a lazy service, then it may be configured incorrectly.
[   67.971085] servicemanager: Caller(pid=426,uid=1041,sid=u:r:audioserver:s0) Since 'activity' could not be found trying to start it as a lazy AIDL service. (if it's not configured to be a lazy service, it may be stuck starting or still starting).
[   68.092194] init: Control message: Could not find 'aidl/activity' for ctl.interface_start from pid: 153 (/system/bin/servicemanager)
[   68.126937] servicemanager: Caller(pid=426,uid=1041,sid=u:r:audioserver:s0) Tried to start aidl service activity as a lazy service, but was unable to. Usually this happens when a service is not installed, but if the service is intended to be used as a lazy service, then it may be configured incorrectly.
[   69.048094] servicemanager: Caller(pid=426,uid=1041,sid=u:r:audioserver:s0) Since 'activity' could not be found trying to start it as a lazy AIDL service. (if it's not configured to be a lazy service, it may be stuck starting or still starting).
[   69.110058] init: Control message: Could not find 'aidl/activity' for ctl.interface_start from pid: 153 (/system/bin/servicemanager)
[   69.189019] servicemanager: Caller(pid=426,uid=1041,sid=u:r:audioserver:s0) Tried to start aidl service activity as a lazy service, but was unable to. Usually this happens when a service is not installed, but if the service is intended to be used as a lazy service, then it may be configured incorrectly.
[   70.110383] servicemanager: Caller(pid=426,uid=1041,sid=u:r:audioserver:s0) Since 'activity' could not be found trying to start it as a lazy AIDL service. (if it's not configured to be a lazy service, it may be stuck starting or still starting).
[   70.196123] init: Control message: Could not find 'aidl/activity' for ctl.interface_start from pid: 153 (/system/bin/servicemanager)
[   70.295063] servicemanager: Caller(pid=426,uid=1041,sid=u:r:audioserver:s0) Tried to start aidl service activity as a lazy service, but was unable to. Usually this happens when a service is not installed, but if the service is intended to be used as a lazy service, then it may be configured incorrectly.
[   71.210456] servicemanager: Caller(pid=426,uid=1041,sid=u:r:audioserver:s0) Since 'activity' could not be found trying to start it as a lazy AIDL service. (if it's not configured to be a lazy service, it may be stuck starting or still starting).
[   71.305959] init: Control message: Could not find 'aidl/activity' for ctl.interface_start from pid: 153 (/system/bin/servicemanager)
[   71.354379] servicemanager: Caller(pid=426,uid=1041,sid=u:r:audioserver:s0) Tried to start aidl service activity as a lazy service, but was unable to. Usually this happens when a service is not installed, but if the service is intended to be used as a lazy service, then it may be configured incorrectly.
[   72.308231] servicemanager: Caller(pid=426,uid=1041,sid=u:r:audioserver:s0) Since 'activity' could not be found trying to start it as a lazy AIDL service. (if it's not configured to be a lazy service, it may be stuck starting or still starting).
[   72.422461] init: Control message: Could not find 'aidl/activity' for ctl.interface_start from pid: 153 (/system/bin/servicemanager)
[   72.492089] servicemanager: Caller(pid=426,uid=1041,sid=u:r:audioserver:s0) Tried to start aidl service activity as a lazy service, but was unable to. Usually this happens when a service is not installed, but if the service is intended to be used as a lazy service, then it may be configured incorrectly.
[   73.440290] servicemanager: Caller(pid=426,uid=1041,sid=u:r:audioserver:s0) Since 'activity' could not be found trying to start it as a lazy AIDL service. (if it's not configured to be a lazy service, it may be stuck starting or still starting).
[   73.517325] servicemanager: Notifying apexservice they do (previously: don't) have clients when service is guaranteed to be in use
[   73.562606] AidlLazyServiceRegistrar: Process has 1 (of 1 available) client(s) in use after notification apexservice has clients: 1
[   73.574150] init: Control message: Could not find 'aidl/activity' for ctl.interface_start from pid: 153 (/system/bin/servicemanager)
[   73.631973] apexd: getActivePackages received by ApexService
[   73.652696] AidlLazyServiceRegistrar: Shutdown prevented by forcePersist override flag.
[   73.707537] servicemanager: Caller(pid=426,uid=1041,sid=u:r:audioserver:s0) Tried to start aidl service activity as a lazy service, but was unable to. Usually this happens when a service is not installed, but if the service is intended to be used as a lazy service, then it may be configured incorrectly.
[   74.550317] servicemanager: Caller(pid=426,uid=1041,sid=u:r:audioserver:s0) Since 'activity' could not be found trying to start it as a lazy AIDL service. (if it's not configured to be a lazy service, it may be stuck starting or still starting).
[   74.640570] servicemanager: Caller(pid=626,uid=1000,sid=u:r:system_server:s0) Found android.hardware.power.stats.IPowerStats/default in device VINTF manifest.
[   74.656354] init: Control message: Could not find 'aidl/activity' for ctl.interface_start from pid: 153 (/system/bin/servicemanager)
[   74.720663] servicemanager: Caller(pid=426,uid=1041,sid=u:r:audioserver:s0) Tried to start aidl service activity as a lazy service, but was unable to. Usually this happens when a service is not installed, but if the service is intended to be used as a lazy service, then it may be configured incorrectly.
[   74.755953] servicemanager: Caller(pid=626,uid=1000,sid=u:r:system_server:s0) Found android.frameworks.stats.IStats/default in framework VINTF manifest.
[   74.843399] servicemanager: Caller(pid=626,uid=1000,sid=u:r:system_server:s0) Could not find android.hardware.memtrack.IMemtrack/default in the VINTF manifest. No alternative instances declared in VINTF.
[   75.682545] servicemanager: Caller(pid=426,uid=1041,sid=u:r:audioserver:s0) Since 'activity' could not be found trying to start it as a lazy AIDL service. (if it's not configured to be a lazy service, it may be stuck starting or still starting).
[   75.764159] init: Control message: Could not find 'aidl/activity' for ctl.interface_start from pid: 153 (/system/bin/servicemanager)
[   75.822504] servicemanager: Caller(pid=426,uid=1041,sid=u:r:audioserver:s0) Tried to start aidl service activity as a lazy service, but was unable to. Usually this happens when a service is not installed, but if the service is intended to be used as a lazy service, then it may be configured incorrectly.
[   76.686392] servicemanager: Caller(pid=626,uid=1000,sid=u:r:system_server:s0) Found android.system.suspend.ISystemSuspend/default in framework VINTF manifest.
[   76.783370] servicemanager: Caller(pid=626,uid=1000,sid=u:r:system_server:s0) Found android.hardware.power.IPower/default in device VINTF manifest.
[   76.821260] servicemanager: Caller(pid=426,uid=1041,sid=u:r:audioserver:s0) Since 'activity' could not be found trying to start it as a lazy AIDL service. (if it's not configured to be a lazy service, it may be stuck starting or still starting).
[   76.894740] init: Control message: Could not find 'aidl/activity' for ctl.interface_start from pid: 153 (/system/bin/servicemanager)
[   76.939212] servicemanager: Caller(pid=426,uid=1041,sid=u:r:audioserver:s0) Tried to start aidl service activity as a lazy service, but was unable to. Usually this happens when a service is not installed, but if the service is intended to be used as a lazy service, then it may be configured incorrectly.
[   77.042497] servicemanager: Caller(pid=626,uid=1000,sid=u:r:system_server:s0) Found android.hardware.light.ILights/default in device VINTF manifest.
[   77.874863] servicemanager: Caller(pid=426,uid=1041,sid=u:r:audioserver:s0) Since 'activity' could not be found trying to start it as a lazy AIDL service. (if it's not configured to be a lazy service, it may be stuck starting or still starting).
[   78.009579] init: Control message: Could not find 'aidl/activity' for ctl.interface_start from pid: 153 (/system/bin/servicemanager)
[   78.048301] servicemanager: Caller(pid=426,uid=1041,sid=u:r:audioserver:s0) Tried to start aidl service activity as a lazy service, but was unable to. Usually this happens when a service is not installed, but if the service is intended to be used as a lazy service, then it may be configured incorrectly.
[   79.024799] servicemanager: Caller(pid=426,uid=1041,sid=u:r:audioserver:s0) Since 'activity' could not be found trying to start it as a lazy AIDL service. (if it's not configured to be a lazy service, it may be stuck starting or still starting).
[   79.105390] init: Control message: Could not find 'aidl/activity' for ctl.interface_start from pid: 153 (/system/bin/servicemanager)
[   79.180362] servicemanager: Caller(pid=426,uid=1041,sid=u:r:audioserver:s0) Tried to start aidl service activity as a lazy service, but was unable to. Usually this happens when a service is not installed, but if the service is intended to be used as a lazy service, then it may be configured incorrectly.
[   80.165768] servicemanager: Caller(pid=426,uid=1041,sid=u:r:audioserver:s0) Since 'activity' could not be found trying to start it as a lazy AIDL service. (if it's not configured to be a lazy service, it may be stuck starting or still starting).
[   80.236170] init: Control message: Could not find 'aidl/activity' for ctl.interface_start from pid: 153 (/system/bin/servicemanager)
[   80.283440] servicemanager: Caller(pid=426,uid=1041,sid=u:r:audioserver:s0) Tried to start aidl service activity as a lazy service, but was unable to. Usually this happens when a service is not installed, but if the service is intended to be used as a lazy service, then it may be configured incorrectly.
[   81.285152] servicemanager: Caller(pid=426,uid=1041,sid=u:r:audioserver:s0) Since 'activity' could not be found trying to start it as a lazy AIDL service. (if it's not configured to be a lazy service, it may be stuck starting or still starting).
[   81.364257] init: Control message: Could not find 'aidl/activity' for ctl.interface_start from pid: 153 (/system/bin/servicemanager)
[   81.391082] servicemanager: Caller(pid=426,uid=1041,sid=u:r:audioserver:s0) Tried to start aidl service activity as a lazy service, but was unable to. Usually this happens when a service is not installed, but if the service is intended to be used as a lazy service, then it may be configured incorrectly.
[   82.314028] servicemanager: Notifying apexservice they don't (previously: do) have clients when we now have no record of a client
[   82.378484] AidlLazyServiceRegistrar: Process has 0 (of 1 available) client(s) in use after notification apexservice has clients: 0
[   82.431355] servicemanager: Caller(pid=426,uid=1041,sid=u:r:audioserver:s0) Since 'activity' could not be found trying to start it as a lazy AIDL service. (if it's not configured to be a lazy service, it may be stuck starting or still starting).
[   82.448297] AidlLazyServiceRegistrar: Shutdown prevented by forcePersist override flag.
[   82.590408] init: Control message: Could not find 'aidl/activity' for ctl.interface_start from pid: 153 (/system/bin/servicemanager)
[   82.682201] servicemanager: Caller(pid=426,uid=1041,sid=u:r:audioserver:s0) Tried to start aidl service activity as a lazy service, but was unable to. Usually this happens when a service is not installed, but if the service is intended to be used as a lazy service, then it may be configured incorrectly.
[   83.127538] servicemanager: Notifying apexservice they do (previously: don't) have clients when service is guaranteed to be in use
[   83.155066] AidlLazyServiceRegistrar: Process has 1 (of 1 available) client(s) in use after notification apexservice has clients: 1
[   83.214643] apexd: getAllPackages received by ApexService
[   83.226454] AidlLazyServiceRegistrar: Shutdown prevented by forcePersist override flag.
[   83.591752] servicemanager: Caller(pid=426,uid=1041,sid=u:r:audioserver:s0) Since 'activity' could not be found trying to start it as a lazy AIDL service. (if it's not configured to be a lazy service, it may be stuck starting or still starting).
[   83.632401] init: Control message: Could not find 'aidl/activity' for ctl.interface_start from pid: 153 (/system/bin/servicemanager)
[   83.699905] servicemanager: Caller(pid=426,uid=1041,sid=u:r:audioserver:s0) Tried to start aidl service activity as a lazy service, but was unable to. Usually this happens when a service is not installed, but if the service is intended to be used as a lazy service, then it may be configured incorrectly.
[   84.651444] servicemanager: Caller(pid=426,uid=1041,sid=u:r:audioserver:s0) Since 'activity' could not be found trying to start it as a lazy AIDL service. (if it's not configured to be a lazy service, it may be stuck starting or still starting).
[   84.707875] init: Control message: Could not find 'aidl/activity' for ctl.interface_start from pid: 153 (/system/bin/servicemanager)
[   84.758854] servicemanager: Caller(pid=426,uid=1041,sid=u:r:audioserver:s0) Tried to start aidl service activity as a lazy service, but was unable to. Usually this happens when a service is not installed, but if the service is intended to be used as a lazy service, then it may be configured incorrectly.
[   85.721370] servicemanager: Caller(pid=426,uid=1041,sid=u:r:audioserver:s0) Since 'activity' could not be found trying to start it as a lazy AIDL service. (if it's not configured to be a lazy service, it may be stuck starting or still starting).
[   85.776287] init: Control message: Could not find 'aidl/activity' for ctl.interface_start from pid: 153 (/system/bin/servicemanager)
[   85.819117] servicemanager: Caller(pid=426,uid=1041,sid=u:r:audioserver:s0) Tried to start aidl service activity as a lazy service, but was unable to. Usually this happens when a service is not installed, but if the service is intended to be used as a lazy service, then it may be configured incorrectly.
[   86.776548] servicemanager: Caller(pid=426,uid=1041,sid=u:r:audioserver:s0) Since 'activity' could not be found trying to start it as a lazy AIDL service. (if it's not configured to be a lazy service, it may be stuck starting or still starting).
[   86.862334] init: Control message: Could not find 'aidl/activity' for ctl.interface_start from pid: 153 (/system/bin/servicemanager)
[   86.887991] servicemanager: Caller(pid=426,uid=1041,sid=u:r:audioserver:s0) Tried to start aidl service activity as a lazy service, but was unable to. Usually this happens when a service is not installed, but if the service is intended to be used as a lazy service, then it may be configured incorrectly.
[   87.102785] BpBinder: onLastStrongRef automatically unlinking death recipients: 
[   87.143521] servicemanager: Caller(pid=426,uid=1041,sid=u:r:audioserver:s0) Since 'sensor_privacy' could not be found trying to start it as a lazy AIDL service. (if it's not configured to be a lazy service, it may be stuck starting or still starting).
[   87.229950] init: Control message: Could not find 'aidl/sensor_privacy' for ctl.interface_start from pid: 153 (/system/bin/servicemanager)
[   87.285100] servicemanager: Caller(pid=426,uid=1041,sid=u:r:audioserver:s0) Tried to start aidl service sensor_privacy as a lazy service, but was unable to. Usually this happens when a service is not installed, but if the service is intended to be used as a lazy service, then it may be configured incorrectly.
[   87.351254] servicemanager: Notifying apexservice they don't (previously: do) have clients when we now have no record of a client
[   87.380387] AidlLazyServiceRegistrar: Process has 0 (of 1 available) client(s) in use after notification apexservice has clients: 0
[   87.420596] AidlLazyServiceRegistrar: Shutdown prevented by forcePersist override flag.
[   87.541159] init: service 'idmap2d' requested start, but it is already running (flags: 4)
[   87.569209] init: Control message: Processed ctl.start for 'idmap2d' from pid: 626 (system_server)
[   88.214631] servicemanager: Caller(pid=426,uid=1041,sid=u:r:audioserver:s0) Since 'sensor_privacy' could not be found trying to start it as a lazy AIDL service. (if it's not configured to be a lazy service, it may be stuck starting or still starting).
[   88.274336] init: Control message: Could not find 'aidl/sensor_privacy' for ctl.interface_start from pid: 153 (/system/bin/servicemanager)
[   88.338317] servicemanager: Caller(pid=426,uid=1041,sid=u:r:audioserver:s0) Tried to start aidl service sensor_privacy as a lazy service, but was unable to. Usually this happens when a service is not installed, but if the service is intended to be used as a lazy service, then it may be configured incorrectly.
[   88.917742] servicemanager: Caller(pid=626,uid=1000,sid=u:r:system_server:s0) Found android.hardware.sensors.ISensors/default in device VINTF manifest.
[   88.976521] BpBinder: onLastStrongRef automatically unlinking death recipients: 
[   89.046371] servicemanager: Caller(pid=626,uid=1000,sid=u:r:system_server:s0) Found android.hardware.health.IHealth/default in device VINTF manifest.
[   89.182640] healthd: battery l=100 v=5000 t=25.0 h=2 st=4 c=900000 fc=3000000 cc=10 chg=
[   89.348242] healthd: battery l=100 v=5000 t=25.0 h=2 st=4 c=900000 fc=3000000 cc=10 chg=
[   90.295635] servicemanager: Caller(pid=626,uid=1000,sid=u:r:system_server:s0) Found android.hardware.power.IPower/default in device VINTF manifest.
[   90.366774] servicemanager: Caller(pid=626,uid=1000,sid=u:r:system_server:s0) Found android.hardware.vibrator.IVibratorManager/default in device VINTF manifest.
[   90.465907] servicemanager: Caller(pid=626,uid=1000,sid=u:r:system_server:s0) Found android.frameworks.vibrator.IVibratorControlService/default in framework VINTF manifest.
[   90.529266] servicemanager: Caller(pid=626,uid=1000,sid=u:r:system_server:s0) Found android.frameworks.vibrator.IVibratorControlService/default in framework VINTF manifest.
[   91.130878] servicemanager: Caller(pid=626,uid=1000,sid=u:r:system_server:s0) Found android.frameworks.sensorservice.ISensorManager/default in framework VINTF manifest.
[   91.576329] init: processing action (sys.sysctl.extra_free_kbytes=*) from (/system/etc/init/hw/init.rc:1238)
[   91.716910] init: starting service 'exec 19 (/system/bin/extra_free_kbytes.sh 30375)'...
[   91.810267] init: ... started service 'exec 19 (/system/bin/extra_free_kbytes.sh 30375)' has pid 816
[   91.860213] init: SVC_EXEC service 'exec 19 (/system/bin/extra_free_kbytes.sh 30375)' pid 816 (uid 0 gid 0+0 context default) started; waiting...
[   91.925747] init: Command 'exec -- /system/bin/extra_free_kbytes.sh ${sys.sysctl.extra_free_kbytes}' action=sys.sysctl.extra_free_kbytes=* (/system/etc/init/hw/init.rc:1239) took 209ms and succeeded
[   92.228580] servicemanager: Caller(pid=167,uid=0,sid=u:r:vold:s0) Found android.system.suspend.ISystemSuspend/default in framework VINTF manifest.
[   92.395117] init: Service 'exec 19 (/system/bin/extra_free_kbytes.sh 30375)' (pid 816) exited with status 0 waiting took 0.612000 seconds
[   92.431960] init: Sending signal 9 to service 'exec 19 (/system/bin/extra_free_kbytes.sh 30375)' (pid 816) process group...
[   92.508031] libprocessgroup: Removed cgroup /sys/fs/cgroup/uid_0/pid_816
[   92.531550] servicemanager: Caller(pid=626,uid=1000,sid=u:r:system_server:s0) Could not find android.hardware.oemlock.IOemLock/default in the VINTF manifest. No alternative instances declared in VINTF.
[   93.796420] servicemanager: Caller(pid=626,uid=1000,sid=u:r:system_server:s0) Found android.hardware.wifi.IWifi/default in device VINTF manifest.
[   93.930247] servicemanager: Caller(pid=626,uid=1000,sid=u:r:system_server:s0) Found android.hardware.wifi.supplicant.ISupplicant/default in device VINTF manifest.
[   94.017860] servicemanager: Caller(pid=626,uid=1000,sid=u:r:system_server:s0) Found android.hardware.wifi.supplicant.ISupplicant/default in device VINTF manifest.
[   95.499801] servicemanager: Caller(pid=626,uid=1000,sid=u:r:system_server:s0) Found android.frameworks.location.altitude.IAltitudeService/default in framework VINTF manifest.
[   96.184662] servicemanager: Caller(pid=626,uid=1000,sid=u:r:system_server:s0) Could not find android.hardware.soundtrigger3.ISoundTriggerHw/default in the VINTF manifest. No alternative instances declared in VINTF.
[   96.534510] servicemanager: Caller(pid=626,uid=1000,sid=u:r:system_server:s0) Could not find android.hardware.thermal.IThermal/default in the VINTF manifest. No alternative instances declared in VINTF.
[   96.588900] servicemanager: Caller(pid=626,uid=1000,sid=u:r:system_server:s0) Could not find android.hardware.usb.gadget.IUsbGadget/default in the VINTF manifest. No alternative instances declared in VINTF.
[   96.820920] servicemanager: Caller(pid=626,uid=1000,sid=u:r:system_server:s0) Found android.hardware.usb.IUsb/default in device VINTF manifest.
[   98.828432] servicemanager: Caller(pid=626,uid=1000,sid=u:r:system_server:s0) Found android.hardware.biometrics.face.IFace/virtual in device VINTF manifest.
[   98.865021] init: Sending signal 9 to service 'idmap2d' (pid 537) process group...
[   98.910730] libprocessgroup: Removed cgroup /sys/fs/cgroup/uid_1000/pid_537
[   98.939590] servicemanager: Caller(pid=626,uid=1000,sid=u:r:system_server:s0) Since 'android.hardware.biometrics.face.IFace/virtual' could not be found trying to start it as a lazy AIDL service. (if it's not configured to be a lazy service, it may be stuck starting or still starting).
[   98.954626] init: Control message: Processed ctl.stop for 'idmap2d' from pid: 626 (system_server)
[   99.016886] servicemanager: Caller(pid=626,uid=1000,sid=u:r:system_server:s0) Found android.hardware.biometrics.fingerprint.IFingerprint/default in device VINTF manifest.
[   99.054221] init: Service 'idmap2d' (pid 537) received signal 9
[   99.077281] init: Sending signal 9 to service 'idmap2d' (pid 537) process group...
[   99.142783] libprocessgroup: Failed to write 1 to /sys/fs/cgroup/uid_1000/pid_537/cgroup.kill: No such file or directory
[   99.187352] servicemanager: Caller(pid=626,uid=1000,sid=u:r:system_server:s0) Since 'android.hardware.biometrics.fingerprint.IFingerprint/default' could not be found trying to start it as a lazy AIDL service. (if it's not configured to be a lazy service, it may be stuck starting or still starting).
[   99.220625] libprocessgroup: Failed to open /sys/fs/cgroup/uid_1000/pid_537/cgroup.procs: No such file or directory
[   99.274890] init: starting service 'vendor.face-example'...
[   99.389089] init: ... started service 'vendor.face-example' has pid 906
[   99.455363] init: Control message: Processed ctl.interface_start for 'aidl/android.hardware.biometrics.face.IFace/virtual' from pid: 153 (/system/bin/servicemanager)
[   99.514514] init: starting service 'vendor.biometrics.fingerprint-service.ranchu'...
[   99.565312] servicemanager: Caller(pid=906,uid=9999,sid=u:r:hal_face_default:s0) Found android.hardware.biometrics.face.IFace/virtual in device VINTF manifest.
[   99.617062] servicemanager: Notifying android.hardware.biometrics.face.IFace/virtual they do (previously: don't) have clients when service is guaranteed to be in use
[   99.666906] BpBinder: onLastStrongRef automatically unlinking death recipients: 
[   99.721927] init: ... started service 'vendor.biometrics.fingerprint-service.ranchu' has pid 908
[   99.745162] init: Control message: Processed ctl.interface_start for 'aidl/android.hardware.biometrics.fingerprint.IFingerprint/default' from pid: 153 (/system/bin/servicemanager)
[   99.845302] servicemanager: Caller(pid=908,uid=1000,sid=u:r:hal_fingerprint_default:s0) Found android.hardware.biometrics.fingerprint.IFingerprint/default in device VINTF manifest.
[   99.907238] servicemanager: Notifying android.hardware.biometrics.fingerprint.IFingerprint/default they do (previously: don't) have clients when service is guaranteed to be in use
[   99.978073] BpBinder: onLastStrongRef automatically unlinking death recipients: 
[  100.025925] servicemanager: Caller(pid=626,uid=1000,sid=u:r:system_server:s0) Found android.hardware.biometrics.face.IFace/virtual in device VINTF manifest.
[  100.150559] servicemanager: Caller(pid=626,uid=1000,sid=u:r:system_server:s0) Found android.hardware.biometrics.fingerprint.IFingerprint/default in device VINTF manifest.
[  100.475716] servicemanager: Caller(pid=626,uid=1000,sid=u:r:system_server:s0) Found android.hardware.authsecret.IAuthSecret/default in device VINTF manifest.
[  101.175748] healthd: battery l=100 v=5000 t=25.0 h=2 st=4 c=900000 fc=3000000 cc=10 chg=
[  101.563750] servicemanager: Caller(pid=626,uid=1000,sid=u:r:system_server:s0) Found android.hardware.wifi.IWifi/default in device VINTF manifest.
[  101.629497] servicemanager: Caller(pid=626,uid=1000,sid=u:r:system_server:s0) Found android.hardware.health.IHealth/default in device VINTF manifest.
[  101.781442] servicemanager: Caller(pid=626,uid=1000,sid=u:r:system_server:s0) Found android.hardware.wifi.IWifi/default in device VINTF manifest.
[  101.898773] servicemanager: Notifying apexservice they do (previously: don't) have clients when service is guaranteed to be in use
[  101.926720] AidlLazyServiceRegistrar: Process has 1 (of 1 available) client(s) in use after notification apexservice has clients: 1
[  101.926767] servicemanager: Caller(pid=626,uid=1000,sid=u:r:system_server:s0) Found android.hardware.wifi.IWifi/default in device VINTF manifest.
[  101.945207] AidlLazyServiceRegistrar: Shutdown prevented by forcePersist override flag.
[  101.982642] apexd: getSessions() received by ApexService
[  102.310817] servicemanager: Caller(pid=626,uid=1000,sid=u:r:system_server:s0) Found android.hardware.wifi.IWifi/default in device VINTF manifest.
[  102.477457] servicemanager: Caller(pid=626,uid=1000,sid=u:r:system_server:s0) Found android.hardware.wifi.IWifi/default in device VINTF manifest.
[  102.522262] servicemanager: Caller(pid=626,uid=1000,sid=u:r:system_server:s0) Found android.hardware.wifi.supplicant.ISupplicant/default in device VINTF manifest.
[  102.571148] servicemanager: Caller(pid=626,uid=1000,sid=u:r:system_server:s0) Found android.hardware.wifi.supplicant.ISupplicant/default in device VINTF manifest.
[  102.629131] servicemanager: Caller(pid=626,uid=1000,sid=u:r:system_server:s0) Since 'android.hardware.wifi.supplicant.ISupplicant/default' could not be found trying to start it as a lazy AIDL service. (if it's not configured to be a lazy service, it may be stuck starting or still starting).
[  102.745402] init: starting service 'wpa_supplicant'...
[  102.772974] init: Created socket '/dev/socket/wpa_wlan0', mode 660, user 1010, group 1010
[  102.928422] init: ... started service 'wpa_supplicant' has pid 944
[  102.994508] init: Control message: Processed ctl.interface_start for 'aidl/android.hardware.wifi.supplicant.ISupplicant/default' from pid: 153 (/system/bin/servicemanager)
[  103.211831] capability: warning: `wpa_supplicant' uses 32-bit capabilities (legacy support in use)
[  103.268370] servicemanager: Caller(pid=626,uid=1000,sid=u:r:system_server:s0) Could not find android.hardware.thermal.IThermal/default in the VINTF manifest. No alternative instances declared in VINTF.
[  103.354852] servicemanager: Caller(pid=944,uid=1010,sid=u:r:hal_wifi_supplicant_default:s0) Found android.hardware.wifi.supplicant.ISupplicant/default in device VINTF manifest.
[  103.475586] BpBinder: onLastStrongRef automatically unlinking death recipients: 
[  103.645572] servicemanager: Caller(pid=626,uid=1000,sid=u:r:system_server:s0) Found android.hardware.wifi.IWifi/default in device VINTF manifest.
[  104.478427] servicemanager: Caller(pid=566,uid=1046,sid=u:r:mediaswcodec:s0) Could not find android.hardware.graphics.allocator.IAllocator/default in the VINTF manifest. No alternative instances declared in VINTF.
[  106.371892] servicemanager: Caller(pid=626,uid=1000,sid=u:r:system_server:s0) Found android.hardware.gnss.IGnss/default in device VINTF manifest.
[  106.426861] servicemanager: Caller(pid=626,uid=1000,sid=u:r:system_server:s0) Since 'android.hardware.gnss.IGnss/default' could not be found trying to start it as a lazy AIDL service. (if it's not configured to be a lazy service, it may be stuck starting or still starting).
[  106.496378] init: starting service 'vendor.gnss.ranchu'...
[  106.634309] init: ... started service 'vendor.gnss.ranchu' has pid 1021
[  106.685721] init: Control message: Processed ctl.interface_start for 'aidl/android.hardware.gnss.IGnss/default' from pid: 153 (/system/bin/servicemanager)
[  106.806115] servicemanager: Caller(pid=1021,uid=1021,sid=u:r:hal_gnss_default:s0) Found android.hardware.gnss.IGnss/default in device VINTF manifest.
[  106.897043] servicemanager: Notifying android.hardware.gnss.IGnss/default they do (previously: don't) have clients when service is guaranteed to be in use
[  106.942858] BpBinder: onLastStrongRef automatically unlinking death recipients: 
[  107.964635] servicemanager: Caller(pid=626,uid=1000,sid=u:r:system_server:s0) Could not find android.hardware.input.processor.IInputProcessor/default in the VINTF manifest. No alternative instances declared in VINTF.
[  112.313805] servicemanager: Notifying apexservice they don't (previously: do) have clients when we now have no record of a client
[  112.352521] AidlLazyServiceRegistrar: Process has 0 (of 1 available) client(s) in use after notification apexservice has clients: 0
[  112.384610] AidlLazyServiceRegistrar: Shutdown prevented by forcePersist override flag.
[  113.068421] servicemanager: Caller(pid=1098,uid=1068,sid=u:r:secure_element:s0:c44,c260,c512,c768) Could not find android.hardware.secure_element.ISecureElement/eSE1 in the VINTF manifest. No alternative instances declared in VINTF.
[  113.193325] servicemanager: Caller(pid=1098,uid=1068,sid=u:r:secure_element:s0:c44,c260,c512,c768) Could not find android.hardware.secure_element.ISecureElement/SIM1 in the VINTF manifest. No alternative instances declared in VINTF.
[  113.866696] type=1400 audit(1790705340.032:6): avc:  granted  { read } for  comm="rkstack.process" name="psched" dev="proc" ino=4026532021 scontext=u:r:network_stack:s0 tcontext=u:object_r:proc_net:s0 tclass=file
[  113.922288] type=1400 audit(1790705340.080:7): avc:  granted  { read open } for  comm="rkstack.process" path="/proc/1039/net/psched" dev="proc" ino=4026532021 scontext=u:r:network_stack:s0 tcontext=u:object_r:proc_net:s0 tclass=file
[  114.000474] type=1400 audit(1790705340.080:8): avc:  granted  { getattr } for  comm="rkstack.process" path="/proc/1039/net/psched" dev="proc" ino=4026532021 scontext=u:r:network_stack:s0 tcontext=u:object_r:proc_net:s0 tclass=file
[  114.399091] servicemanager: Caller(pid=626,uid=1000,sid=u:r:system_server:s0) Could not find android.hardware.input.processor.IInputProcessor/default in the VINTF manifest. No alternative instances declared in VINTF.
[  115.641237] servicemanager: Caller(pid=1137,uid=1000,sid=u:r:system_app:s0) Could not find android.hardware.graphics.allocator.IAllocator/default in the VINTF manifest. No alternative instances declared in VINTF.
[  117.622605] servicemanager: Caller(pid=1071,uid=1002,sid=u:r:bluetooth:s0) Found android.hardware.bluetooth.IBluetoothHci/default in device VINTF manifest.
[  118.546845] servicemanager: Caller(pid=1071,uid=1002,sid=u:r:bluetooth:s0) Could not find android.hardware.bluetooth.ranging.IBluetoothChannelSounding/default in the VINTF manifest. No alternative instances declared in VINTF.
[  118.669942] servicemanager: Caller(pid=1071,uid=1002,sid=u:r:bluetooth:s0) Could not find android.hardware.bluetooth.ranging.IBluetoothChannelSounding/default in the VINTF manifest. No alternative instances declared in VINTF.
[  118.983822] servicemanager: Caller(pid=1136,uid=1001,sid=u:r:radio:s0) Found android.hardware.radio.data.IRadioData/slot1 in device VINTF manifest.
[  119.114767] servicemanager: Caller(pid=1136,uid=1001,sid=u:r:radio:s0) Found android.hardware.radio.data.IRadioData/slot1 in device VINTF manifest.
[  119.184188] servicemanager: Caller(pid=1136,uid=1001,sid=u:r:radio:s0) Found android.hardware.radio.messaging.IRadioMessaging/slot1 in device VINTF manifest.
[  119.354862] servicemanager: Caller(pid=1136,uid=1001,sid=u:r:radio:s0) Found android.hardware.radio.modem.IRadioModem/slot1 in device VINTF manifest.
[  119.413365] servicemanager: Caller(pid=1136,uid=1001,sid=u:r:radio:s0) Found android.hardware.radio.network.IRadioNetwork/slot1 in device VINTF manifest.
[  119.468226] servicemanager: Caller(pid=1136,uid=1001,sid=u:r:radio:s0) Found android.hardware.radio.sim.IRadioSim/slot1 in device VINTF manifest.
[  119.540066] servicemanager: Caller(pid=1136,uid=1001,sid=u:r:radio:s0) Found android.hardware.radio.voice.IRadioVoice/slot1 in device VINTF manifest.
[  119.615618] servicemanager: Caller(pid=1136,uid=1001,sid=u:r:radio:s0) Found android.hardware.radio.ims.IRadioIms/slot1 in device VINTF manifest.
[  119.773936] servicemanager: Caller(pid=1136,uid=1001,sid=u:r:radio:s0) Found android.hardware.radio.modem.IRadioModem/slot1 in device VINTF manifest.
[  120.000339] servicemanager: Caller(pid=1136,uid=1001,sid=u:r:radio:s0) Found android.hardware.radio.messaging.IRadioMessaging/slot1 in device VINTF manifest.
[  120.075144] servicemanager: Caller(pid=1136,uid=1001,sid=u:r:radio:s0) Found android.hardware.radio.data.IRadioData/slot1 in device VINTF manifest.
[  120.126237] servicemanager: Caller(pid=957,uid=10181,sid=u:r:platform_app:s0:c512,c768) Could not find android.hardware.graphics.allocator.IAllocator/default in the VINTF manifest. No alternative instances declared in VINTF.
[  120.175510] servicemanager: Caller(pid=1136,uid=1001,sid=u:r:radio:s0) Found android.hardware.radio.voice.IRadioVoice/slot1 in device VINTF manifest.
[  120.236923] servicemanager: Caller(pid=1136,uid=1001,sid=u:r:radio:s0) Found android.hardware.radio.sim.IRadioSim/slot1 in device VINTF manifest.
[  120.310408] servicemanager: Caller(pid=1136,uid=1001,sid=u:r:radio:s0) Found android.hardware.radio.ims.IRadioIms/slot1 in device VINTF manifest.
[  120.421952] servicemanager: Caller(pid=1136,uid=1001,sid=u:r:radio:s0) Found android.hardware.radio.data.IRadioData/slot1 in device VINTF manifest.
[  120.536268] servicemanager: Caller(pid=1136,uid=1001,sid=u:r:radio:s0) Found android.hardware.radio.data.IRadioData/slot1 in device VINTF manifest.
[  120.677102] servicemanager: Caller(pid=1136,uid=1001,sid=u:r:radio:s0) Found android.hardware.radio.messaging.IRadioMessaging/slot1 in device VINTF manifest.
[  120.771232] servicemanager: Caller(pid=1136,uid=1001,sid=u:r:radio:s0) Found android.hardware.radio.messaging.IRadioMessaging/slot1 in device VINTF manifest.
[  120.814764] servicemanager: Caller(pid=1136,uid=1001,sid=u:r:radio:s0) Found android.hardware.radio.modem.IRadioModem/slot1 in device VINTF manifest.
[  120.989418] servicemanager: Caller(pid=1136,uid=1001,sid=u:r:radio:s0) Found android.hardware.radio.network.IRadioNetwork/slot1 in device VINTF manifest.
[  121.102303] servicemanager: Caller(pid=1136,uid=1001,sid=u:r:radio:s0) Found android.hardware.radio.network.IRadioNetwork/slot1 in device VINTF manifest.
[  121.225558] init: Service 'bootanim' (pid 472) exited with status 0 oneshot service took 64.559998 seconds in background
[  121.252088] init: Sending signal 9 to service 'bootanim' (pid 472) process group...
[  121.274510] libprocessgroup: Removed cgroup /sys/fs/cgroup/uid_1003/pid_472
[  121.326337] servicemanager: Caller(pid=434,uid=1000,sid=u:r:surfaceflinger:s0) Found android.hardware.power.IPower/default in device VINTF manifest.
[  121.395694] servicemanager: Caller(pid=1136,uid=1001,sid=u:r:radio:s0) Found android.hardware.radio.sim.IRadioSim/slot1 in device VINTF manifest.
[  121.431614] servicemanager: Caller(pid=1136,uid=1001,sid=u:r:radio:s0) Found android.hardware.radio.voice.IRadioVoice/slot1 in device VINTF manifest.
[  121.629077] servicemanager: Caller(pid=1136,uid=1001,sid=u:r:radio:s0) Found android.hardware.radio.voice.IRadioVoice/slot1 in device VINTF manifest.
[  121.838684] servicemanager: Caller(pid=1136,uid=1001,sid=u:r:radio:s0) Found android.hardware.radio.ims.IRadioIms/slot1 in device VINTF manifest.
[  121.954268] servicemanager: Caller(pid=1136,uid=1001,sid=u:r:radio:s0) Found android.hardware.radio.ims.IRadioIms/slot1 in device VINTF manifest.
[  122.032229] servicemanager: Caller(pid=1136,uid=1001,sid=u:r:radio:s0) Found android.hardware.radio.ims.IRadioIms/slot1 in device VINTF manifest.
[  122.339499] servicemanager: Caller(pid=1136,uid=1001,sid=u:r:radio:s0) Found android.hardware.radio.config.IRadioConfig/default in device VINTF manifest.
[  122.706603] servicemanager: Notifying apexservice they do (previously: don't) have clients when service is guaranteed to be in use
[  122.748598] apexd: markBootCompleted() received by ApexService
[  122.760223] AidlLazyServiceRegistrar: Process has 1 (of 1 available) client(s) in use after notification apexservice has clients: 1
[  122.840537] AidlLazyServiceRegistrar: Shutdown prevented by forcePersist override flag.
[  122.913278] servicemanager: Caller(pid=1071,uid=1002,sid=u:r:bluetooth:s0) Found android.hardware.bluetooth.audio.IBluetoothAudioProviderFactory/default in device VINTF manifest.
[  122.953585] servicemanager: Caller(pid=1071,uid=1002,sid=u:r:bluetooth:s0) Found android.hardware.bluetooth.audio.IBluetoothAudioProviderFactory/default in device VINTF manifest.
[  123.373940] init: processing action (sys.boot_completed=1) from (/system/etc/init/hw/init.rc:1229)
[  123.437568] init: starting service 'exec 20 (/bin/rm -rf /data/per_boot)'...
[  123.532098] init: ... started service 'exec 20 (/bin/rm -rf /data/per_boot)' has pid 1345
[  123.613117] init: SVC_EXEC service 'exec 20 (/bin/rm -rf /data/per_boot)' pid 1345 (uid 1000 gid 1000+0 context default) started; waiting...
[  123.676165] init: Command 'exec - system system -- /bin/rm -rf /data/per_boot' action=sys.boot_completed=1 (/system/etc/init/hw/init.rc:1232) took 240ms and succeeded
[  123.740317] init: Service 'exec 20 (/bin/rm -rf /data/per_boot)' (pid 1345) exited with status 0 waiting took 0.238000 seconds
[  123.779401] init: Sending signal 9 to service 'exec 20 (/bin/rm -rf /data/per_boot)' (pid 1345) process group...
[  123.849857] libprocessgroup: Removed cgroup /sys/fs/cgroup/uid_1000/pid_1345
[  123.909025] init: Encryption policy of /data/per_boot set to 6d3d3ef984fbe2e09896dcf5b491b48d v2 modes 1/4 flags 0x2
[  123.954529] init: processing action (sys.boot_completed=1) from (/vendor/etc/init/hw/init.ranchu.rc:200)
[  123.994322] init: processing action (sys.boot_completed=1 && sys.bootstat.first_boot_completed=0) from (/system/etc/init/bootstat.rc:67)
[  124.046318] init: starting service 'exec 21 (/system/bin/bootstat --record_boot_complete --record_boot_reason --record_time_since_factory_reset -l)'...
[  124.086690] selinux: SELinux: Skipping restorecon on directory(/data/system_ce/0)
[  124.107672] selinux: SELinux: Skipping restorecon on directory(/data/vendor_ce/0)
[  124.135073] selinux: SELinux: Skipping restorecon on directory(/data/misc_ce/0)
[  124.223395] init: ... started service 'exec 21 (/system/bin/bootstat --record_boot_complete --record_boot_reason --record_time_since_factory_reset -l)' has pid 1364
[  124.309248] init: Command 'exec_background - system log -- /system/bin/bootstat --record_boot_complete --record_boot_reason --record_time_since_factory_reset -l' action=sys.boot_completed=1 && sys.bootstat.first_boot_completed=0 (/system/etc/init/bootstat.rc:72) took 263ms and succeeded
[  124.419425] init: Service 'exec 21 (/system/bin/bootstat --record_boot_complete --record_boot_reason --record_time_since_factory_reset -l)' (pid 1364) exited with status 0 oneshot service took 0.259000 seconds in background
[  124.503588] logd: logdr: UID=2000 GID=2000 PID=1370 b tail=0 logMask=99 pid=0 start=0ns deadline=0ns
[  124.549964] init: Sending signal 9 to service 'exec 21 (/system/bin/bootstat --record_boot_complete --record_boot_reason --record_time_since_factory_reset -l)' (pid 1364) process group...
[  124.589019] libprocessgroup: Removed cgroup /sys/fs/cgroup/uid_1000/pid_1364
[  124.661612] init: processing action (sys.boot_completed=1) from (/system/etc/init/dmesgd.rc:4)
[  124.716762] init: processing action (sys.boot_completed=1) from (/system/etc/init/flags_health_check.rc:7)
[  124.903206] init: Command 'setprop persist.device_config.attempted_boot_count 0' action=sys.boot_completed=1 (/system/etc/init/flags_health_check.rc:8) took 66ms and succeeded
[  124.963706] init: processing action (persist.dbg.keep_debugfs_mounted= && ro.product.debugfs_restrictions.enabled=true && sys.boot_completed=1) from (/system/etc/init/init-debug.rc:15)
[  125.086549] init: processing action (sys.boot_completed=1) from (/system/etc/init/lmkd.rc:13)
[  125.126231] init: starting service 'exec 22 (/system/bin/lmkd --boot_completed)'...
[  125.197247] init: ... started service 'exec 22 (/system/bin/lmkd --boot_completed)' has pid 1375
[  125.308290] init: Command 'exec_background /system/bin/lmkd --boot_completed' action=sys.boot_completed=1 (/system/etc/init/lmkd.rc:14) took 182ms and succeeded
[  125.360822] init: Service 'exec 22 (/system/bin/lmkd --boot_completed)' (pid 1375) exited with status 0 oneshot service took 0.199000 seconds in background
[  125.471986] init: Sending signal 9 to service 'exec 22 (/system/bin/lmkd --boot_completed)' (pid 1375) process group...
[  125.595835] libprocessgroup: Removed cgroup /sys/fs/cgroup/uid_0/pid_1375
[  125.657351] init: processing action (lmkd.reinit=0 && sys.boot_completed=1) from (/system/etc/init/lmkd.rc:17)
[  125.720572] init: processing action (sys.boot_completed=1) from (/system/etc/init/logd.rc:34)
[  125.810956] init: starting service 'logd-auditctl'...
[  125.825880] servicemanager: Caller(pid=1071,uid=1002,sid=u:r:bluetooth:s0) Found android.hardware.bluetooth.audio.IBluetoothAudioProviderFactory/default in device VINTF manifest.
[  125.868173] servicemanager: Caller(pid=1071,uid=1002,sid=u:r:bluetooth:s0) Found android.hardware.bluetooth.audio.IBluetoothAudioProviderFactory/default in device VINTF manifest.
[  126.000534] init: ... started service 'logd-auditctl' has pid 1378
[  126.084220] init: Command 'start logd-auditctl' action=sys.boot_completed=1 (/system/etc/init/logd.rc:35) took 273ms and succeeded
[  126.160449] init: Service 'logd-auditctl' (pid 1378) exited with status 0 oneshot service took 0.212000 seconds in background
[  126.213019] init: Sending signal 9 to service 'logd-auditctl' (pid 1378) process group...
[  126.306200] libprocessgroup: Removed cgroup /sys/fs/cgroup/uid_1036/pid_1378
[  126.458332] init: processing action (sys.boot_completed=1 && sys.wifitracing.started=0) from (/system/etc/init/wifi.rc:28)
[  126.497863] selinux: SELinux: Could not get canonical path for /sys/kernel/debug/tracing/instances/wifi restorecon: No such file or directory.
[  126.643765] apexd: destroyCeSnapshotsNotSpecified() received by ApexService user_id : 0 retain_rollback_ids : []
[  126.733156] init: Command 'mkdir /sys/kernel/tracing/instances/wifi 711' action=sys.boot_completed=1 && sys.wifitracing.started=0 (/system/etc/init/wifi.rc:36) took 200ms and succeeded
[  126.881869] type=1400 audit(1790705353.048:9): avc:  denied  { write } for  comm="init" name="cfg80211_gtk_rekey_notify" dev="tracefs" ino=13128 scontext=u:r:init:s0 tcontext=u:object_r:debugfs_wifi_tracing:s0 tclass=dir permissive=0
[  126.935538] init: Command 'write /sys/kernel/tracing/instances/wifi/events/cfg80211/cfg80211_gtk_rekey_notify/enable 1' action=sys.boot_completed=1 && sys.wifitracing.started=0 (/system/etc/init/wifi.rc:55) took 54ms and succeeded
[  127.123273] type=1400 audit(1790705353.208:10): avc:  denied  { write } for  comm="init" name="rdev_add_key" dev="tracefs" ino=13131 scontext=u:r:init:s0 tcontext=u:object_r:debugfs_wifi_tracing:s0 tclass=dir permissive=0
[  127.192420] type=1400 audit(1790705353.208:11): avc:  denied  { write } for  comm="init" name="rdev_assoc" dev="tracefs" ino=13134 scontext=u:r:init:s0 tcontext=u:object_r:debugfs_wifi_tracing:s0 tclass=dir permissive=0
[  127.238681] init: Command 'write /sys/kernel/tracing/instances/wifi/events/cfg80211/rdev_assoc/enable 1' action=sys.boot_completed=1 && sys.wifitracing.started=0 (/system/etc/init/wifi.rc:57) took 200ms and succeeded
[  127.345902] type=1400 audit(1790705353.488:12): avc:  denied  { write } for  comm="init" name="rdev_auth" dev="tracefs" ino=13782 scontext=u:r:init:s0 tcontext=u:object_r:debugfs_wifi_tracing:s0 tclass=dir permissive=0
[  127.426255] type=1400 audit(1790705353.488:13): avc:  denied  { write } for  comm="init" name="rdev_connect" dev="tracefs" ino=13785 scontext=u:r:init:s0 tcontext=u:object_r:debugfs_wifi_tracing:s0 tclass=dir permissive=0
[  127.497550] type=1400 audit(1790705353.488:14): avc:  denied  { write } for  comm="init" name="rdev_set_default_key" dev="tracefs" ino=13788 scontext=u:r:init:s0 tcontext=u:object_r:debugfs_wifi_tracing:s0 tclass=dir permissive=0
[  127.583397] type=1400 audit(1790705353.492:15): avc:  denied  { write } for  comm="init" name="rdev_set_default_mgmt_key" dev="tracefs" ino=13791 scontext=u:r:init:s0 tcontext=u:object_r:debugfs_wifi_tracing:s0 tclass=dir permissive=0
[  127.682668] init: Command 'write /sys/kernel/tracing/instances/wifi/events/net/filter name==${wifi.interface:-wlan0}' action=sys.boot_completed=1 && sys.wifitracing.started=0 (/system/etc/init/wifi.rc:75) took 353ms and succeeded
[  127.720457] type=1400 audit(1790705353.492:16): avc:  denied  { write } for  comm="init" name="rdev_set_rekey_data" dev="tracefs" ino=13794 scontext=u:r:init:s0 tcontext=u:object_r:debugfs_wifi_tracing:s0 tclass=dir permissive=0
[  127.789607] audit: audit_lost=1 audit_rate_limit=5 audit_backlog_limit=64
[  127.810516] audit: rate limit exceeded
[  127.829570] type=1400 audit(1790705353.492:17): avc:  denied  { write } for  comm="init" name="net" dev="tracefs" ino=13797 scontext=u:r:init:s0 tcontext=u:object_r:debugfs_wifi_tracing:s0 tclass=dir permissive=0
[  127.944302] init: Command 'setprop sys.wifitracing.started 1' action=sys.boot_completed=1 && sys.wifitracing.started=0 (/system/etc/init/wifi.rc:96) took 117ms and succeeded
[  127.997424] init: processing action (dev.bootcomplete=1 && vendor.qemu.dev.bootcomplete=0) from (/vendor/etc/init/hw/init.ranchu.rc:107)
[  128.075400] init: starting service 'qemu-props-bootcomplete'...
[  128.545070] init: ... started service 'qemu-props-bootcomplete' has pid 1388
[  128.589100] init: Command 'start qemu-props-bootcomplete' action=dev.bootcomplete=1 && vendor.qemu.dev.bootcomplete=0 (/vendor/etc/init/hw/init.ranchu.rc:109) took 513ms and succeeded
INFO         | Monitoring duration of emulator setup.
INFO         | Activated packet streamer for bluetooth emulation
INFO         | Successfully initialized netsim WiFi
INFO         | Setting display: 0 configuration to: 1080x2400, dpi: 420x420 
INFO         | setDisplayActiveConfig: id:0, 1080x2400
INFO         | Checking system compatibility:
INFO         |   Checking: hasCompatibleHypervisor
INFO         |      Ok: Hypervisor compatibility to run avd: `mingo_ascii_api35` are met
INFO         |   Checking: hasSufficientSystem
INFO         |      Ok: System requirements to run avd: `mingo_ascii_api35` are met
INFO         |   Checking: hasSufficientHwGpu
INFO         |      Ok: Hardware GPU compatibility checks are not required
INFO         |   Checking: hasSufficientDiskSpace
INFO         |      Ok: Disk space requirements to run avd: `mingo_ascii_api35` are met
INFO         | emulatorSetupEnvironment: Environment scene is not required
USER_INFO    | Emulator is performing a full startup. This may take upto two minutes, or more.
INFO         | Warning: QMetaObject::connectSlotsByName: No matching signal for on_rgbcSensorValueWidget_valueChanged() (:0, )
INFO         | Warning: QMetaObject::connectSlotsByName: No matching signal for on_posture_valueChanged(int) (:0, )
INFO         | TouchpadHolder: registering via hw_xr_led agent for instance=0000022103F64E50
INFO         | Warning: QObject::connect: Cannot queue arguments of type 'std::vector<android::emulation::control::SnapshotInfo>'
(Make sure 'std::vector<android::emulation::control::SnapshotInfo>' is registered using qRegisterMetaType().) (:0, )
INFO         | AVD supportsNativeGLES=1, supportsGuestAngle=1
INFO         | Created extended window in 641.84ms
INFO         | Critical: UpdateLayeredWindowIndirect failed for ptDst=(144, 131), size=(300x21), dirty=(300x21 0, 0) (A device attached to the system is not functioning.) (:0, )
INFO         | Boot completed in 204918 ms
[  128.664463] init: Service 'qemu-props-bootcomplete' (pid 1388) exited with status 0 oneshot service took 0.473000 seconds in background
[  128.727166] init: Sending signal 9 to service 'qemu-props-bootcomplete' (pid 1388) process group...
[  128.801227] libprocessgroup: Removed cgroup /sys/fs/cgroup/uid_0/pid_1388
[  128.829061] init: starting service 'ranchu-setup'...
[  128.911253] init: ... started service 'ranchu-setup' has pid 1399
[  128.994345] init: Command 'start ranchu-setup' action=dev.bootcomplete=1 && vendor.qemu.dev.bootcomplete=0 (/vendor/etc/init/hw/init.ranchu.rc:110) took 165ms and succeeded
[  129.035973] apexd: Deleting unused dm device com.android.apex.cts.shim
[  129.078491] init: Service 'ranchu-setup' (pid 1399) exited with status 0 oneshot service took 0.231000 seconds in background
[  129.120686] init: Sending signal 9 to service 'ranchu-setup' (pid 1399) process group...
[  129.173505] libprocessgroup: Removed cgroup /sys/fs/cgroup/uid_0/pid_1399
[  129.199473] apexd: Deleting unused dm device com.android.btservices
[  129.212990] init: processing action (persist.sys.zram_enabled=1 && sys-boot-completed-set) from (/vendor/etc/init/hw/init.ranchu.rc:203)
[  129.290753] apexd: Deleting unused dm device com.android.compos
[  129.348422] apexd: Deleting unused dm device com.android.devicelock
[  129.436319] apexd: Deleting unused dm device com.android.hardware.authsecret
[  129.470069] zram0: detected capacity change from 0 to 3798624
[  129.516876] apexd: Deleting unused dm device com.android.hardware.cas
[  129.581525] apexd: Deleting unused dm device com.android.hardware.neuralnetworks
[  129.614449] mkswap: Swapspace size: 1899308k, UUID=d922dca6-55cb-4e13-a81d-37f1e3279071
[  129.689621] Adding 1899308k swap on /dev/block/zram0.  Priority:-2 extents:1 across:1899308k SS
[  129.724365] apexd: Deleting unused dm device com.android.hardware.rebootescrow
[  129.782904] init: Command 'swapon_all /vendor/etc/fstab.${ro.hardware}' action=persist.sys.zram_enabled=1 && sys-boot-completed-set (/vendor/etc/init/hw/init.ranchu.rc:204) took 531ms and succeeded
[  129.902530] apexd: Deleting unused dm device com.android.i18n
[  129.932295] init: processing action (bootreceiver.enable=1 && dmesgd.start=1 && ro.product.cpu.abilist64=*) from (/system/etc/init/dmesgd.rc:12)
[  129.981648] apexd: Deleting unused dm device com.android.nfcservices
[  130.014047] init: starting service 'dmesgd'...
[  130.060459] apexd: Deleting unused dm device com.android.runtime
[  130.094025] init: ... started service 'dmesgd' has pid 1420
[  130.131416] apexd: Deleting unused dm device com.android.tzdata
[  130.143027] init: Command 'start dmesgd' action=bootreceiver.enable=1 && dmesgd.start=1 && ro.product.cpu.abilist64=* (/system/etc/init/dmesgd.rc:13) took 129ms and succeeded
[  130.209336] init: Command 'setprop dmesgd.start 0' action=bootreceiver.enable=1 && dmesgd.start=1 && ro.product.cpu.abilist64=* (/system/etc/init/dmesgd.rc:14) took 65ms and succeeded
[  130.296280] apexd: Deleting unused dm device com.android.virt
[  130.306923] init: processing action (sys.user.0.ce_available=true) from (/system/etc/init/wifi.rc:21)
[  130.399014] selinux: SELinux: Skipping restorecon on directory(/data/misc_ce/0/apexdata/com.android.wifi)
[  130.494555] apexd: Deleting unused dm device com.google.android.widevine
[  130.547944] init: Command 'restorecon_recursive /data/misc_ce/0/apexdata/com.android.wifi' action=sys.user.0.ce_available=true (/system/etc/init/wifi.rc:22) took 150ms and succeeded
[  130.599199] wlan0: authenticate with 00:13:10:85:fe:01
[  130.627632] apexd: Deleting unused dm device com.google.mainline.primary.libs
[  130.656012] wlan0: send auth to 00:13:10:85:fe:01 (try 1/3)
[  130.691111] init: Service 'dmesgd' (pid 1420) exited with status 0 oneshot service took 0.638000 seconds in background
[  130.720468] wlan0: authenticated
[  130.734534] mac80211_hwsim hwsim0 wlan0: disabling HT/VHT/HE as WMM/QoS is not supported by the AP
[  130.773746] init: Sending signal 9 to service 'dmesgd' (pid 1420) process group...
[  130.808931] libprocessgroup: Removed cgroup /sys/fs/cgroup/uid_1086/pid_1420
[  130.828956] wlan0: associate with 00:13:10:85:fe:01 (try 1/3)
[  130.860086] wlan0: RX AssocResp from 00:13:10:85:fe:01 (capab=0x401 status=0 aid=1)
[  130.891064] init: processing action (lmkd.reinit=1) from (/system/etc/init/lmkd.rc:10)
[  130.926102] wlan0: associated
[  130.953646] init: starting service 'exec 23 (/system/bin/lmkd --reinit)'...
[  131.390251] init: ... started service 'exec 23 (/system/bin/lmkd --reinit)' has pid 1447
[  131.440038] init: Command 'exec_background /system/bin/lmkd --reinit' action=lmkd.reinit=1 (/system/etc/init/lmkd.rc:11) took 487ms and succeeded
[  131.571368] init: processing action (sys.boot_completed=1 && sys.wifitracing.started=1 && wifi.interface=*) from (/system/etc/init/wifi.rc:98)
[  131.808404] init: Command 'write /sys/kernel/tracing/instances/wifi/events/net/filter name==${wifi.interface}' action=sys.boot_completed=1 && sys.wifitracing.started=1 && wifi.interface=* (/system/etc/init/wifi.rc:101) took 150ms and succeeded
[  131.893464] init: Service 'exec 23 (/system/bin/lmkd --reinit)' (pid 1447) exited with status 0 oneshot service took 0.827000 seconds in background
[  131.924278] init: Sending signal 9 to service 'exec 23 (/system/bin/lmkd --reinit)' (pid 1447) process group...
[  131.948720] libprocessgroup: Removed cgroup /sys/fs/cgroup/uid_0/pid_1447
[  134.540029] init: starting service 'idmap2d'...
[  134.694121] init: ... started service 'idmap2d' has pid 1542
[  134.743295] init: Control message: Processed ctl.start for 'idmap2d' from pid: 626 (system_server)
[  145.794586] binder: 957:957 cannot find target node
[  145.915787] binder: 957:957 transaction call to 0:0 failed 40960/29189/-22, size 76-0 line 3344
[  147.945314] servicemanager: Caller(pid=1277,uid=10179,sid=u:r:priv_app:s0:c512,c768) Could not find android.hardware.graphics.allocator.IAllocator/default in the VINTF manifest. No alternative instances declared in VINTF.
[  152.790506] servicemanager: Caller(pid=626,uid=1000,sid=u:r:system_server:s0) Could not find android.hardware.graphics.allocator.IAllocator/default in the VINTF manifest. No alternative instances declared in VINTF.
[  155.750076] init: Sending signal 9 to service 'idmap2d' (pid 1542) process group...
[  155.793064] libprocessgroup: Removed cgroup /sys/fs/cgroup/uid_1000/pid_1542
[  155.824641] init: Control message: Processed ctl.stop for 'idmap2d' from pid: 626 (system_server)
[  155.863986] init: Service 'idmap2d' (pid 1542) received signal 9
[  155.887956] init: Sending signal 9 to service 'idmap2d' (pid 1542) process group...
[  155.916876] libprocessgroup: Failed to write 1 to /sys/fs/cgroup/uid_1000/pid_1542/cgroup.kill: No such file or directory
[  155.950580] libprocessgroup: Failed to open /sys/fs/cgroup/uid_1000/pid_1542/cgroup.procs: No such file or directory
[  156.498115] servicemanager: Caller(pid=1676,uid=1002,sid=u:r:bluetooth:s0) Found android.hardware.bluetooth.IBluetoothHci/default in device VINTF manifest.
[  157.661256] binder: release 1314:1314 transaction 48161 out, still active
[  157.694654] binder: undelivered TRANSACTION_COMPLETE
[  158.608793] binder_alloc: 1136: binder_alloc_buf, no vma
[  158.644109] servicemanager: Caller(pid=1676,uid=1002,sid=u:r:bluetooth:s0) Could not find android.hardware.bluetooth.ranging.IBluetoothChannelSounding/default in the VINTF manifest. No alternative instances declared in VINTF.
[  158.692977] binder: cannot allocate buffer: vma cleared, target dead or dying
[  158.692985] binder: 626:853 transaction async to 1136:0 failed 49576/29189/-3, size 1100-0 line 3544
[  158.741880] servicemanager: Caller(pid=1676,uid=1002,sid=u:r:bluetooth:s0) Could not find android.hardware.bluetooth.ranging.IBluetoothChannelSounding/default in the VINTF manifest. No alternative instances declared in VINTF.
[  158.823772] binder: undelivered TRANSACTION_COMPLETE
[  158.838073] binder: undelivered transaction 48019, process died.
[  158.860260] binder: release 1136:1311 transaction 47972 in, still active
[  158.877350] binder: send failed reply for transaction 47972 to 626:842
[  158.904714] binder: undelivered TRANSACTION_COMPLETE
[  158.927027] binder: undelivered transaction 48061, process died.
[  162.319768] servicemanager: Notifying apexservice they don't (previously: do) have clients when we now have no record of a client
[  162.426357] AidlLazyServiceRegistrar: Process has 0 (of 1 available) client(s) in use after notification apexservice has clients: 0
[  162.455107] AidlLazyServiceRegistrar: Trying to shut down the service. No clients in use for any service in process.
[  162.486525] servicemanager: Caller(pid=212,uid=0,sid=u:r:apexd:s0) Unregistering apexservice
[  162.518225] BpBinder: onLastStrongRef automatically unlinking death recipients: 
[  162.582878] AidlLazyServiceRegistrar: Unregistered all clients and exiting
[  162.719077] init: Service 'apexd' (pid 212) exited with status 0 oneshot service took 134.248001 seconds in background
[  162.785800] init: Sending signal 9 to service 'apexd' (pid 212) process group...
[  162.833176] libprocessgroup: Removed cgroup /sys/fs/cgroup/uid_0/pid_212
[  165.401437] servicemanager: Caller(pid=1676,uid=1002,sid=u:r:bluetooth:s0) Found android.hardware.bluetooth.audio.IBluetoothAudioProviderFactory/default in device VINTF manifest.
[  165.541267] servicemanager: Caller(pid=1676,uid=1002,sid=u:r:bluetooth:s0) Found android.hardware.bluetooth.audio.IBluetoothAudioProviderFactory/default in device VINTF manifest.
[  166.610399] servicemanager: Caller(pid=1923,uid=1001,sid=u:r:radio:s0) Found android.hardware.radio.data.IRadioData/slot1 in device VINTF manifest.
[  166.727742] servicemanager: Caller(pid=1676,uid=1002,sid=u:r:bluetooth:s0) Found android.hardware.bluetooth.audio.IBluetoothAudioProviderFactory/default in device VINTF manifest.
[  166.782485] servicemanager: Caller(pid=1676,uid=1002,sid=u:r:bluetooth:s0) Found android.hardware.bluetooth.audio.IBluetoothAudioProviderFactory/default in device VINTF manifest.
[  167.007498] servicemanager: Caller(pid=1923,uid=1001,sid=u:r:radio:s0) Found android.hardware.radio.data.IRadioData/slot1 in device VINTF manifest.
[  167.061690] servicemanager: Caller(pid=1923,uid=1001,sid=u:r:radio:s0) Found android.hardware.radio.messaging.IRadioMessaging/slot1 in device VINTF manifest.
[  167.123511] servicemanager: Caller(pid=1923,uid=1001,sid=u:r:radio:s0) Found android.hardware.radio.modem.IRadioModem/slot1 in device VINTF manifest.
[  167.195565] servicemanager: Caller(pid=1923,uid=1001,sid=u:r:radio:s0) Found android.hardware.radio.network.IRadioNetwork/slot1 in device VINTF manifest.
[  167.243228] servicemanager: Caller(pid=1923,uid=1001,sid=u:r:radio:s0) Found android.hardware.radio.sim.IRadioSim/slot1 in device VINTF manifest.
[  167.308105] servicemanager: Caller(pid=1923,uid=1001,sid=u:r:radio:s0) Found android.hardware.radio.voice.IRadioVoice/slot1 in device VINTF manifest.
[  167.376288] servicemanager: Caller(pid=1923,uid=1001,sid=u:r:radio:s0) Found android.hardware.radio.ims.IRadioIms/slot1 in device VINTF manifest.
[  167.561268] servicemanager: Caller(pid=1923,uid=1001,sid=u:r:radio:s0) Found android.hardware.radio.modem.IRadioModem/slot1 in device VINTF manifest.
[  167.608348] binder_debug: 8 callbacks suppressed
[  167.608348] binder: undelivered TRANSACTION_COMPLETE
[  167.684081] binder: undelivered transaction 54332, process died.
[  167.699575] binder: undelivered TRANSACTION_COMPLETE
[  167.712667] binder: undelivered transaction 54381, process died.
[  167.733311] binder: undelivered transaction 54208, process died.
[  167.756747] binder: undelivered transaction 54209, process died.
[  167.783236] binder: undelivered transaction 54212, process died.
[  167.796206] binder: undelivered transaction 54232, process died.
[  167.811630] binder: undelivered transaction 54235, process died.
[  167.839541] binder: undelivered transaction 54236, process died.
[  168.473477] servicemanager: Caller(pid=1923,uid=1001,sid=u:r:radio:s0) Found android.hardware.radio.messaging.IRadioMessaging/slot1 in device VINTF manifest.
[  168.522152] servicemanager: Caller(pid=1923,uid=1001,sid=u:r:radio:s0) Found android.hardware.radio.data.IRadioData/slot1 in device VINTF manifest.
[  168.743067] servicemanager: Caller(pid=1923,uid=1001,sid=u:r:radio:s0) Found android.hardware.radio.voice.IRadioVoice/slot1 in device VINTF manifest.
[  168.808122] servicemanager: Caller(pid=1923,uid=1001,sid=u:r:radio:s0) Found android.hardware.radio.ims.IRadioIms/slot1 in device VINTF manifest.
[  168.851566] servicemanager: Caller(pid=1923,uid=1001,sid=u:r:radio:s0) Found android.hardware.radio.data.IRadioData/slot1 in device VINTF manifest.
[  168.940299] servicemanager: Caller(pid=1923,uid=1001,sid=u:r:radio:s0) Found android.hardware.radio.data.IRadioData/slot1 in device VINTF manifest.
[  169.108076] servicemanager: Caller(pid=1923,uid=1001,sid=u:r:radio:s0) Found android.hardware.radio.messaging.IRadioMessaging/slot1 in device VINTF manifest.
[  169.150989] servicemanager: Caller(pid=1923,uid=1001,sid=u:r:radio:s0) Found android.hardware.radio.sim.IRadioSim/slot1 in device VINTF manifest.
[  169.197667] servicemanager: Caller(pid=1923,uid=1001,sid=u:r:radio:s0) Found android.hardware.radio.messaging.IRadioMessaging/slot1 in device VINTF manifest.
[  169.393582] servicemanager: Caller(pid=1923,uid=1001,sid=u:r:radio:s0) Found android.hardware.radio.modem.IRadioModem/slot1 in device VINTF manifest.
[  169.521819] servicemanager: Caller(pid=1923,uid=1001,sid=u:r:radio:s0) Found android.hardware.radio.network.IRadioNetwork/slot1 in device VINTF manifest.
[  169.625398] servicemanager: Caller(pid=1923,uid=1001,sid=u:r:radio:s0) Found android.hardware.radio.network.IRadioNetwork/slot1 in device VINTF manifest.
[  169.836913] servicemanager: Caller(pid=1923,uid=1001,sid=u:r:radio:s0) Found android.hardware.radio.sim.IRadioSim/slot1 in device VINTF manifest.
[  170.051723] servicemanager: Caller(pid=1923,uid=1001,sid=u:r:radio:s0) Found android.hardware.radio.voice.IRadioVoice/slot1 in device VINTF manifest.
[  170.251562] servicemanager: Caller(pid=1923,uid=1001,sid=u:r:radio:s0) Found android.hardware.radio.voice.IRadioVoice/slot1 in device VINTF manifest.
[  170.385781] servicemanager: Caller(pid=1923,uid=1001,sid=u:r:radio:s0) Found android.hardware.radio.ims.IRadioIms/slot1 in device VINTF manifest.
[  170.518513] servicemanager: Caller(pid=1923,uid=1001,sid=u:r:radio:s0) Found android.hardware.radio.ims.IRadioIms/slot1 in device VINTF manifest.
[  170.652204] servicemanager: Caller(pid=1923,uid=1001,sid=u:r:radio:s0) Found android.hardware.radio.ims.IRadioIms/slot1 in device VINTF manifest.
[  170.741756] servicemanager: Caller(pid=1923,uid=1001,sid=u:r:radio:s0) Found android.hardware.radio.config.IRadioConfig/default in device VINTF manifest.
[  172.722308] binder_alloc: 1232: binder_alloc_buf, no vma
[  172.740795] binder_debug: 7 callbacks suppressed
[  172.740799] binder: cannot allocate buffer: vma cleared, target dead or dying
[  172.754247] binder: 626:660 transaction async to 1232:0 failed 61370/29189/-3, size 424-8 line 3544
[  172.893718] binder: send failed reply for transaction 59551 to 1662:1670
[  172.919786] binder: undelivered TRANSACTION_COMPLETE
[  172.940483] binder: undelivered transaction 59898, process died.
[  172.967815] binder: undelivered transaction 59696, process died.
[  172.989837] binder: undelivered transaction 59697, process died.
[  173.015555] binder: undelivered transaction 59698, process died.
[  173.036730] binder: undelivered transaction 59705, process died.
[  173.063589] binder: undelivered transaction 59725, process died.
[  180.151741] binder_debug: 18 callbacks suppressed
[  180.151958] binder: 1971:1749 cannot find target node
[  180.695960] binder: 1749:1971 transaction call to 0:0 failed 67998/29189/-22, size 0-0 line 3344
[  180.717158] binder: 1971:1749 cannot find target node
[  181.251229] binder: 1749:1971 transaction call to 0:0 failed 68716/29189/-22, size 0-0 line 3344
[  187.138941] binder_alloc: 1923: binder_alloc_buf, no vma
[  187.261561] binder_alloc: 1923: binder_alloc_buf, no vma
[  187.281862] binder: cannot allocate buffer: vma cleared, target dead or dying
[  187.281870] binder: 1137:1209 transaction call to 1923:0 failed 76400/29189/-3, size 144-0 line 3544
[  187.354831] binder: cannot allocate buffer: vma cleared, target dead or dying
[  187.354841] binder: 626:853 transaction async to 1923:0 failed 76291/29189/-3, size 1100-0 line 3544
[  187.589654] binder_alloc: 1923: binder_alloc_buf, no vma
[  187.692535] binder: undelivered TRANSACTION_COMPLETE
[  187.695813] binder: undelivered transaction 72142, process died.
[  187.760490] binder: undelivered transaction 73107, process died.
[  187.762524] binder: undelivered transaction 73108, process died.
[  187.790155] binder: undelivered transaction 73109, process died.
[  187.815720] binder: cannot allocate buffer: vma cleared, target dead or dying
[  188.170375] init: starting service 'idmap2d'...
[  188.357963] init: ... started service 'idmap2d' has pid 2611
[  188.378499] init: Control message: Processed ctl.start for 'idmap2d' from pid: 626 (system_server)
[  189.078149] SELinux: avc:  denied  { find } for pid=1137 uid=1000 name=vendor.google.wireless_charger.IWirelessCharger/default scontext=u:r:system_app:s0 tcontext=u:object_r:default_android_service:s0 tclass=service_manager permissive=0
[  194.858605] servicemanager: Caller(pid=2605,uid=1001,sid=u:r:radio:s0) Found android.hardware.radio.data.IRadioData/slot1 in device VINTF manifest.
[  194.963669] servicemanager: Caller(pid=2605,uid=1001,sid=u:r:radio:s0) Found android.hardware.radio.data.IRadioData/slot1 in device VINTF manifest.
[  195.029872] servicemanager: Caller(pid=2605,uid=1001,sid=u:r:radio:s0) Found android.hardware.radio.messaging.IRadioMessaging/slot1 in device VINTF manifest.
[  195.078530] servicemanager: Caller(pid=2605,uid=1001,sid=u:r:radio:s0) Found android.hardware.radio.modem.IRadioModem/slot1 in device VINTF manifest.
[  195.120579] servicemanager: Caller(pid=2605,uid=1001,sid=u:r:radio:s0) Found android.hardware.radio.network.IRadioNetwork/slot1 in device VINTF manifest.
[  195.159860] servicemanager: Caller(pid=2605,uid=1001,sid=u:r:radio:s0) Found android.hardware.radio.sim.IRadioSim/slot1 in device VINTF manifest.
[  195.216464] servicemanager: Caller(pid=2605,uid=1001,sid=u:r:radio:s0) Found android.hardware.radio.voice.IRadioVoice/slot1 in device VINTF manifest.
[  195.254262] servicemanager: Caller(pid=2605,uid=1001,sid=u:r:radio:s0) Found android.hardware.radio.ims.IRadioIms/slot1 in device VINTF manifest.
[  195.286843] servicemanager: Caller(pid=2605,uid=1001,sid=u:r:radio:s0) Found android.hardware.radio.modem.IRadioModem/slot1 in device VINTF manifest.
[  196.303184] servicemanager: Caller(pid=2605,uid=1001,sid=u:r:radio:s0) Found android.hardware.radio.messaging.IRadioMessaging/slot1 in device VINTF manifest.
[  196.471766] servicemanager: Caller(pid=2605,uid=1001,sid=u:r:radio:s0) Found android.hardware.radio.data.IRadioData/slot1 in device VINTF manifest.
[  196.526785] servicemanager: Caller(pid=2605,uid=1001,sid=u:r:radio:s0) Found android.hardware.radio.voice.IRadioVoice/slot1 in device VINTF manifest.
[  196.610866] servicemanager: Caller(pid=2605,uid=1001,sid=u:r:radio:s0) Found android.hardware.radio.ims.IRadioIms/slot1 in device VINTF manifest.
[  196.742962] servicemanager: Caller(pid=2605,uid=1001,sid=u:r:radio:s0) Found android.hardware.radio.data.IRadioData/slot1 in device VINTF manifest.
[  196.793743] servicemanager: Caller(pid=2605,uid=1001,sid=u:r:radio:s0) Found android.hardware.radio.data.IRadioData/slot1 in device VINTF manifest.
[  197.009882] servicemanager: Caller(pid=2605,uid=1001,sid=u:r:radio:s0) Found android.hardware.radio.messaging.IRadioMessaging/slot1 in device VINTF manifest.
[  197.069420] servicemanager: Caller(pid=2605,uid=1001,sid=u:r:radio:s0) Found android.hardware.radio.sim.IRadioSim/slot1 in device VINTF manifest.
[  197.262080] servicemanager: Caller(pid=2605,uid=1001,sid=u:r:radio:s0) Found android.hardware.radio.messaging.IRadioMessaging/slot1 in device VINTF manifest.
[  197.321686] servicemanager: Caller(pid=2605,uid=1001,sid=u:r:radio:s0) Found android.hardware.radio.modem.IRadioModem/slot1 in device VINTF manifest.
[  197.414710] servicemanager: Caller(pid=2605,uid=1001,sid=u:r:radio:s0) Found android.hardware.radio.network.IRadioNetwork/slot1 in device VINTF manifest.
[  197.479100] servicemanager: Caller(pid=2605,uid=1001,sid=u:r:radio:s0) Found android.hardware.radio.network.IRadioNetwork/slot1 in device VINTF manifest.
[  197.585087] servicemanager: Caller(pid=2605,uid=1001,sid=u:r:radio:s0) Found android.hardware.radio.sim.IRadioSim/slot1 in device VINTF manifest.
[  197.741670] servicemanager: Caller(pid=2605,uid=1001,sid=u:r:radio:s0) Found android.hardware.radio.voice.IRadioVoice/slot1 in device VINTF manifest.
[  197.943002] servicemanager: Caller(pid=2605,uid=1001,sid=u:r:radio:s0) Found android.hardware.radio.voice.IRadioVoice/slot1 in device VINTF manifest.
[  198.126463] servicemanager: Caller(pid=2605,uid=1001,sid=u:r:radio:s0) Found android.hardware.radio.ims.IRadioIms/slot1 in device VINTF manifest.
[  198.290174] servicemanager: Caller(pid=2605,uid=1001,sid=u:r:radio:s0) Found android.hardware.radio.ims.IRadioIms/slot1 in device VINTF manifest.
[  198.372539] servicemanager: Caller(pid=2605,uid=1001,sid=u:r:radio:s0) Found android.hardware.radio.ims.IRadioIms/slot1 in device VINTF manifest.
[  198.659653] servicemanager: Caller(pid=2605,uid=1001,sid=u:r:radio:s0) Found android.hardware.radio.config.IRadioConfig/default in device VINTF manifest.
[  199.400500] init: Sending signal 9 to service 'idmap2d' (pid 2611) process group...
[  199.470548] libprocessgroup: Removed cgroup /sys/fs/cgroup/uid_1000/pid_2611
[  199.504883] init: Control message: Processed ctl.stop for 'idmap2d' from pid: 626 (system_server)
[  199.544134] init: Service 'idmap2d' (pid 2611) received signal 9
[  199.581720] init: Sending signal 9 to service 'idmap2d' (pid 2611) process group...
[  199.612844] libprocessgroup: Failed to write 1 to /sys/fs/cgroup/uid_1000/pid_2611/cgroup.kill: No such file or directory
[  199.651688] libprocessgroup: Failed to open /sys/fs/cgroup/uid_1000/pid_2611/cgroup.procs: No such file or directory
[  200.542616] servicemanager: Caller(pid=2691,uid=1002,sid=u:r:bluetooth:s0) Found android.hardware.bluetooth.IBluetoothHci/default in device VINTF manifest.
[  202.508211] servicemanager: Caller(pid=2691,uid=1002,sid=u:r:bluetooth:s0) Could not find android.hardware.bluetooth.ranging.IBluetoothChannelSounding/default in the VINTF manifest. No alternative instances declared in VINTF.
[  202.586145] servicemanager: Caller(pid=2691,uid=1002,sid=u:r:bluetooth:s0) Could not find android.hardware.bluetooth.ranging.IBluetoothChannelSounding/default in the VINTF manifest. No alternative instances declared in VINTF.
[  205.613355] binder_alloc: 2224: binder_alloc_buf, no vma
[  205.665805] binder_debug: 3 callbacks suppressed
[  205.665810] binder: cannot allocate buffer: vma cleared, target dead or dying
[  205.703375] binder: 626:661 transaction async to 2224:0 failed 95285/29189/-3, size 88-0 line 3544
[  206.896275] servicemanager: Caller(pid=2691,uid=1002,sid=u:r:bluetooth:s0) Found android.hardware.bluetooth.audio.IBluetoothAudioProviderFactory/default in device VINTF manifest.
[  207.051486] servicemanager: Caller(pid=2691,uid=1002,sid=u:r:bluetooth:s0) Found android.hardware.bluetooth.audio.IBluetoothAudioProviderFactory/default in device VINTF manifest.
[  207.643246] binder: send failed reply for transaction 93102 to 1749:1971
[  207.672171] binder: release 2224:2393 transaction 91866 in, still active
[  207.704009] binder: send failed reply for transaction 91866 to 1774:1916
[  207.743499] binder: undelivered TRANSACTION_COMPLETE
[  207.753485] binder: undelivered transaction 93196, process died.
[  207.773189] binder: release 2224:2644 transaction 92980 in, still active
[  207.798506] binder: send failed reply for transaction 92980 to 2457:2503
[  207.825468] binder: undelivered TRANSACTION_COMPLETE
[  209.021199] servicemanager: Caller(pid=2691,uid=1002,sid=u:r:bluetooth:s0) Found android.hardware.bluetooth.audio.IBluetoothAudioProviderFactory/default in device VINTF manifest.
[  209.072027] servicemanager: Caller(pid=2691,uid=1002,sid=u:r:bluetooth:s0) Found android.hardware.bluetooth.audio.IBluetoothAudioProviderFactory/default in device VINTF manifest.
[  211.996848] binder_debug: 30 callbacks suppressed
[  211.996852] binder: send failed reply for transaction 99797 to 2573:2677
[  212.034386] binder: send failed reply for transaction 100528 to 2691:3002
[  213.343164] servicemanager: Caller(pid=626,uid=1000,sid=u:r:system_server:s0) Since 'artd' could not be found trying to start it as a lazy AIDL service. (if it's not configured to be a lazy service, it may be stuck starting or still starting).
[  213.520764] init: starting service 'artd'...
[  213.548830] init: ... started service 'artd' has pid 3049
[  213.565267] init: Control message: Processed ctl.interface_start for 'aidl/artd' from pid: 153 (/system/bin/servicemanager)
[  213.736308] servicemanager: Notifying artd they do (previously: don't) have clients when service is guaranteed to be in use
[  213.785020] BpBinder: onLastStrongRef automatically unlinking death recipients: 
[  215.091619] binder: 2503:2457 cannot find target node
[  215.121612] binder: 2457:2503 transaction async to 0:0 failed 103950/29189/-22, size 2332-8 line 3344
[  215.511090] binder: 2503:2457 cannot find target node
[  215.521147] binder: 2457:2503 transaction call to 0:0 failed 104471/29189/-22, size 364-8 line 3344
[  215.571953] servicemanager: Isolated app with UID 99000 requested 'network_management', but the service is not allowed for isolated apps.
[  215.647256] servicemanager: Isolated app with UID 99000 requested 'connectivity', but the service is not allowed for isolated apps.
[  215.752264] binder: 2701:2573 cannot find target node
[  215.936169] binder: 2573:2701 transaction async to 0:0 failed 104642/29189/-22, size 1584-8 line 3344
[  216.225012] servicemanager: Isolated app with UID 99000 requested 'content_capture', but the service is not allowed for isolated apps.
[  216.530540] binder: 2701:2573 cannot find target node
[  216.558408] binder: 2573:2701 transaction call to 0:0 failed 105573/29189/-22, size 164-8 line 3344
[  217.476653] servicemanager: Caller(pid=3031,uid=1001,sid=u:r:radio:s0) Found android.hardware.radio.data.IRadioData/slot1 in device VINTF manifest.
[  217.724302] servicemanager: Caller(pid=3031,uid=1001,sid=u:r:radio:s0) Found android.hardware.radio.data.IRadioData/slot1 in device VINTF manifest.
[  217.794055] servicemanager: Caller(pid=3031,uid=1001,sid=u:r:radio:s0) Found android.hardware.radio.messaging.IRadioMessaging/slot1 in device VINTF manifest.
[  217.859895] servicemanager: Caller(pid=3031,uid=1001,sid=u:r:radio:s0) Found android.hardware.radio.modem.IRadioModem/slot1 in device VINTF manifest.
[  217.904303] servicemanager: Caller(pid=3031,uid=1001,sid=u:r:radio:s0) Found android.hardware.radio.network.IRadioNetwork/slot1 in device VINTF manifest.
[  217.950234] servicemanager: Caller(pid=3031,uid=1001,sid=u:r:radio:s0) Found android.hardware.radio.sim.IRadioSim/slot1 in device VINTF manifest.
[  217.997285] servicemanager: Caller(pid=3031,uid=1001,sid=u:r:radio:s0) Found android.hardware.radio.voice.IRadioVoice/slot1 in device VINTF manifest.
[  218.039422] servicemanager: Caller(pid=3031,uid=1001,sid=u:r:radio:s0) Found android.hardware.radio.ims.IRadioIms/slot1 in device VINTF manifest.
[  218.120934] servicemanager: Caller(pid=3031,uid=1001,sid=u:r:radio:s0) Found android.hardware.radio.modem.IRadioModem/slot1 in device VINTF manifest.
[  218.303270] servicemanager: Caller(pid=3031,uid=1001,sid=u:r:radio:s0) Found android.hardware.radio.messaging.IRadioMessaging/slot1 in device VINTF manifest.
[  218.373284] servicemanager: Caller(pid=3031,uid=1001,sid=u:r:radio:s0) Found android.hardware.radio.data.IRadioData/slot1 in device VINTF manifest.
[  218.408351] servicemanager: Caller(pid=3031,uid=1001,sid=u:r:radio:s0) Found android.hardware.radio.voice.IRadioVoice/slot1 in device VINTF manifest.
[  218.464259] servicemanager: Caller(pid=3031,uid=1001,sid=u:r:radio:s0) Found android.hardware.radio.ims.IRadioIms/slot1 in device VINTF manifest.
[  218.493819] servicemanager: Caller(pid=3031,uid=1001,sid=u:r:radio:s0) Found android.hardware.radio.sim.IRadioSim/slot1 in device VINTF manifest.
[  218.609656] servicemanager: Caller(pid=3031,uid=1001,sid=u:r:radio:s0) Found android.hardware.radio.data.IRadioData/slot1 in device VINTF manifest.
[  218.656274] servicemanager: Caller(pid=3031,uid=1001,sid=u:r:radio:s0) Found android.hardware.radio.data.IRadioData/slot1 in device VINTF manifest.
[  218.720921] servicemanager: Caller(pid=3031,uid=1001,sid=u:r:radio:s0) Found android.hardware.radio.messaging.IRadioMessaging/slot1 in device VINTF manifest.
[  218.758658] servicemanager: Caller(pid=3031,uid=1001,sid=u:r:radio:s0) Found android.hardware.radio.messaging.IRadioMessaging/slot1 in device VINTF manifest.
[  218.801519] servicemanager: Caller(pid=3031,uid=1001,sid=u:r:radio:s0) Found android.hardware.radio.modem.IRadioModem/slot1 in device VINTF manifest.
[  218.867230] servicemanager: Caller(pid=3031,uid=1001,sid=u:r:radio:s0) Found android.hardware.radio.network.IRadioNetwork/slot1 in device VINTF manifest.
[  218.950788] servicemanager: Caller(pid=3031,uid=1001,sid=u:r:radio:s0) Found android.hardware.radio.network.IRadioNetwork/slot1 in device VINTF manifest.
[  219.014478] servicemanager: Caller(pid=3031,uid=1001,sid=u:r:radio:s0) Found android.hardware.radio.sim.IRadioSim/slot1 in device VINTF manifest.
[  219.061799] servicemanager: Caller(pid=3031,uid=1001,sid=u:r:radio:s0) Found android.hardware.radio.voice.IRadioVoice/slot1 in device VINTF manifest.
[  219.104542] servicemanager: Caller(pid=3031,uid=1001,sid=u:r:radio:s0) Found android.hardware.radio.voice.IRadioVoice/slot1 in device VINTF manifest.
[  219.185288] servicemanager: Caller(pid=3031,uid=1001,sid=u:r:radio:s0) Found android.hardware.radio.ims.IRadioIms/slot1 in device VINTF manifest.
[  219.253052] servicemanager: Caller(pid=3031,uid=1001,sid=u:r:radio:s0) Found android.hardware.radio.ims.IRadioIms/slot1 in device VINTF manifest.
[  219.303630] servicemanager: Caller(pid=3031,uid=1001,sid=u:r:radio:s0) Found android.hardware.radio.ims.IRadioIms/slot1 in device VINTF manifest.
[  219.465684] servicemanager: Caller(pid=3031,uid=1001,sid=u:r:radio:s0) Found android.hardware.radio.config.IRadioConfig/default in device VINTF manifest.
[  221.496795] servicemanager: Caller(pid=3173,uid=1002,sid=u:r:bluetooth:s0) Found android.hardware.bluetooth.IBluetoothHci/default in device VINTF manifest.
[  222.815375] servicemanager: Caller(pid=3173,uid=1002,sid=u:r:bluetooth:s0) Could not find android.hardware.bluetooth.ranging.IBluetoothChannelSounding/default in the VINTF manifest. No alternative instances declared in VINTF.
[  222.893367] servicemanager: Caller(pid=3173,uid=1002,sid=u:r:bluetooth:s0) Could not find android.hardware.bluetooth.ranging.IBluetoothChannelSounding/default in the VINTF manifest. No alternative instances declared in VINTF.
[  225.143774] servicemanager: Caller(pid=3173,uid=1002,sid=u:r:bluetooth:s0) Found android.hardware.bluetooth.audio.IBluetoothAudioProviderFactory/default in device VINTF manifest.
[  225.220676] servicemanager: Caller(pid=3173,uid=1002,sid=u:r:bluetooth:s0) Found android.hardware.bluetooth.audio.IBluetoothAudioProviderFactory/default in device VINTF manifest.
[  225.880044] servicemanager: Caller(pid=3173,uid=1002,sid=u:r:bluetooth:s0) Found android.hardware.bluetooth.audio.IBluetoothAudioProviderFactory/default in device VINTF manifest.
[  225.967283] servicemanager: Caller(pid=3173,uid=1002,sid=u:r:bluetooth:s0) Found android.hardware.bluetooth.audio.IBluetoothAudioProviderFactory/default in device VINTF manifest.
[  233.477107] servicemanager: Caller(pid=3494,uid=10200,sid=u:r:rkpdapp:s0:c200,c256,c512,c768) Found android.hardware.security.keymint.IRemotelyProvisionedComponent/default in device VINTF manifest.
[  234.124458] servicemanager: Caller(pid=3494,uid=10200,sid=u:r:rkpdapp:s0:c200,c256,c512,c768) Since 'android.hardware.drm.IDrmFactory/clearkey' could not be found trying to start it as a lazy AIDL service. (if it's not configured to be a lazy service, it may be stuck starting or still starting).
[  234.259235] init: starting service 'vendor.drm-clearkey-service'...
[  235.279359] servicemanager: Caller(pid=3494,uid=10200,sid=u:r:rkpdapp:s0:c200,c256,c512,c768) Since 'android.hardware.drm.IDrmFactory/clearkey' could not be found trying to start it as a lazy AIDL service. (if it's not configured to be a lazy service, it may be stuck starting or still starting).
[  235.472612] init: ... started service 'vendor.drm-clearkey-service' has pid 3625
[  235.529712] init: Control message: Processed ctl.interface_start for 'aidl/android.hardware.drm.IDrmFactory/clearkey' from pid: 153 (/system/bin/servicemanager)
[  235.580763] init: service 'vendor.drm-clearkey-service' requested start, but it is already running (flags: 134)
[  235.636288] init: Control message: Processed ctl.interface_start for 'aidl/android.hardware.drm.IDrmFactory/clearkey' from pid: 153 (/system/bin/servicemanager)
[  235.711648] servicemanager: Caller(pid=3625,uid=1013,sid=u:r:hal_drm_clearkey_aidl:s0) Found android.hardware.drm.IDrmFactory/clearkey in device VINTF manifest.
[  235.752181] BpBinder: onLastStrongRef automatically unlinking death recipients: 
[  235.783507] servicemanager: Notifying android.hardware.drm.IDrmFactory/clearkey they do (previously: don't) have clients when service is guaranteed to be in use
[  236.574780] type=1400 audit(1790705462.728:22): avc:  granted  { read } for  comm="NetworkMonitor/" name="psched" dev="proc" ino=4026532021 scontext=u:r:network_stack:s0 tcontext=u:object_r:proc_net:s0 tclass=file
[  236.630636] type=1400 audit(1790705462.728:23): avc:  granted  { read open } for  comm="NetworkMonitor/" path="/proc/1039/net/psched" dev="proc" ino=4026532021 scontext=u:r:network_stack:s0 tcontext=u:object_r:proc_net:s0 tclass=file
[  236.684840] type=1400 audit(1790705462.728:24): avc:  granted  { getattr } for  comm="NetworkMonitor/" path="/proc/1039/net/psched" dev="proc" ino=4026532021 scontext=u:r:network_stack:s0 tcontext=u:object_r:proc_net:s0 tclass=file
[  237.315679] servicemanager: Notifying android.hardware.drm.IDrmFactory/clearkey they don't (previously: do) have clients when we now have no record of a client
[  237.355061] servicemanager: Caller(pid=3625,uid=1013,sid=u:r:hal_drm_clearkey_aidl:s0) Unregistering android.hardware.drm.IDrmFactory/clearkey
[  237.387048] BpBinder: onLastStrongRef automatically unlinking death recipients: 
[  237.407224] init: Service 'vendor.drm-clearkey-service' (pid 3625) exited with status 0 oneshot service took 3.075000 seconds in background
[  237.450775] init: Sending signal 9 to service 'vendor.drm-clearkey-service' (pid 3625) process group...
[  237.496962] libprocessgroup: Removed cgroup /sys/fs/cgroup/uid_1013/pid_3625
[  240.611256] binder_debug: 2 callbacks suppressed
[  240.611262] binder: undelivered transaction 78805, process died.
[  242.377471] servicemanager: Caller(pid=2090,uid=10145,sid=u:r:untrusted_app:s0:c145,c256,c512,c768) Since 'android.hardware.drm.IDrmFactory/clearkey' could not be found trying to start it as a lazy AIDL service. (if it's not configured to be a lazy service, it may be stuck starting or still starting).
[  242.519105] init: starting service 'vendor.drm-clearkey-service'...
[  243.241280] init: ... started service 'vendor.drm-clearkey-service' has pid 3714
[  243.292015] init: Control message: Processed ctl.interface_start for 'aidl/android.hardware.drm.IDrmFactory/clearkey' from pid: 153 (/system/bin/servicemanager)
[  243.336035] servicemanager: Caller(pid=3714,uid=1013,sid=u:r:hal_drm_clearkey_aidl:s0) Found android.hardware.drm.IDrmFactory/clearkey in device VINTF manifest.
[  243.389491] servicemanager: Notifying android.hardware.drm.IDrmFactory/clearkey they do (previously: don't) have clients when service is guaranteed to be in use
[  243.433999] BpBinder: onLastStrongRef automatically unlinking death recipients: 
[  247.312502] servicemanager: Notifying android.hardware.drm.IDrmFactory/clearkey they don't (previously: do) have clients when we now have no record of a client
[  247.341744] servicemanager: Notifying artd they don't (previously: do) have clients when we now have no record of a client
[  247.372643] servicemanager: Caller(pid=3714,uid=1013,sid=u:r:hal_drm_clearkey_aidl:s0) Unregistering android.hardware.drm.IDrmFactory/clearkey
[  247.408673] BpBinder: onLastStrongRef automatically unlinking death recipients: 
[  247.434418] init: Service 'vendor.drm-clearkey-service' (pid 3714) exited with status 0 oneshot service took 4.850000 seconds in background
[  247.438696] servicemanager: Caller(pid=3049,uid=1082,sid=u:r:artd:s0) Unregistering artd
[  247.478843] BpBinder: onLastStrongRef automatically unlinking death recipients: 
[  247.491894] init: Sending signal 9 to service 'vendor.drm-clearkey-service' (pid 3714) process group...
[  247.531761] libprocessgroup: Removed cgroup /sys/fs/cgroup/uid_1013/pid_3714
[  247.566280] init: Service 'artd' (pid 3049) exited with status 0 oneshot service took 34.021999 seconds in background
[  247.606607] init: Sending signal 9 to service 'artd' (pid 3049) process group...
[  247.630045] libprocessgroup: Removed cgroup /sys/fs/cgroup/uid_1082/pid_3049
[  248.764641] servicemanager: Isolated app with UID 90000 requested 'network_management', but the service is not allowed for isolated apps.
[  248.907777] servicemanager: Isolated app with UID 90000 requested 'connectivity', but the service is not allowed for isolated apps.
[  249.013089] servicemanager: Isolated app with UID 90000 requested 'uimode', but the service is not allowed for isolated apps.
[  249.307008] servicemanager: Isolated app with UID 90000 requested 'content_capture', but the service is not allowed for isolated apps.
[  250.273824] type=1400 audit(1790705476.440:25): avc:  denied  { setattr } for  comm="ThreadPoolForeg" name="LICENSE.txt" dev="dm-46" ino=566147 scontext=u:r:isolated_app:s0:c512,c768 tcontext=u:object_r:app_data_file:s0:c145,c256,c512,c768 tclass=file permissive=0
[  250.352210] type=1400 audit(1790705476.504:26): avc:  denied  { setattr } for  comm="ThreadPoolForeg" name=46696C746572696E672052756C6573 dev="dm-46" ino=566158 scontext=u:r:isolated_app:s0:c512,c768 tcontext=u:object_r:app_data_file:s0:c145,c256,c512,c768 tclass=file permissive=0
[  250.441716] type=1400 audit(1790705476.516:27): avc:  denied  { setattr } for  comm="ThreadPoolForeg" name="manifest.json" dev="dm-46" ino=565474 scontext=u:r:isolated_app:s0:c512,c768 tcontext=u:object_r:app_data_file:s0:c145,c256,c512,c768 tclass=file permissive=0
[  250.499566] type=1400 audit(1790705476.576:28): avc:  denied  { setattr } for  comm="ThreadPoolForeg" name="verified_contents.json" dev="dm-46" ino=566160 scontext=u:r:isolated_app:s0:c512,c768 tcontext=u:object_r:app_data_file:s0:c145,c256,c512,c768 tclass=file permissive=0
[  253.163056] binder: release 3717:3719 transaction 133317 out, still active
[  255.610297] binder: undelivered TRANSACTION_COMPLETE
[  255.622887] binder: undelivered transaction 152786, process died.
[  255.648068] binder: release 3173:3534 transaction 147411 out, still active
[  255.669869] binder: undelivered TRANSACTION_COMPLETE
[  255.686956] binder: undelivered transaction 152805, process died.
[  255.872568] type=1400 audit(1790705482.036:29): avc:  denied  { read } for  comm="binder:3479_1" name="u:object_r:system_adbd_prop:s0" dev="tmpfs" ino=318 scontext=u:r:gmscore_app:s0:c512,c768 tcontext=u:object_r:system_adbd_prop:s0 tclass=file permissive=0 app=com.google.android.gms
[  255.935301] logd: start watching /data/system/packages.list ...
[  255.960758] logd: ReadPackageList, total packages: 217
[  256.002959] type=1400 audit(1790705482.168:30): avc:  denied  { read } for  comm="binder:3479_1" name="u:object_r:adbd_prop:s0" dev="tmpfs" ino=63 scontext=u:r:gmscore_app:s0:c512,c768 tcontext=u:object_r:adbd_prop:s0 tclass=file permissive=0 app=com.google.android.gms
[  259.092469] servicemanager: Caller(pid=3881,uid=1002,sid=u:r:bluetooth:s0) Found android.hardware.bluetooth.IBluetoothHci/default in device VINTF manifest.
[  259.717569] servicemanager: Caller(pid=3881,uid=1002,sid=u:r:bluetooth:s0) Could not find android.hardware.bluetooth.ranging.IBluetoothChannelSounding/default in the VINTF manifest. No alternative instances declared in VINTF.
[  259.801041] servicemanager: Caller(pid=3881,uid=1002,sid=u:r:bluetooth:s0) Could not find android.hardware.bluetooth.ranging.IBluetoothChannelSounding/default in the VINTF manifest. No alternative instances declared in VINTF.
[  260.729161] binder: 3040:3031 reply target not found
[  260.748642] binder: 3031:3040 transaction reply to 0:0 failed 163275/29189/0, size 4-0 line 3273
[  260.773926] binder: send failed reply for transaction 147411, target dead
[  263.964482] servicemanager: Caller(pid=3881,uid=1002,sid=u:r:bluetooth:s0) Found android.hardware.bluetooth.audio.IBluetoothAudioProviderFactory/default in device VINTF manifest.
[  264.071591] servicemanager: Caller(pid=3881,uid=1002,sid=u:r:bluetooth:s0) Found android.hardware.bluetooth.audio.IBluetoothAudioProviderFactory/default in device VINTF manifest.
[  265.912617] servicemanager: Caller(pid=2090,uid=10145,sid=u:r:untrusted_app:s0:c145,c256,c512,c768) Could not find android.hardware.graphics.allocator.IAllocator/default in the VINTF manifest. No alternative instances declared in VINTF.
[  266.821868] servicemanager: Caller(pid=3881,uid=1002,sid=u:r:bluetooth:s0) Found android.hardware.bluetooth.audio.IBluetoothAudioProviderFactory/default in device VINTF manifest.
[  266.888600] servicemanager: Caller(pid=3881,uid=1002,sid=u:r:bluetooth:s0) Found android.hardware.bluetooth.audio.IBluetoothAudioProviderFactory/default in device VINTF manifest.
[  270.050386] servicemanager: Isolated app with UID 90000 requested 'network_management', but the service is not allowed for isolated apps.
[  270.088761] servicemanager: Isolated app with UID 90000 requested 'connectivity', but the service is not allowed for isolated apps.
[  270.147743] servicemanager: Isolated app with UID 90000 requested 'uimode', but the service is not allowed for isolated apps.
[  270.211792] servicemanager: Isolated app with UID 90000 requested 'content_capture', but the service is not allowed for isolated apps.
[  273.142673] type=1400 audit(1790705499.308:31): avc:  denied  { read } for  comm="binder:3479_2" name="u:object_r:system_adbd_prop:s0" dev="tmpfs" ino=318 scontext=u:r:gmscore_app:s0:c512,c768 tcontext=u:object_r:system_adbd_prop:s0 tclass=file permissive=0 app=com.google.android.gms
[  273.247530] type=1400 audit(1790705499.416:32): avc:  denied  { read } for  comm="binder:3479_2" name="u:object_r:adbd_prop:s0" dev="tmpfs" ino=63 scontext=u:r:gmscore_app:s0:c512,c768 tcontext=u:object_r:adbd_prop:s0 tclass=file permissive=0 app=com.google.android.gms
[  273.365786] type=1400 audit(1790705499.532:33): avc:  denied  { read } for  comm="binder:3479_3" name="u:object_r:system_adbd_prop:s0" dev="tmpfs" ino=318 scontext=u:r:gmscore_app:s0:c512,c768 tcontext=u:object_r:system_adbd_prop:s0 tclass=file permissive=0 app=com.google.android.gms
[  273.425194] type=1400 audit(1790705499.592:34): avc:  denied  { read } for  comm="binder:3479_3" name="u:object_r:adbd_prop:s0" dev="tmpfs" ino=63 scontext=u:r:gmscore_app:s0:c512,c768 tcontext=u:object_r:adbd_prop:s0 tclass=file permissive=0 app=com.google.android.gms
[  274.187130] servicemanager: Caller(pid=4083,uid=1002,sid=u:r:bluetooth:s0) Found android.hardware.bluetooth.IBluetoothHci/default in device VINTF manifest.
[  274.511973] servicemanager: Caller(pid=4083,uid=1002,sid=u:r:bluetooth:s0) Could not find android.hardware.bluetooth.ranging.IBluetoothChannelSounding/default in the VINTF manifest. No alternative instances declared in VINTF.
[  274.587057] servicemanager: Caller(pid=4083,uid=1002,sid=u:r:bluetooth:s0) Could not find android.hardware.bluetooth.ranging.IBluetoothChannelSounding/default in the VINTF manifest. No alternative instances declared in VINTF.
[  276.320764] servicemanager: Caller(pid=4083,uid=1002,sid=u:r:bluetooth:s0) Found android.hardware.bluetooth.audio.IBluetoothAudioProviderFactory/default in device VINTF manifest.
[  276.388321] servicemanager: Caller(pid=4083,uid=1002,sid=u:r:bluetooth:s0) Found android.hardware.bluetooth.audio.IBluetoothAudioProviderFactory/default in device VINTF manifest.
[  277.125603] servicemanager: Caller(pid=4083,uid=1002,sid=u:r:bluetooth:s0) Found android.hardware.bluetooth.audio.IBluetoothAudioProviderFactory/default in device VINTF manifest.
[  277.193222] servicemanager: Caller(pid=4083,uid=1002,sid=u:r:bluetooth:s0) Found android.hardware.bluetooth.audio.IBluetoothAudioProviderFactory/default in device VINTF manifest.
[  279.051528] servicemanager: Isolated app with UID 90001 requested 'network_management', but the service is not allowed for isolated apps.
[  279.158205] servicemanager: Isolated app with UID 90001 requested 'connectivity', but the service is not allowed for isolated apps.
[  279.305433] servicemanager: Isolated app with UID 90001 requested 'uimode', but the service is not allowed for isolated apps.
[  279.391844] servicemanager: Isolated app with UID 90001 requested 'content_capture', but the service is not allowed for isolated apps.
[  280.213908] type=1400 audit(1790705506.380:35): avc:  denied  { setattr } for  comm="ThreadPoolForeg" name="cr_en-us_500000_index.bin" dev="dm-46" ino=566221 scontext=u:r:isolated_app:s0:c512,c768 tcontext=u:object_r:app_data_file:s0:c145,c256,c512,c768 tclass=file permissive=0
[  280.293976] type=1400 audit(1790705506.460:36): avc:  denied  { setattr } for  comm="ThreadPoolForeg" name="manifest.json" dev="dm-46" ino=566222 scontext=u:r:isolated_app:s0:c512,c768 tcontext=u:object_r:app_data_file:s0:c145,c256,c512,c768 tclass=file permissive=0
[  280.359522] type=1400 audit(1790705506.524:37): avc:  denied  { setattr } for  comm="ThreadPoolForeg" name="verified_contents.json" dev="dm-46" ino=566227 scontext=u:r:isolated_app:s0:c512,c768 tcontext=u:object_r:app_data_file:s0:c145,c256,c512,c768 tclass=file permissive=0
[  280.591259] binder: undelivered transaction 189217, process died.
[  280.619960] binder: undelivered transaction 189218, process died.
[  280.645182] binder: undelivered transaction 189219, process died.
[  284.967241] binder: 1540:626 reply target not found
[  284.986134] binder: 626:1540 transaction reply to 0:0 failed 196676/29189/0, size 4-0 line 3273
[  285.011173] binder: send failed reply for transaction 133317, target dead
[  291.211355] servicemanager: Isolated app with UID 90002 requested 'network_management', but the service is not allowed for isolated apps.
[  291.312876] servicemanager: Isolated app with UID 90002 requested 'connectivity', but the service is not allowed for isolated apps.
[  291.474808] servicemanager: Isolated app with UID 90002 requested 'uimode', but the service is not allowed for isolated apps.
[  291.619074] servicemanager: Isolated app with UID 90002 requested 'content_capture', but the service is not allowed for isolated apps.
[  291.846260] binder_alloc: 2957: binder_alloc_buf size 1056768 failed, no address space
[  291.865924] binder_alloc: allocated: 3032 (num: 2 largest: 2608), free: 1037352 (num: 1 largest: 1037352)
[  292.032986] binder: cannot allocate buffer: no space left
[  292.032994] binder: 1662:4255 transaction call to 2957:0 failed 204404/29201/-28, size 1056768-0 line 3544
[  292.511820] type=1400 audit(1790705518.680:38): avc:  denied  { setattr } for  comm="ThreadPoolForeg" name="optimization-hints.pb" dev="dm-46" ino=566254 scontext=u:r:isolated_app:s0:c512,c768 tcontext=u:object_r:app_data_file:s0:c145,c256,c512,c768 tclass=file permissive=0
[  292.579429] type=1400 audit(1790705518.724:39): avc:  denied  { setattr } for  comm="ThreadPoolForeg" name="manifest.json" dev="dm-46" ino=566255 scontext=u:r:isolated_app:s0:c512,c768 tcontext=u:object_r:app_data_file:s0:c145,c256,c512,c768 tclass=file permissive=0
[  292.643406] type=1400 audit(1790705518.736:40): avc:  denied  { setattr } for  comm="ThreadPoolForeg" name="verified_contents.json" dev="dm-46" ino=566257 scontext=u:r:isolated_app:s0:c512,c768 tcontext=u:object_r:app_data_file:s0:c145,c256,c512,c768 tclass=file permissive=0
[  292.769615] binder: undelivered transaction 205511, process died.
[  292.791547] binder: undelivered transaction 205512, process died.
[  292.822145] binder: undelivered transaction 205510, process died.
[  293.282379] type=1400 audit(1790705519.448:41): avc:  denied  { read } for  comm="binder:3479_5" name="u:object_r:system_adbd_prop:s0" dev="tmpfs" ino=318 scontext=u:r:gmscore_app:s0:c512,c768 tcontext=u:object_r:system_adbd_prop:s0 tclass=file permissive=0 app=com.google.android.gms
[  293.350558] type=1400 audit(1790705519.508:42): avc:  denied  { read } for  comm="binder:3479_5" name="u:object_r:adbd_prop:s0" dev="tmpfs" ino=63 scontext=u:r:gmscore_app:s0:c512,c768 tcontext=u:object_r:adbd_prop:s0 tclass=file permissive=0 app=com.google.android.gms
[  298.188996] type=1400 audit(1790705524.356:43): avc:  denied  { read } for  comm="binder:3479_5" name="u:object_r:system_adbd_prop:s0" dev="tmpfs" ino=318 scontext=u:r:gmscore_app:s0:c512,c768 tcontext=u:object_r:system_adbd_prop:s0 tclass=file permissive=0 app=com.google.android.gms
[  298.254239] type=1400 audit(1790705524.356:44): avc:  denied  { read } for  comm="binder:3479_5" name="u:object_r:adbd_prop:s0" dev="tmpfs" ino=63 scontext=u:r:gmscore_app:s0:c512,c768 tcontext=u:object_r:adbd_prop:s0 tclass=file permissive=0 app=com.google.android.gms
INFO         | Increasing screen off timeout, logcat buffer size to 2M.
INFO         | IPv4 server found: 1.1.1.1
INFO         | Ignore IPv6 address: 30f0:4af0:2102:0:30f0:4af0:2102:0
INFO         | Ignore IPv6 address: 30f0:4af0:2102:0:30f0:4af0:2102:0
INFO         | Ignore IPv6 address: 30f0:4af0:2102:0:30f0:4af0:2102:0
INFO         | Ignore IPv6 address: 20f6:4af0:2102:0:30f0:4af0:2102:0
INFO         | Ignore IPv6 address: 20f6:4af0:2102:0:30f0:4af0:2102:0
INFO         | Ignore IPv6 address: 20f6:4af0:2102:0:30f0:4af0:2102:0
INFO         | Ignore IPv6 address: 38fc:4af0:2102:0:30f0:4af0:2102:0
INFO         | Ignore IPv6 address: 38fc:4af0:2102:0:30f0:4af0:2102:0
INFO         | Ignore IPv6 address: 38fc:4af0:2102:0:30f0:4af0:2102:0
INFO         | Ignore IPv6 address: 3807:4bf0:2102:0:30f0:4af0:2102:0
INFO         | Ignore IPv6 address: 3807:4bf0:2102:0:30f0:4af0:2102:0
INFO         | Ignore IPv6 address: 3807:4bf0:2102:0:30f0:4af0:2102:0
INFO         | Ignore IPv6 address: 580d:4bf0:2102:0:30f0:4af0:2102:0
INFO         | Ignore IPv6 address: 580d:4bf0:2102:0:30f0:4af0:2102:0
INFO         | Ignore IPv6 address: 580d:4bf0:2102:0:30f0:4af0:2102:0
INFO         | IPv4 server found: 1.1.1.1
INFO         | Ignore IPv6 address: 30f0:4af0:2102:0:30f0:4af0:2102:0
INFO         | Ignore IPv6 address: 30f0:4af0:2102:0:30f0:4af0:2102:0
INFO         | Ignore IPv6 address: 30f0:4af0:2102:0:30f0:4af0:2102:0
INFO         | Ignore IPv6 address: 20f6:4af0:2102:0:30f0:4af0:2102:0
INFO         | Ignore IPv6 address: 20f6:4af0:2102:0:30f0:4af0:2102:0
INFO         | Ignore IPv6 address: 20f6:4af0:2102:0:30f0:4af0:2102:0
INFO         | Ignore IPv6 address: 38fc:4af0:2102:0:30f0:4af0:2102:0
INFO         | Ignore IPv6 address: 38fc:4af0:2102:0:30f0:4af0:2102:0
INFO         | Ignore IPv6 address: 38fc:4af0:2102:0:30f0:4af0:2102:0
INFO         | Ignore IPv6 address: 3807:4bf0:2102:0:30f0:4af0:2102:0
INFO         | Ignore IPv6 address: 3807:4bf0:2102:0:30f0:4af0:2102:0
INFO         | Ignore IPv6 address: 3807:4bf0:2102:0:30f0:4af0:2102:0
INFO         | Ignore IPv6 address: 580d:4bf0:2102:0:30f0:4af0:2102:0
INFO         | Ignore IPv6 address: 580d:4bf0:2102:0:30f0:4af0:2102:0
INFO         | Ignore IPv6 address: 580d:4bf0:2102:0:30f0:4af0:2102:0
INFO         | IPv4 server found: 1.1.1.1
INFO         | Ignore IPv6 address: 30f0:4af0:2102:0:30f0:4af0:2102:0
INFO         | Ignore IPv6 address: 30f0:4af0:2102:0:30f0:4af0:2102:0
INFO         | Ignore IPv6 address: 30f0:4af0:2102:0:30f0:4af0:2102:0
INFO         | Ignore IPv6 address: 20f6:4af0:2102:0:30f0:4af0:2102:0
INFO         | Ignore IPv6 address: 20f6:4af0:2102:0:30f0:4af0:2102:0
INFO         | Ignore IPv6 address: 20f6:4af0:2102:0:30f0:4af0:2102:0
INFO         | Ignore IPv6 address: 38fc:4af0:2102:0:30f0:4af0:2102:0
INFO         | Ignore IPv6 address: 38fc:4af0:2102:0:30f0:4af0:2102:0
INFO         | Ignore IPv6 address: 38fc:4af0:2102:0:30f0:4af0:2102:0
INFO         | Ignore IPv6 address: 3807:4bf0:2102:0:30f0:4af0:2102:0
INFO         | Ignore IPv6 address: 3807:4bf0:2102:0:30f0:4af0:2102:0
INFO         | Ignore IPv6 address: 3807:4bf0:2102:0:30f0:4af0:2102:0
INFO         | Ignore IPv6 address: 580d:4bf0:2102:0:30f0:4af0:2102:0
INFO         | Ignore IPv6 address: 580d:4bf0:2102:0:30f0:4af0:2102:0
INFO         | Ignore IPv6 address: 580d:4bf0:2102:0:30f0:4af0:2102:0
WARNING      | Not saving state: RAM not mapped as shared
INFO         | Wait for emulator (pid 10872) 20 seconds to shutdown gracefully before kill;you can set environment variable ANDROID_EMULATOR_WAIT_TIME_BEFORE_KILL(in seconds) to change the default value (20 seconds)

INFO         | Saving snapshot 'default_boot' using 3 ms
WARNING      | Emulator client has not yet been configured.. Call configure me first!
INFO         | removeAll
WARNING      | Netsim Wifi dns:///localhost:51369 is gone due to Stream removed (CANCELLED)
